query_id,true_species,true_genus,query_type,nj_predicted_species,nj_predicted_genus,nj_ref_species_in_clade,knn_k4_predicted_species,knn_k4_confidence,knn_k4_flagged_unknown,rf_k4_predicted_species,rf_k4_confidence,rf_k4_flagged_unknown,knn_k6_predicted_species,knn_k6_confidence,knn_k6_flagged_unknown,rf_k6_predicted_species,rf_k6_confidence,rf_k6_flagged_unknown
UMAAO073-24,Ceriagrion tenellum,Ceriagrion,known,Ceriagrion tenellum,Ceriagrion,Ceriagrion tenellum,Ceriagrion tenellum,-0.0094,False,Ceriagrion tenellum,0.872,False,Ceriagrion tenellum,-0.0108,False,Ceriagrion tenellum,0.902,False
ODOBP2894-16,Ceriagrion tenellum,Ceriagrion,known,Ceriagrion tenellum,Ceriagrion,Ceriagrion tenellum,Ceriagrion tenellum,-0.0053,False,Ceriagrion tenellum,0.848,False,Ceriagrion tenellum,-0.0065,False,Ceriagrion tenellum,0.922,False
TRDOD016-14,Coenagrion armatum,Coenagrion,known,Coenagrion armatum,Coenagrion,Coenagrion armatum,Coenagrion armatum,-0.004,False,Coenagrion armatum,0.456,True,Coenagrion armatum,-0.0041,False,Coenagrion armatum,0.642,False
ZPLOD189-20,Coenagrion caerulescens,Coenagrion,known,Coenagrion caerulescens,Coenagrion,Coenagrion caerulescens,Coenagrion caerulescens,-0.0157,True,Coenagrion caerulescens,0.498,False,Coenagrion caerulescens,-0.0182,True,Coenagrion caerulescens,0.772,False
ZPLOD192-20,Coenagrion caerulescens,Coenagrion,known,Coenagrion caerulescens,Coenagrion,Coenagrion caerulescens,Coenagrion caerulescens,-0.0151,True,Coenagrion caerulescens,0.542,False,Coenagrion caerulescens,-0.0175,True,Coenagrion caerulescens,0.786,False
ODTRI004-14,Coenagrion hastulatum,Coenagrion,known,Coenagrion hastulatum,Coenagrion,Coenagrion hastulatum,Coenagrion hastulatum,-0.0036,False,Coenagrion hastulatum,0.91,False,Coenagrion hastulatum,-0.0043,False,Coenagrion hastulatum,0.976,False
ODTRI006-14,Coenagrion hastulatum,Coenagrion,known,Coenagrion hastulatum,Coenagrion,Coenagrion hastulatum,Coenagrion hastulatum,-0.0044,False,Coenagrion hastulatum,0.932,False,Coenagrion hastulatum,-0.0049,False,Coenagrion hastulatum,0.956,False
LEFIJ15493-21,Coenagrion hastulatum,Coenagrion,known,Coenagrion hastulatum,Coenagrion,Coenagrion hastulatum,Coenagrion hastulatum,-0.0027,False,Coenagrion hastulatum,0.966,False,Coenagrion hastulatum,-0.0027,False,Coenagrion hastulatum,0.972,False
AODON676-20,Coenagrion hastulatum,Coenagrion,known,Coenagrion hastulatum,Coenagrion,Coenagrion hastulatum,Coenagrion hastulatum,-0.0128,True,Coenagrion hastulatum,0.616,False,Coenagrion hastulatum,-0.0128,True,Coenagrion hastulatum,0.858,False
AODON485-20,Coenagrion hastulatum,Coenagrion,known,Coenagrion hastulatum,Coenagrion,Coenagrion hastulatum,Coenagrion hastulatum,-0.0043,False,Coenagrion hastulatum,0.97,False,Coenagrion hastulatum,-0.0053,False,Coenagrion hastulatum,0.996,False
ZPLOD202-20,Coenagrion hastulatum,Coenagrion,known,Coenagrion hastulatum,Coenagrion,Coenagrion hastulatum,Coenagrion hastulatum,-0.0021,False,Coenagrion hastulatum,0.95,False,Coenagrion hastulatum,-0.0022,False,Coenagrion hastulatum,0.98,False
AODON912-22,Coenagrion hastulatum,Coenagrion,known,Coenagrion hastulatum,Coenagrion,Coenagrion hastulatum,Coenagrion hastulatum,-0.0066,False,Coenagrion hastulatum,0.984,False,Coenagrion hastulatum,-0.0063,False,Coenagrion hastulatum,0.988,False
LEFIJ29508-22,Coenagrion johanssoni,Coenagrion,known,Coenagrion johanssoni,Coenagrion,Coenagrion johanssoni,Coenagrion johanssoni,-0.0245,True,Coenagrion johanssoni,0.188,True,Coenagrion johanssoni,-0.0279,True,Coenagrion johanssoni,0.3,True
ODOBP5327-16,Coenagrion lunulatum,Coenagrion,known,Coenagrion lunulatum,Coenagrion,Coenagrion lunulatum,Coenagrion lunulatum,-0.0031,False,Coenagrion lunulatum,0.808,False,Coenagrion lunulatum,-0.0038,False,Coenagrion lunulatum,0.65,False
GBMIN88583-17,Coenagrion mercuriale,Coenagrion,known,Coenagrion mercuriale,Coenagrion,Coenagrion mercuriale,Coenagrion mercuriale,-0.0021,False,Coenagrion mercuriale,0.982,False,Coenagrion mercuriale,-0.0021,False,Coenagrion mercuriale,0.996,False
FBAQU1429-13,Coenagrion mercuriale,Coenagrion,known,Coenagrion mercuriale,Coenagrion,Coenagrion mercuriale,Coenagrion mercuriale,-0.0079,False,Coenagrion mercuriale,0.468,False,Coenagrion mercuriale,-0.0074,False,Coenagrion mercuriale,0.59,False
AODON667-20,Coenagrion ornatum,Coenagrion,known,ambiguous,Coenagrion,Coenagrion puella;Coenagrion pulchellum,Coenagrion puella,-0.0,False,Coenagrion pulchellum,0.3546,True,Coenagrion puella,-0.0,False,Coenagrion pulchellum,0.4043,True
AODON944-22,Coenagrion ornatum,Coenagrion,known,Coenagrion puella,Coenagrion,Coenagrion puella,Coenagrion puella,-0.0,False,Coenagrion puella,0.8,False,Coenagrion puella,-0.0,False,Coenagrion puella,0.737,False
LEFIJ15497-21,Coenagrion puella,Coenagrion,known,Coenagrion puella,Coenagrion,Coenagrion puella,Coenagrion puella,-0.0051,False,Coenagrion puella,0.667,False,Coenagrion puella,-0.0054,False,Coenagrion puella,0.707,False
GBMIN88590-17,Coenagrion puella,Coenagrion,known,Coenagrion pulchellum,Coenagrion,Coenagrion pulchellum,Coenagrion puella,-0.0057,False,Coenagrion puella,0.496,False,Coenagrion puella,-0.0062,False,Coenagrion puella,0.631,False
GBODO186-18,Coenagrion puella,Coenagrion,known,Coenagrion pulchellum,Coenagrion,Coenagrion pulchellum,Coenagrion puella,-0.0031,False,Coenagrion ornatum,0.603,False,Coenagrion puella,-0.0053,False,Coenagrion ornatum,0.6291,False
AODON902-22,Coenagrion puella,Coenagrion,known,Coenagrion puella,Coenagrion,Coenagrion puella,Coenagrion puella,-0.0062,False,Coenagrion puella,0.6353,False,Coenagrion puella,-0.0063,False,Coenagrion puella,0.6722,False
GODO029-18,Coenagrion puella,Coenagrion,known,ambiguous,Coenagrion,Coenagrion puella;Coenagrion pulchellum,Coenagrion pulchellum,-0.0043,False,Coenagrion ornatum,0.7877,False,Coenagrion pulchellum,-0.0053,False,Coenagrion ornatum,0.8423,False
ODOPL070-19,Coenagrion puella,Coenagrion,known,Coenagrion pulchellum,Coenagrion,Coenagrion pulchellum,Coenagrion puella,-0.0039,False,Coenagrion puella,0.736,False,Coenagrion puella,-0.0039,False,Coenagrion puella,0.776,False
ZPLOD234-20,Coenagrion puella,Coenagrion,known,Coenagrion puella,Coenagrion,Coenagrion puella,Coenagrion pulchellum,-0.0043,False,Coenagrion pulchellum,0.3156,True,Coenagrion pulchellum,-0.0053,False,Coenagrion pulchellum,0.4023,True
GBODO069-18,Coenagrion puella,Coenagrion,known,ambiguous,Coenagrion,Coenagrion ornatum;Coenagrion puella;Coenagrion pulchellum,Coenagrion puella,-0.0015,False,Coenagrion puella,0.6947,False,Coenagrion puella,-0.0015,False,Coenagrion puella,0.5953,False
DTNHM13000-24,Coenagrion puella,Coenagrion,known,Coenagrion puella,Coenagrion,Coenagrion puella,Coenagrion pulchellum,-0.0043,False,Coenagrion ornatum,0.5426,False,Coenagrion pulchellum,-0.0053,False,Coenagrion ornatum,0.6926,False
ODOPL069-19,Coenagrion puella,Coenagrion,known,Coenagrion puella,Coenagrion,Coenagrion puella,Coenagrion puella,-0.0038,False,Coenagrion puella,0.762,False,Coenagrion puella,-0.0039,False,Coenagrion puella,0.778,False
AODON020-20,Coenagrion puella,Coenagrion,known,ambiguous,Coenagrion,Coenagrion ornatum;Coenagrion puella;Coenagrion pulchellum,Coenagrion pulchellum,-0.0,False,Coenagrion ornatum,0.8684,False,Coenagrion ornatum,-0.0,False,Coenagrion ornatum,0.8684,False
GBODO037-18,Coenagrion puella,Coenagrion,known,Coenagrion puella,Coenagrion,Coenagrion puella,Coenagrion pulchellum,-0.0031,False,Coenagrion puella,0.7093,False,Coenagrion pulchellum,-0.0038,False,Coenagrion puella,0.683,False
GBMNA38105-19,Coenagrion puella,Coenagrion,known,Coenagrion puella,Coenagrion,Coenagrion puella,Coenagrion puella,-0.0075,False,Coenagrion puella,0.701,False,Coenagrion puella,-0.0079,False,Coenagrion puella,0.689,False
FBAQU528-10,Coenagrion puella,Coenagrion,known,Coenagrion puella,Coenagrion,Coenagrion puella,Coenagrion puella,-0.0095,False,Coenagrion puella,0.4917,False,Coenagrion puella,-0.0101,False,Coenagrion puella,0.59,False
AODON179-20,Coenagrion puella,Coenagrion,known,Coenagrion puella,Coenagrion,Coenagrion puella,Coenagrion puella,-0.0092,False,Coenagrion puella,0.5173,False,Coenagrion puella,-0.0104,False,Coenagrion puella,0.6363,False
AODON499-20,Coenagrion pulchellum,Coenagrion,known,Coenagrion puella,Coenagrion,Coenagrion puella,Coenagrion puella,-0.0,False,Coenagrion puella,0.728,False,Coenagrion puella,-0.0,False,Coenagrion puella,0.6557,False
ZPLOD262-20,Coenagrion pulchellum,Coenagrion,known,ambiguous,Coenagrion,Coenagrion ornatum;Coenagrion puella;Coenagrion pulchellum,Coenagrion pulchellum,-0.0065,False,Coenagrion pulchellum,0.4369,True,Coenagrion pulchellum,-0.0068,False,Coenagrion pulchellum,0.4115,True
ZPLOD256-20,Coenagrion pulchellum,Coenagrion,known,ambiguous,Coenagrion,Coenagrion ornatum;Coenagrion puella;Coenagrion pulchellum,Coenagrion pulchellum,-0.0048,False,Coenagrion puella,0.384,True,Coenagrion pulchellum,-0.0053,False,Coenagrion pulchellum,0.3865,True
KURS023-21,Coenagrion pulchellum,Coenagrion,known,Coenagrion pulchellum,Coenagrion,Coenagrion pulchellum,Coenagrion pulchellum,-0.0106,False,Coenagrion pulchellum,0.616,False,Coenagrion pulchellum,-0.0096,False,Coenagrion pulchellum,0.6484,False
AODON924-22,Coenagrion pulchellum,Coenagrion,known,Coenagrion puella,Coenagrion,Coenagrion puella,Coenagrion puella,-0.0,False,Coenagrion puella,0.8,False,Coenagrion puella,-0.0,False,Coenagrion puella,0.737,False
ODTRI009-14,Coenagrion pulchellum,Coenagrion,known,Coenagrion pulchellum,Coenagrion,Coenagrion pulchellum,Coenagrion pulchellum,-0.0061,False,Coenagrion pulchellum,0.3904,True,Coenagrion puella,-0.0075,False,Coenagrion pulchellum,0.4343,True
AODON186-20,Coenagrion pulchellum,Coenagrion,known,Coenagrion pulchellum,Coenagrion,Coenagrion pulchellum,Coenagrion pulchellum,-0.0098,False,Coenagrion pulchellum,0.601,False,Coenagrion pulchellum,-0.0097,False,Coenagrion pulchellum,0.8383,False
AODON009-20,Coenagrion pulchellum,Coenagrion,known,ambiguous,Coenagrion,Coenagrion puella;Coenagrion pulchellum,Coenagrion puella,-0.0,False,Coenagrion pulchellum,0.3546,True,Coenagrion puella,-0.0,False,Coenagrion pulchellum,0.4043,True
AODON365-20,Coenagrion pulchellum,Coenagrion,known,Coenagrion pulchellum,Coenagrion,Coenagrion pulchellum,Coenagrion pulchellum,-0.0076,False,Coenagrion pulchellum,0.8117,False,Coenagrion pulchellum,-0.0083,False,Coenagrion pulchellum,0.8565,False
GBEPT903-14,Coenagrion pulchellum,Coenagrion,known,Coenagrion pulchellum,Coenagrion,Coenagrion pulchellum,Coenagrion pulchellum,-0.0057,False,Coenagrion pulchellum,0.821,False,Coenagrion pulchellum,-0.0075,False,Coenagrion pulchellum,0.8043,False
TRSKA2839-20,Coenagrion scitulum,Coenagrion,known,Coenagrion scitulum,Coenagrion,Coenagrion scitulum,Coenagrion scitulum,-0.0049,False,Coenagrion scitulum,0.89,False,Coenagrion scitulum,-0.0058,False,Coenagrion scitulum,0.884,False
TRSKA2848-20,Coenagrion scitulum,Coenagrion,known,Coenagrion scitulum,Coenagrion,Coenagrion scitulum,Coenagrion scitulum,-0.0043,False,Coenagrion scitulum,0.978,False,Coenagrion scitulum,-0.0053,False,Coenagrion scitulum,0.946,False
GBEPT907-14,Coenagrion scitulum,Coenagrion,known,Coenagrion scitulum,Coenagrion,Coenagrion scitulum,Coenagrion scitulum,-0.0043,False,Coenagrion scitulum,0.974,False,Coenagrion scitulum,-0.0053,False,Coenagrion scitulum,0.918,False
TRSKA2100-20,Crocothemis erythraea,Crocothemis,known,Crocothemis erythraea,Crocothemis,Crocothemis erythraea,Crocothemis erythraea,-0.0026,False,Crocothemis erythraea,0.996,False,Crocothemis erythraea,-0.0026,False,Crocothemis erythraea,0.992,False
GBAAW80744-24,Crocothemis erythraea,Crocothemis,known,Crocothemis erythraea,Crocothemis,Crocothemis erythraea,Crocothemis erythraea,-0.0103,False,Crocothemis erythraea,0.9,False,Crocothemis erythraea,-0.0116,False,Crocothemis erythraea,0.912,False
FBAQU312-09,Crocothemis erythraea,Crocothemis,known,Crocothemis erythraea,Crocothemis,Crocothemis erythraea,Crocothemis erythraea,-0.0046,False,Crocothemis erythraea,0.942,False,Crocothemis erythraea,-0.0055,False,Crocothemis erythraea,0.98,False
AODON275-20,Crocothemis erythraea,Crocothemis,known,Crocothemis erythraea,Crocothemis,Crocothemis erythraea,Crocothemis erythraea,-0.0072,False,Crocothemis erythraea,0.916,False,Crocothemis erythraea,-0.0092,False,Crocothemis erythraea,0.946,False
ZPLOD328-20,Crocothemis erythraea,Crocothemis,known,Crocothemis erythraea,Crocothemis,Crocothemis erythraea,Crocothemis erythraea,-0.0015,False,Crocothemis erythraea,1.0,False,Crocothemis erythraea,-0.0015,False,Crocothemis erythraea,0.996,False
ZPLOD331-20,Crocothemis erythraea,Crocothemis,known,Crocothemis erythraea,Crocothemis,Crocothemis erythraea,Crocothemis erythraea,-0.0015,False,Crocothemis erythraea,0.998,False,Crocothemis erythraea,-0.0015,False,Crocothemis erythraea,1.0,False
AODON371-20,Crocothemis erythraea,Crocothemis,known,Crocothemis erythraea,Crocothemis,Crocothemis erythraea,Crocothemis erythraea,-0.0061,False,Crocothemis erythraea,0.952,False,Crocothemis erythraea,-0.0075,False,Crocothemis erythraea,0.962,False
PLSW071-20,Crocothemis erythraea,Crocothemis,known,Crocothemis erythraea,Crocothemis,Crocothemis erythraea,Crocothemis erythraea,-0.0052,False,Crocothemis erythraea,0.932,False,Crocothemis erythraea,-0.0054,False,Crocothemis erythraea,0.966,False
AODON283-20,Enallagma cyathigerum,Enallagma,known,Enallagma cyathigerum,Enallagma,Enallagma cyathigerum,Enallagma cyathigerum,-0.0021,False,Enallagma cyathigerum,0.988,False,Enallagma cyathigerum,-0.0022,False,Enallagma cyathigerum,0.998,False
GBODO096-18,Enallagma cyathigerum,Enallagma,known,Enallagma cyathigerum,Enallagma,Enallagma cyathigerum,Enallagma cyathigerum,-0.0034,False,Enallagma cyathigerum,0.904,False,Enallagma cyathigerum,-0.0041,False,Enallagma cyathigerum,0.932,False
AODON360-20,Enallagma cyathigerum,Enallagma,known,Enallagma cyathigerum,Enallagma,Enallagma cyathigerum,Enallagma cyathigerum,-0.0112,False,Enallagma cyathigerum,0.78,False,Enallagma cyathigerum,-0.012,False,Enallagma cyathigerum,0.948,False
AODON438-20,Enallagma cyathigerum,Enallagma,known,Enallagma cyathigerum,Enallagma,Enallagma cyathigerum,Enallagma cyathigerum,-0.0048,False,Enallagma cyathigerum,0.956,False,Enallagma cyathigerum,-0.0057,False,Enallagma cyathigerum,0.956,False
AODON254-20,Enallagma cyathigerum,Enallagma,known,Enallagma cyathigerum,Enallagma,Enallagma cyathigerum,Enallagma cyathigerum,-0.0021,False,Enallagma cyathigerum,0.968,False,Enallagma cyathigerum,-0.0022,False,Enallagma cyathigerum,0.982,False
HETFI049-11,Enallagma cyathigerum,Enallagma,known,Enallagma cyathigerum,Enallagma,Enallagma cyathigerum,Enallagma cyathigerum,-0.0043,False,Enallagma cyathigerum,0.992,False,Enallagma cyathigerum,-0.0053,False,Enallagma cyathigerum,1.0,False
ODTRI012-14,Enallagma cyathigerum,Enallagma,known,Enallagma cyathigerum,Enallagma,Enallagma cyathigerum,Enallagma cyathigerum,-0.0056,False,Enallagma cyathigerum,0.816,False,Enallagma cyathigerum,-0.005,False,Enallagma cyathigerum,0.916,False
AODON288-20,Enallagma cyathigerum,Enallagma,known,Enallagma cyathigerum,Enallagma,Enallagma cyathigerum,Enallagma cyathigerum,-0.0037,False,Enallagma cyathigerum,0.952,False,Enallagma cyathigerum,-0.0055,False,Enallagma cyathigerum,0.97,False
BGEPL3214-25,Enallagma cyathigerum,Enallagma,known,Enallagma cyathigerum,Enallagma,Enallagma cyathigerum,Enallagma cyathigerum,-0.0021,False,Enallagma cyathigerum,0.99,False,Enallagma cyathigerum,-0.0022,False,Enallagma cyathigerum,1.0,False
AODON149-20,Enallagma cyathigerum,Enallagma,known,Enallagma cyathigerum,Enallagma,Enallagma cyathigerum,Enallagma cyathigerum,-0.0015,False,Enallagma cyathigerum,0.956,False,Enallagma cyathigerum,-0.0015,False,Enallagma cyathigerum,0.984,False
LEFIJ5909-17,Enallagma cyathigerum,Enallagma,known,Enallagma cyathigerum,Enallagma,Enallagma cyathigerum,Enallagma cyathigerum,-0.0016,False,Enallagma cyathigerum,0.986,False,Enallagma cyathigerum,-0.0016,False,Enallagma cyathigerum,0.996,False
ODOPL100-19,Enallagma cyathigerum,Enallagma,known,Enallagma cyathigerum,Enallagma,Enallagma cyathigerum,Enallagma cyathigerum,-0.0039,False,Enallagma cyathigerum,0.898,False,Enallagma cyathigerum,-0.0039,False,Enallagma cyathigerum,0.93,False
LEFIJ7803-18,Enallagma cyathigerum,Enallagma,known,Enallagma cyathigerum,Enallagma,Enallagma cyathigerum,Enallagma cyathigerum,-0.0025,False,Enallagma cyathigerum,0.986,False,Enallagma cyathigerum,-0.0027,False,Enallagma cyathigerum,0.996,False
LEFIJ15502-21,Enallagma cyathigerum,Enallagma,known,Enallagma cyathigerum,Enallagma,Enallagma cyathigerum,Enallagma cyathigerum,-0.0015,False,Enallagma cyathigerum,0.992,False,Enallagma cyathigerum,-0.0015,False,Enallagma cyathigerum,0.998,False
GBODO172-18,Enallagma cyathigerum,Enallagma,known,Enallagma cyathigerum,Enallagma,Enallagma cyathigerum,Enallagma cyathigerum,-0.0043,False,Enallagma cyathigerum,0.992,False,Enallagma cyathigerum,-0.0053,False,Enallagma cyathigerum,0.998,False
FBAQU490-10,Enallagma cyathigerum,Enallagma,known,Enallagma cyathigerum,Enallagma,Enallagma cyathigerum,Enallagma cyathigerum,-0.0094,False,Enallagma cyathigerum,0.88,False,Enallagma cyathigerum,-0.0094,False,Enallagma cyathigerum,0.938,False
TRSKA2661-20,Erythromma lindenii,Erythromma,known,Erythromma lindenii,Erythromma,Erythromma lindenii,Erythromma lindenii,-0.0015,False,Erythromma lindenii,0.946,False,Erythromma lindenii,-0.0015,False,Erythromma lindenii,0.974,False
ZPLOD392-20,Erythromma lindenii,Erythromma,known,Erythromma lindenii,Erythromma,Erythromma lindenii,Erythromma lindenii,-0.0043,False,Erythromma lindenii,0.97,False,Erythromma lindenii,-0.0053,False,Erythromma lindenii,0.96,False
TRSKA2727-20,Erythromma lindenii,Erythromma,known,Erythromma lindenii,Erythromma,Erythromma lindenii,Erythromma lindenii,-0.0022,False,Erythromma lindenii,0.91,False,Erythromma lindenii,-0.0022,False,Erythromma lindenii,0.984,False
FBAQU491-10,Erythromma lindenii,Erythromma,known,Erythromma lindenii,Erythromma,Erythromma lindenii,Erythromma lindenii,-0.006,False,Erythromma lindenii,0.866,False,Erythromma lindenii,-0.007,False,Erythromma lindenii,0.932,False
ODOBP5490-16,Erythromma lindenii,Erythromma,known,Erythromma lindenii,Erythromma,Erythromma lindenii,Erythromma lindenii,-0.0043,False,Erythromma lindenii,0.926,False,Erythromma lindenii,-0.0053,False,Erythromma lindenii,0.986,False
AODON773-20,Erythromma lindenii,Erythromma,known,Erythromma lindenii,Erythromma,Erythromma lindenii,Erythromma lindenii,-0.0015,False,Erythromma lindenii,0.976,False,Erythromma lindenii,-0.0015,False,Erythromma lindenii,0.946,False
ZPLOD823-20,Erythromma lindenii,Erythromma,known,Erythromma lindenii,Erythromma,Erythromma lindenii,Erythromma lindenii,-0.0026,False,Erythromma lindenii,0.802,False,Erythromma lindenii,-0.0027,False,Erythromma lindenii,0.958,False
ZPLOD358-20,Erythromma lindenii,Erythromma,known,Erythromma lindenii,Erythromma,Erythromma lindenii,Erythromma lindenii,-0.0101,False,Erythromma lindenii,0.786,False,Erythromma lindenii,-0.0113,False,Erythromma lindenii,0.846,False
TRSKA2778-20,Erythromma lindenii,Erythromma,known,Erythromma lindenii,Erythromma,Erythromma lindenii,Erythromma lindenii,-0.0021,False,Erythromma lindenii,0.914,False,Erythromma lindenii,-0.0022,False,Erythromma lindenii,0.984,False
ZPLOD366-20,Erythromma lindenii,Erythromma,known,Erythromma lindenii,Erythromma,Erythromma lindenii,Erythromma lindenii,-0.003,False,Erythromma lindenii,0.98,False,Erythromma lindenii,-0.0031,False,Erythromma lindenii,0.994,False
TRSKA2051-20,Erythromma lindenii,Erythromma,known,Erythromma lindenii,Erythromma,Erythromma lindenii,Erythromma lindenii,-0.0043,False,Erythromma lindenii,0.83,False,Erythromma lindenii,-0.0053,False,Erythromma lindenii,0.96,False
TRSKA2053-20,Erythromma lindenii,Erythromma,known,Erythromma lindenii,Erythromma,Erythromma lindenii,Erythromma lindenii,-0.0015,False,Erythromma lindenii,0.992,False,Erythromma lindenii,-0.0015,False,Erythromma lindenii,0.996,False
TRSKA2008-20,Erythromma lindenii,Erythromma,known,Erythromma lindenii,Erythromma,Erythromma lindenii,Erythromma lindenii,-0.0021,False,Erythromma lindenii,0.832,False,Erythromma lindenii,-0.0022,False,Erythromma lindenii,0.958,False
GBMH6702-09,Erythromma najas,Erythromma,known,Erythromma najas,Erythromma,Erythromma najas,Erythromma najas,-0.0046,False,Erythromma najas,0.976,False,Erythromma najas,-0.0057,False,Erythromma najas,0.982,False
ODOPL010-18,Erythromma najas,Erythromma,known,Erythromma najas,Erythromma,Erythromma najas,Erythromma najas,-0.0042,False,Erythromma najas,0.984,False,Erythromma najas,-0.0043,False,Erythromma najas,0.988,False
GBMH3362-07,Erythromma najas,Erythromma,known,Erythromma najas,Erythromma,Erythromma najas,Erythromma najas,-0.0032,False,Erythromma najas,0.986,False,Erythromma najas,-0.004,False,Erythromma najas,0.992,False
AODON618-20,Erythromma najas,Erythromma,known,Erythromma najas,Erythromma,Erythromma najas,Erythromma najas,-0.0062,False,Erythromma najas,0.892,False,Erythromma najas,-0.0059,False,Erythromma najas,0.938,False
LEFIJ15499-21,Erythromma najas,Erythromma,known,Erythromma najas,Erythromma,Erythromma najas,Erythromma najas,-0.0105,False,Erythromma najas,0.686,False,Erythromma najas,-0.0131,True,Erythromma najas,0.784,False
GBMH3421-07,Erythromma najas,Erythromma,known,Erythromma najas,Erythromma,Erythromma najas,Erythromma najas,-0.0046,False,Erythromma najas,0.962,False,Erythromma najas,-0.0057,False,Erythromma najas,0.942,False
AODON049-20,Erythromma najas,Erythromma,known,Erythromma najas,Erythromma,Erythromma najas,Erythromma najas,-0.0047,False,Erythromma najas,0.902,False,Erythromma najas,-0.0056,False,Erythromma najas,0.958,False
AODON617-20,Erythromma najas,Erythromma,known,Erythromma najas,Erythromma,Erythromma najas,Erythromma najas,-0.0137,True,Erythromma najas,0.668,False,Erythromma najas,-0.0161,True,Erythromma najas,0.81,False
FBAQU492-10,Erythromma najas,Erythromma,known,Erythromma najas,Erythromma,Erythromma najas,Erythromma najas,-0.0064,False,Erythromma najas,0.844,False,Erythromma najas,-0.0064,False,Erythromma najas,0.916,False
GBMH3358-07,Erythromma najas,Erythromma,known,Erythromma najas,Erythromma,Erythromma najas,Erythromma najas,-0.0052,False,Erythromma najas,0.946,False,Erythromma najas,-0.0057,False,Erythromma najas,0.988,False
LEFIJ7810-18,Erythromma najas,Erythromma,known,Erythromma najas,Erythromma,Erythromma najas,Erythromma najas,-0.0027,False,Erythromma najas,0.988,False,Erythromma najas,-0.0027,False,Erythromma najas,0.994,False
AODON495-20,Erythromma najas,Erythromma,known,Erythromma najas,Erythromma,Erythromma najas,Erythromma najas,-0.0072,False,Erythromma najas,0.844,False,Erythromma najas,-0.0076,False,Erythromma najas,0.916,False
GBMH3412-07,Erythromma najas,Erythromma,known,Erythromma najas,Erythromma,Erythromma najas,Erythromma najas,-0.0046,False,Erythromma najas,0.956,False,Erythromma najas,-0.0057,False,Erythromma najas,0.988,False
BGEPL3206-25,Erythromma viridulum,Erythromma,known,Erythromma viridulum,Erythromma,Erythromma viridulum,Erythromma viridulum,-0.0057,False,Erythromma viridulum,0.994,False,Erythromma viridulum,-0.0075,False,Erythromma viridulum,0.952,False
TRSKA2677-20,Erythromma viridulum,Erythromma,known,Erythromma viridulum,Erythromma,Erythromma viridulum,Erythromma viridulum,-0.003,False,Erythromma viridulum,0.99,False,Erythromma viridulum,-0.0031,False,Erythromma viridulum,1.0,False
PGCBG7107-20,Erythromma viridulum,Erythromma,known,Erythromma viridulum,Erythromma,Erythromma viridulum,Erythromma viridulum,-0.0043,False,Erythromma viridulum,0.92,False,Erythromma viridulum,-0.0053,False,Erythromma viridulum,0.968,False
AODON392-20,Erythromma viridulum,Erythromma,known,Erythromma viridulum,Erythromma,Erythromma viridulum,Erythromma viridulum,-0.0022,False,Erythromma viridulum,0.932,False,Erythromma viridulum,-0.0022,False,Erythromma viridulum,1.0,False
AODON092-20,Erythromma viridulum,Erythromma,known,Erythromma viridulum,Erythromma,Erythromma viridulum,Erythromma viridulum,-0.0026,False,Erythromma viridulum,0.98,False,Erythromma viridulum,-0.0027,False,Erythromma viridulum,0.976,False
BGEPL3209-25,Erythromma viridulum,Erythromma,known,Erythromma viridulum,Erythromma,Erythromma viridulum,Erythromma viridulum,-0.0043,False,Erythromma viridulum,1.0,False,Erythromma viridulum,-0.0053,False,Erythromma viridulum,1.0,False
TRSKA2693-20,Erythromma viridulum,Erythromma,known,Erythromma viridulum,Erythromma,Erythromma viridulum,Erythromma viridulum,-0.0048,False,Erythromma viridulum,0.88,False,Erythromma viridulum,-0.0058,False,Erythromma viridulum,0.922,False
PLSW076-20,Erythromma viridulum,Erythromma,known,Erythromma viridulum,Erythromma,Erythromma viridulum,Erythromma viridulum,-0.0042,False,Erythromma viridulum,0.896,False,Erythromma viridulum,-0.0042,False,Erythromma viridulum,0.958,False
TRSKA2665-20,Erythromma viridulum,Erythromma,known,Erythromma viridulum,Erythromma,Erythromma viridulum,Erythromma viridulum,-0.0021,False,Erythromma viridulum,0.978,False,Erythromma viridulum,-0.0022,False,Erythromma viridulum,0.976,False
AODON387-20,Erythromma viridulum,Erythromma,known,Erythromma viridulum,Erythromma,Erythromma viridulum,Erythromma viridulum,-0.0057,False,Erythromma viridulum,0.958,False,Erythromma viridulum,-0.0075,False,Erythromma viridulum,0.962,False
ZPLOD431-20,Ischnura elegans,Ischnura,known,Ischnura elegans,Ischnura,Ischnura elegans,Ischnura elegans,-0.0048,False,Ischnura genei,0.546,False,Ischnura elegans,-0.0057,False,Ischnura genei,0.692,False
ODOPL048-19,Ischnura elegans,Ischnura,known,Ischnura elegans,Ischnura,Ischnura elegans,Ischnura elegans,-0.0028,False,Ischnura elegans,0.532,False,Ischnura elegans,-0.0028,False,Ischnura elegans,0.54,False
BCAI157-26,Ischnura elegans,Ischnura,known,Ischnura elegans,Ischnura,Ischnura elegans,Ischnura elegans,-0.0021,False,Ischnura genei,0.562,False,Ischnura elegans,-0.0022,False,Ischnura genei,0.758,False
GBMIX1779-15,Ischnura elegans,Ischnura,known,Ischnura genei,Ischnura,Ischnura genei,Ischnura genei,-0.0,False,Ischnura genei,1.0,False,Ischnura genei,-0.0,False,Ischnura genei,1.0,False
AODON184-20,Ischnura elegans,Ischnura,known,Ischnura elegans,Ischnura,Ischnura elegans,Ischnura elegans,-0.0038,False,Ischnura elegans,0.746,False,Ischnura elegans,-0.0053,False,Ischnura elegans,0.73,False
DTNHM5533-23,Ischnura elegans,Ischnura,known,Ischnura elegans,Ischnura,Ischnura elegans,Ischnura elegans,-0.0045,False,Ischnura elegans,0.79,False,Ischnura elegans,-0.0061,False,Ischnura elegans,0.832,False
AODON868-22,Ischnura elegans,Ischnura,known,Ischnura elegans,Ischnura,Ischnura elegans,Ischnura elegans,-0.0015,False,Ischnura genei,0.53,False,Ischnura elegans,-0.0015,False,Ischnura genei,0.74,False
ODOPL026-19,Ischnura elegans,Ischnura,known,Ischnura elegans,Ischnura,Ischnura elegans,Ischnura elegans,-0.0032,False,Ischnura saharensis,0.526,False,Ischnura elegans,-0.0032,False,Ischnura elegans,0.522,False
GBMNA38097-19,Ischnura elegans,Ischnura,known,Ischnura elegans,Ischnura,Ischnura elegans,Ischnura elegans,-0.0029,False,Ischnura elegans,0.862,False,Ischnura elegans,-0.003,False,Ischnura elegans,0.918,False
ODOPL028-19,Ischnura elegans,Ischnura,known,Ischnura elegans,Ischnura,Ischnura elegans,Ischnura elegans,-0.0042,False,Ischnura saharensis,0.522,False,Ischnura elegans,-0.0035,False,Ischnura saharensis,0.596,False
DTNHM5532-23,Ischnura elegans,Ischnura,known,Ischnura elegans,Ischnura,Ischnura elegans,Ischnura elegans,-0.0038,False,Ischnura elegans,0.904,False,Ischnura elegans,-0.0043,False,Ischnura elegans,0.886,False
GBODO021-18,Ischnura elegans,Ischnura,known,Ischnura elegans,Ischnura,Ischnura elegans,Ischnura elegans,-0.0038,False,Ischnura elegans,0.898,False,Ischnura elegans,-0.0044,False,Ischnura elegans,0.886,False
LEFIJ5910-17,Ischnura elegans,Ischnura,known,Ischnura genei,Ischnura,Ischnura genei,Ischnura genei,-0.0,False,Ischnura genei,1.0,False,Ischnura genei,-0.0,False,Ischnura genei,1.0,False
GBODO061-18,Ischnura elegans,Ischnura,known,Ischnura elegans,Ischnura,Ischnura elegans,Ischnura elegans,-0.0031,False,Ischnura elegans,0.87,False,Ischnura elegans,-0.0038,False,Ischnura elegans,0.888,False
ODOBP5339-16,Ischnura elegans,Ischnura,known,Ischnura elegans,Ischnura,Ischnura elegans,Ischnura elegans,-0.0048,False,Ischnura genei,0.53,False,Ischnura elegans,-0.0057,False,Ischnura genei,0.742,False
AODON784-20,Ischnura elegans,Ischnura,known,ambiguous,Ischnura,Ischnura elegans;Ischnura genei;Ischnura saharensis,Ischnura elegans,-0.0102,False,Ischnura elegans,0.386,True,Ischnura elegans,-0.0119,False,Ischnura elegans,0.466,True
GBMND4311-21,Ischnura elegans,Ischnura,known,Ischnura elegans,Ischnura,Ischnura elegans,Ischnura elegans,-0.0033,False,Ischnura elegans,0.63,False,Ischnura elegans,-0.004,False,Ischnura elegans,0.77,False
LEFIJ15506-21,Ischnura elegans,Ischnura,known,Ischnura elegans,Ischnura,Ischnura elegans,Ischnura elegans,-0.0065,False,Ischnura elegans,0.518,False,Ischnura elegans,-0.0079,False,Ischnura elegans,0.716,False
ZPLOD454-20,Ischnura genei,Ischnura,known,Ischnura genei,Ischnura,Ischnura genei,Ischnura elegans,-0.0043,False,Ischnura genei,0.894,False,Ischnura elegans,-0.0053,False,Ischnura genei,0.98,False
FBAQU496-10,Ischnura pumilio,Ischnura,known,Ischnura pumilio,Ischnura,Ischnura pumilio,Ischnura pumilio,-0.0099,False,Ischnura pumilio,0.654,False,Ischnura pumilio,-0.0101,False,Ischnura pumilio,0.85,False
AODON039-20,Ischnura pumilio,Ischnura,known,Ischnura pumilio,Ischnura,Ischnura pumilio,Ischnura pumilio,-0.0026,False,Ischnura pumilio,0.99,False,Ischnura pumilio,-0.0027,False,Ischnura pumilio,0.996,False
BGEPL3219-25,Ischnura pumilio,Ischnura,known,Ischnura pumilio,Ischnura,Ischnura pumilio,Ischnura pumilio,-0.0033,False,Ischnura pumilio,0.972,False,Ischnura pumilio,-0.0034,False,Ischnura pumilio,0.986,False
GBAAM37383-25,Ischnura saharensis,Ischnura,known,Ischnura elegans,Ischnura,Ischnura elegans,Ischnura elegans,-0.0035,False,Ischnura elegans,0.768,False,Ischnura elegans,-0.0027,False,Ischnura elegans,0.808,False
GBAAW69085-24,Ischnura saharensis,Ischnura,known,Ischnura saharensis,Ischnura,Ischnura saharensis,Ischnura elegans,-0.0049,False,Ischnura saharensis,0.938,False,Ischnura saharensis,-0.0059,False,Ischnura saharensis,0.966,False
AODON681-20,Leucorrhinia caudalis,Leucorrhinia,known,Leucorrhinia caudalis,Leucorrhinia,Leucorrhinia caudalis,Leucorrhinia caudalis,-0.0046,False,Leucorrhinia caudalis,0.888,False,Leucorrhinia caudalis,-0.0055,False,Leucorrhinia caudalis,0.924,False
LEFIJ7816-18,Leucorrhinia dubia,Leucorrhinia,known,Leucorrhinia dubia,Leucorrhinia,Leucorrhinia dubia,Leucorrhinia dubia,-0.0073,False,Leucorrhinia dubia,0.942,False,Leucorrhinia dubia,-0.0083,False,Leucorrhinia dubia,0.952,False
ODOBP5352-16,Leucorrhinia dubia,Leucorrhinia,known,Leucorrhinia dubia,Leucorrhinia,Leucorrhinia dubia,Leucorrhinia dubia,-0.0048,False,Leucorrhinia dubia,0.926,False,Leucorrhinia dubia,-0.0053,False,Leucorrhinia dubia,0.97,False
ODOPL099-19,Leucorrhinia dubia,Leucorrhinia,known,Leucorrhinia dubia,Leucorrhinia,Leucorrhinia dubia,Leucorrhinia dubia,-0.011,False,Leucorrhinia dubia,0.638,False,Leucorrhinia dubia,-0.0126,True,Leucorrhinia dubia,0.884,False
AODON903-22,Leucorrhinia dubia,Leucorrhinia,known,Leucorrhinia dubia,Leucorrhinia,Leucorrhinia dubia,Leucorrhinia dubia,-0.0076,False,Leucorrhinia dubia,0.78,False,Leucorrhinia dubia,-0.0074,False,Leucorrhinia dubia,0.94,False
AODON480-20,Leucorrhinia dubia,Leucorrhinia,known,Leucorrhinia dubia,Leucorrhinia,Leucorrhinia dubia,Leucorrhinia dubia,-0.0072,False,Leucorrhinia dubia,0.782,False,Leucorrhinia dubia,-0.0078,False,Leucorrhinia dubia,0.914,False
DTNHM5774-23,Leucorrhinia dubia,Leucorrhinia,known,Leucorrhinia dubia,Leucorrhinia,Leucorrhinia dubia,Leucorrhinia dubia,-0.011,False,Leucorrhinia dubia,0.7,False,Leucorrhinia dubia,-0.0119,False,Leucorrhinia dubia,0.938,False
PLSW053-20,Leucorrhinia pectoralis,Leucorrhinia,known,Leucorrhinia pectoralis,Leucorrhinia,Leucorrhinia pectoralis,Leucorrhinia pectoralis,-0.003,False,Leucorrhinia pectoralis,0.886,False,Leucorrhinia pectoralis,-0.0038,False,Leucorrhinia pectoralis,0.966,False
ODOPL024-19,Leucorrhinia pectoralis,Leucorrhinia,known,Leucorrhinia pectoralis,Leucorrhinia,Leucorrhinia pectoralis,Leucorrhinia pectoralis,-0.0108,False,Leucorrhinia pectoralis,0.596,False,Leucorrhinia pectoralis,-0.0106,False,Leucorrhinia pectoralis,0.788,False
AODON668-20,Leucorrhinia rubicunda,Leucorrhinia,known,Leucorrhinia rubicunda,Leucorrhinia,Leucorrhinia rubicunda,Leucorrhinia rubicunda,-0.0015,False,Leucorrhinia rubicunda,1.0,False,Leucorrhinia rubicunda,-0.0015,False,Leucorrhinia rubicunda,1.0,False
ZPLOD526-20,Libellula depressa,Libellula,known,Libellula depressa,Libellula,Libellula depressa,Libellula depressa,-0.0043,False,Libellula depressa,0.96,False,Libellula depressa,-0.0053,False,Libellula depressa,0.964,False
PLSW148-20,Libellula depressa,Libellula,known,Libellula depressa,Libellula,Libellula depressa,Libellula depressa,-0.0048,False,Libellula depressa,0.9,False,Libellula depressa,-0.0046,False,Libellula depressa,0.982,False
ANBIO098-19,Libellula depressa,Libellula,known,Libellula depressa,Libellula,Libellula depressa,Libellula depressa,-0.0125,True,Libellula depressa,0.732,False,Libellula depressa,-0.0145,True,Libellula depressa,0.778,False
ZPLOD534-20,Libellula depressa,Libellula,known,Libellula depressa,Libellula,Libellula depressa,Libellula depressa,-0.0052,False,Libellula depressa,0.91,False,Libellula depressa,-0.0065,False,Libellula depressa,0.954,False
PLSW034-20,Libellula fulva,Libellula,known,Libellula fulva,Libellula,Libellula fulva,Libellula fulva,-0.0022,False,Libellula fulva,1.0,False,Libellula fulva,-0.0022,False,Libellula fulva,1.0,False
AODON072-20,Libellula fulva,Libellula,known,Libellula fulva,Libellula,Libellula fulva,Libellula fulva,-0.0022,False,Libellula fulva,0.986,False,Libellula fulva,-0.0022,False,Libellula fulva,0.99,False
AODON515-20,Libellula fulva,Libellula,known,Libellula fulva,Libellula,Libellula fulva,Libellula fulva,-0.0022,False,Libellula fulva,0.99,False,Libellula fulva,-0.0022,False,Libellula fulva,0.99,False
LEFIJ5931-17,Libellula fulva,Libellula,known,Libellula fulva,Libellula,Libellula fulva,Libellula fulva,-0.0054,False,Libellula fulva,0.878,False,Libellula fulva,-0.0056,False,Libellula fulva,0.96,False
AODON482-20,Libellula quadrimaculata,Libellula,known,Libellula quadrimaculata,Libellula,Libellula quadrimaculata,Libellula quadrimaculata,-0.009,False,Libellula quadrimaculata,0.822,False,Libellula quadrimaculata,-0.0091,False,Libellula quadrimaculata,0.93,False
ODOBP5331-16,Libellula quadrimaculata,Libellula,known,Libellula quadrimaculata,Libellula,Libellula quadrimaculata,Libellula quadrimaculata,-0.0053,False,Libellula quadrimaculata,0.932,False,Libellula quadrimaculata,-0.0077,False,Libellula quadrimaculata,0.972,False
AODON363-20,Libellula quadrimaculata,Libellula,known,Libellula quadrimaculata,Libellula,Libellula quadrimaculata,Libellula quadrimaculata,-0.0067,False,Libellula quadrimaculata,0.948,False,Libellula quadrimaculata,-0.0083,False,Libellula quadrimaculata,0.954,False
TRDOD003-14,Libellula quadrimaculata,Libellula,known,Libellula quadrimaculata,Libellula,Libellula quadrimaculata,Libellula quadrimaculata,-0.0043,False,Libellula quadrimaculata,0.98,False,Libellula quadrimaculata,-0.0053,False,Libellula quadrimaculata,0.966,False
ODOPL098-19,Libellula quadrimaculata,Libellula,known,Libellula quadrimaculata,Libellula,Libellula quadrimaculata,Libellula quadrimaculata,-0.0032,False,Libellula quadrimaculata,0.898,False,Libellula quadrimaculata,-0.0031,False,Libellula quadrimaculata,0.974,False
AODON613-20,Libellula quadrimaculata,Libellula,known,Libellula quadrimaculata,Libellula,Libellula quadrimaculata,Libellula quadrimaculata,-0.0078,False,Libellula quadrimaculata,0.904,False,Libellula quadrimaculata,-0.0074,False,Libellula quadrimaculata,0.956,False
PLSW031-20,Libellula quadrimaculata,Libellula,known,Libellula quadrimaculata,Libellula,Libellula quadrimaculata,Libellula quadrimaculata,-0.0055,False,Libellula quadrimaculata,0.918,False,Libellula quadrimaculata,-0.0063,False,Libellula quadrimaculata,0.96,False
TRDOD028-14,Libellula quadrimaculata,Libellula,known,Libellula quadrimaculata,Libellula,Libellula quadrimaculata,Libellula quadrimaculata,-0.0043,False,Libellula quadrimaculata,0.954,False,Libellula quadrimaculata,-0.0053,False,Libellula quadrimaculata,0.96,False
DTNHM10238-24,Libellula quadrimaculata,Libellula,known,Libellula quadrimaculata,Libellula,Libellula quadrimaculata,Libellula quadrimaculata,-0.0102,False,Libellula quadrimaculata,0.842,False,Libellula quadrimaculata,-0.0113,False,Libellula quadrimaculata,0.82,False
ZPLOD560-20,Nehalennia speciosa,Nehalennia,known,Nehalennia speciosa,Nehalennia,Nehalennia speciosa,Nehalennia speciosa,-0.006,False,Nehalennia speciosa,0.868,False,Nehalennia speciosa,-0.0068,False,Nehalennia speciosa,0.936,False
AODON718-20,Nehalennia speciosa,Nehalennia,known,Nehalennia speciosa,Nehalennia,Nehalennia speciosa,Nehalennia speciosa,-0.0083,False,Nehalennia speciosa,0.736,False,Nehalennia speciosa,-0.0091,False,Nehalennia speciosa,0.904,False
BGEPL3307-25,Nehalennia speciosa,Nehalennia,known,Nehalennia speciosa,Nehalennia,Nehalennia speciosa,Nehalennia speciosa,-0.0046,False,Nehalennia speciosa,0.922,False,Nehalennia speciosa,-0.0041,False,Nehalennia speciosa,0.966,False
AODON042-20,Orthetrum albistylum,Orthetrum,known,Orthetrum albistylum,Orthetrum,Orthetrum albistylum,Orthetrum albistylum,-0.0042,False,Orthetrum albistylum,0.996,False,Orthetrum albistylum,-0.0043,False,Orthetrum albistylum,0.998,False
EDF010-18,Orthetrum albistylum,Orthetrum,known,Orthetrum albistylum,Orthetrum,Orthetrum albistylum,Orthetrum albistylum,-0.0039,False,Orthetrum albistylum,0.988,False,Orthetrum albistylum,-0.004,False,Orthetrum albistylum,0.99,False
AODON521-20,Orthetrum brunneum,Orthetrum,known,Orthetrum brunneum,Orthetrum,Orthetrum brunneum,Orthetrum brunneum,-0.0098,False,Orthetrum brunneum,0.874,False,Orthetrum brunneum,-0.0093,False,Orthetrum brunneum,0.956,False
AODON217-20,Orthetrum brunneum,Orthetrum,known,Orthetrum brunneum,Orthetrum,Orthetrum brunneum,Orthetrum brunneum,-0.0043,False,Orthetrum brunneum,0.956,False,Orthetrum brunneum,-0.0053,False,Orthetrum brunneum,0.96,False
HUAQM025-20,Orthetrum brunneum,Orthetrum,known,Orthetrum brunneum,Orthetrum,Orthetrum brunneum,Orthetrum brunneum,-0.0015,False,Orthetrum brunneum,1.0,False,Orthetrum brunneum,-0.0015,False,Orthetrum brunneum,1.0,False
ZPLOD609-20,Orthetrum brunneum,Orthetrum,known,Orthetrum brunneum,Orthetrum,Orthetrum brunneum,Orthetrum brunneum,-0.0068,False,Orthetrum brunneum,0.936,False,Orthetrum brunneum,-0.0065,False,Orthetrum brunneum,0.948,False
ODOBP2891-16,Orthetrum cancellatum,Orthetrum,known,Orthetrum cancellatum,Orthetrum,Orthetrum cancellatum,Orthetrum cancellatum,-0.0043,False,Orthetrum cancellatum,0.994,False,Orthetrum cancellatum,-0.0053,False,Orthetrum cancellatum,0.996,False
ODOPL051-19,Orthetrum cancellatum,Orthetrum,known,Orthetrum cancellatum,Orthetrum,Orthetrum cancellatum,Orthetrum cancellatum,-0.0045,False,Orthetrum cancellatum,0.884,False,Orthetrum cancellatum,-0.0039,False,Orthetrum cancellatum,0.926,False
AODON354-20,Orthetrum cancellatum,Orthetrum,known,Orthetrum cancellatum,Orthetrum,Orthetrum cancellatum,Orthetrum cancellatum,-0.0084,False,Orthetrum cancellatum,0.818,False,Orthetrum cancellatum,-0.0097,False,Orthetrum cancellatum,0.94,False
AODON369-20,Orthetrum cancellatum,Orthetrum,known,Orthetrum cancellatum,Orthetrum,Orthetrum cancellatum,Orthetrum cancellatum,-0.0089,False,Orthetrum cancellatum,0.774,False,Orthetrum cancellatum,-0.0103,False,Orthetrum cancellatum,0.924,False
GODO038-18,Orthetrum cancellatum,Orthetrum,known,Orthetrum cancellatum,Orthetrum,Orthetrum cancellatum,Orthetrum cancellatum,-0.0061,False,Orthetrum cancellatum,0.874,False,Orthetrum cancellatum,-0.0075,False,Orthetrum cancellatum,0.94,False
AODON635-20,Orthetrum cancellatum,Orthetrum,known,Orthetrum cancellatum,Orthetrum,Orthetrum cancellatum,Orthetrum cancellatum,-0.0046,False,Orthetrum cancellatum,0.956,False,Orthetrum cancellatum,-0.0055,False,Orthetrum cancellatum,0.962,False
FBAQU505-10,Orthetrum cancellatum,Orthetrum,known,Orthetrum cancellatum,Orthetrum,Orthetrum cancellatum,Orthetrum cancellatum,-0.0041,False,Orthetrum cancellatum,0.886,False,Orthetrum cancellatum,-0.0044,False,Orthetrum cancellatum,0.944,False
GBAAY74681-24,Orthetrum cancellatum,Orthetrum,known,Orthetrum cancellatum,Orthetrum,Orthetrum cancellatum,Orthetrum cancellatum,-0.0043,False,Orthetrum cancellatum,0.906,False,Orthetrum cancellatum,-0.0053,False,Orthetrum cancellatum,0.916,False
ZPLOD613-20,Orthetrum cancellatum,Orthetrum,known,Orthetrum cancellatum,Orthetrum,Orthetrum cancellatum,Orthetrum cancellatum,-0.0043,False,Orthetrum cancellatum,0.886,False,Orthetrum cancellatum,-0.0053,False,Orthetrum cancellatum,0.948,False
GBAAY74684-24,Orthetrum cancellatum,Orthetrum,known,Orthetrum cancellatum,Orthetrum,Orthetrum cancellatum,Orthetrum cancellatum,-0.0043,False,Orthetrum cancellatum,0.928,False,Orthetrum cancellatum,-0.0053,False,Orthetrum cancellatum,0.96,False
AODON636-20,Orthetrum cancellatum,Orthetrum,known,Orthetrum cancellatum,Orthetrum,Orthetrum cancellatum,Orthetrum cancellatum,-0.0063,False,Orthetrum cancellatum,0.816,False,Orthetrum cancellatum,-0.0077,False,Orthetrum cancellatum,0.898,False
TRSKA2115-20,Orthetrum cancellatum,Orthetrum,known,Orthetrum cancellatum,Orthetrum,Orthetrum cancellatum,Orthetrum cancellatum,-0.005,False,Orthetrum cancellatum,0.942,False,Orthetrum cancellatum,-0.0059,False,Orthetrum cancellatum,0.96,False
GBAAY36359-24,Orthetrum coerulescens,Orthetrum,known,Orthetrum coerulescens,Orthetrum,Orthetrum coerulescens,Orthetrum coerulescens,-0.0031,False,Orthetrum coerulescens,0.984,False,Orthetrum coerulescens,-0.0038,False,Orthetrum coerulescens,0.994,False
DTNHM10237-24,Orthetrum coerulescens,Orthetrum,known,Orthetrum coerulescens,Orthetrum,Orthetrum coerulescens,Orthetrum coerulescens,-0.0065,False,Orthetrum coerulescens,0.85,False,Orthetrum coerulescens,-0.0075,False,Orthetrum coerulescens,0.942,False
AODON887-22,Orthetrum coerulescens,Orthetrum,known,Orthetrum coerulescens,Orthetrum,Orthetrum coerulescens,Orthetrum coerulescens,-0.0102,False,Orthetrum coerulescens,0.814,False,Orthetrum coerulescens,-0.0111,False,Orthetrum coerulescens,0.928,False
GBAAY36375-24,Orthetrum coerulescens,Orthetrum,known,Orthetrum coerulescens,Orthetrum,Orthetrum coerulescens,Orthetrum coerulescens,-0.0043,False,Orthetrum coerulescens,0.926,False,Orthetrum coerulescens,-0.0053,False,Orthetrum coerulescens,0.926,False
AODON071-20,Orthetrum coerulescens,Orthetrum,known,Orthetrum coerulescens,Orthetrum,Orthetrum coerulescens,Orthetrum coerulescens,-0.0043,False,Orthetrum coerulescens,0.94,False,Orthetrum coerulescens,-0.0053,False,Orthetrum coerulescens,0.952,False
GBAAX3578-24,Orthetrum coerulescens,Orthetrum,known,Orthetrum coerulescens,Orthetrum,Orthetrum coerulescens,Orthetrum coerulescens,-0.0043,False,Orthetrum coerulescens,0.944,False,Orthetrum coerulescens,-0.0053,False,Orthetrum coerulescens,0.964,False
GBAAW78360-24,Orthetrum coerulescens,Orthetrum,known,Orthetrum coerulescens,Orthetrum,Orthetrum coerulescens,Orthetrum coerulescens,-0.0087,False,Orthetrum coerulescens,0.89,False,Orthetrum coerulescens,-0.0092,False,Orthetrum coerulescens,0.964,False
ZPLOD626-20,Orthetrum coerulescens,Orthetrum,known,Orthetrum coerulescens,Orthetrum,Orthetrum coerulescens,Orthetrum coerulescens,-0.0061,False,Orthetrum coerulescens,0.982,False,Orthetrum coerulescens,-0.0065,False,Orthetrum coerulescens,0.988,False
AODON512-20,Orthetrum coerulescens,Orthetrum,known,Orthetrum coerulescens,Orthetrum,Orthetrum coerulescens,Orthetrum coerulescens,-0.0095,False,Orthetrum coerulescens,0.81,False,Orthetrum coerulescens,-0.0095,False,Orthetrum coerulescens,0.892,False
GBAAY36391-24,Orthetrum coerulescens,Orthetrum,known,Orthetrum coerulescens,Orthetrum,Orthetrum coerulescens,Orthetrum coerulescens,-0.0043,False,Orthetrum coerulescens,0.978,False,Orthetrum coerulescens,-0.0053,False,Orthetrum coerulescens,0.986,False
GBAAY36383-24,Orthetrum coerulescens,Orthetrum,known,Orthetrum coerulescens,Orthetrum,Orthetrum coerulescens,Orthetrum coerulescens,-0.0043,False,Orthetrum coerulescens,0.92,False,Orthetrum coerulescens,-0.0053,False,Orthetrum coerulescens,0.894,False
GBMHO1829-19,Pyrrhosoma elisabethae,Pyrrhosoma,known,Pyrrhosoma elisabethae,Pyrrhosoma,Pyrrhosoma elisabethae,Pyrrhosoma elisabethae,-0.0057,False,Pyrrhosoma elisabethae,0.616,False,Pyrrhosoma elisabethae,-0.0065,False,Pyrrhosoma elisabethae,0.682,False
ARISE3190-26,Pyrrhosoma nymphula,Pyrrhosoma,known,Pyrrhosoma nymphula,Pyrrhosoma,Pyrrhosoma nymphula,Pyrrhosoma nymphula,-0.0015,False,Pyrrhosoma nymphula,0.984,False,Pyrrhosoma nymphula,-0.0015,False,Pyrrhosoma nymphula,1.0,False
GBMIN88636-17,Pyrrhosoma nymphula,Pyrrhosoma,known,Pyrrhosoma nymphula,Pyrrhosoma,Pyrrhosoma nymphula,Pyrrhosoma nymphula,-0.0086,False,Pyrrhosoma nymphula,0.804,False,Pyrrhosoma nymphula,-0.0099,False,Pyrrhosoma nymphula,0.92,False
FBAQU510-10,Pyrrhosoma nymphula,Pyrrhosoma,known,Pyrrhosoma nymphula,Pyrrhosoma,Pyrrhosoma nymphula,Pyrrhosoma nymphula,-0.0046,False,Pyrrhosoma nymphula,0.89,False,Pyrrhosoma nymphula,-0.0049,False,Pyrrhosoma nymphula,0.916,False
AODON348-20,Pyrrhosoma nymphula,Pyrrhosoma,known,Pyrrhosoma nymphula,Pyrrhosoma,Pyrrhosoma nymphula,Pyrrhosoma nymphula,-0.0051,False,Pyrrhosoma nymphula,0.836,False,Pyrrhosoma nymphula,-0.0056,False,Pyrrhosoma nymphula,0.936,False
LEFIJ29497-22,Pyrrhosoma nymphula,Pyrrhosoma,known,Pyrrhosoma nymphula,Pyrrhosoma,Pyrrhosoma nymphula,Pyrrhosoma nymphula,-0.0031,False,Pyrrhosoma nymphula,0.95,False,Pyrrhosoma nymphula,-0.0031,False,Pyrrhosoma nymphula,0.964,False
GBMIN88634-17,Pyrrhosoma nymphula,Pyrrhosoma,known,Pyrrhosoma nymphula,Pyrrhosoma,Pyrrhosoma nymphula,Pyrrhosoma nymphula,-0.0079,False,Pyrrhosoma nymphula,0.626,False,Pyrrhosoma nymphula,-0.0093,False,Pyrrhosoma nymphula,0.728,False
HMYZ137-21,Pyrrhosoma nymphula,Pyrrhosoma,known,Pyrrhosoma nymphula,Pyrrhosoma,Pyrrhosoma nymphula,Pyrrhosoma nymphula,-0.0071,False,Pyrrhosoma nymphula,0.964,False,Pyrrhosoma nymphula,-0.0069,False,Pyrrhosoma nymphula,0.976,False
AODON278-20,Pyrrhosoma nymphula,Pyrrhosoma,known,Pyrrhosoma nymphula,Pyrrhosoma,Pyrrhosoma nymphula,Pyrrhosoma nymphula,-0.0043,False,Pyrrhosoma nymphula,0.984,False,Pyrrhosoma nymphula,-0.0053,False,Pyrrhosoma nymphula,0.994,False
GBAAW56262-24,Pyrrhosoma nymphula,Pyrrhosoma,known,Pyrrhosoma nymphula,Pyrrhosoma,Pyrrhosoma nymphula,Pyrrhosoma nymphula,-0.0034,False,Pyrrhosoma nymphula,0.91,False,Pyrrhosoma nymphula,-0.0035,False,Pyrrhosoma nymphula,0.968,False
FBAQU321-09,Pyrrhosoma nymphula,Pyrrhosoma,known,Pyrrhosoma nymphula,Pyrrhosoma,Pyrrhosoma nymphula,Pyrrhosoma nymphula,-0.0046,False,Pyrrhosoma nymphula,0.968,False,Pyrrhosoma nymphula,-0.0055,False,Pyrrhosoma nymphula,0.994,False
ZPLOD703-20,Selysiothemis nigra,Selysiothemis,known,Selysiothemis nigra,Selysiothemis,Selysiothemis nigra,Selysiothemis nigra,-0.0043,False,Selysiothemis nigra,1.0,False,Selysiothemis nigra,-0.0053,False,Selysiothemis nigra,0.996,False
AODON596-20,Sympetrum danae,Sympetrum,known,Sympetrum danae,Sympetrum,Sympetrum danae,Sympetrum danae,-0.0034,False,Sympetrum danae,0.998,False,Sympetrum danae,-0.0034,False,Sympetrum danae,0.998,False
AODON260-20,Sympetrum danae,Sympetrum,known,Sympetrum danae,Sympetrum,Sympetrum danae,Sympetrum danae,-0.0055,False,Sympetrum danae,0.884,False,Sympetrum danae,-0.0063,False,Sympetrum danae,0.984,False
AODON302-20,Sympetrum danae,Sympetrum,known,Sympetrum danae,Sympetrum,Sympetrum danae,Sympetrum danae,-0.0078,False,Sympetrum danae,0.878,False,Sympetrum danae,-0.0098,False,Sympetrum danae,0.864,False
EDF020-20,Sympetrum depressiusculum,Sympetrum,known,Sympetrum depressiusculum,Sympetrum,Sympetrum depressiusculum,Sympetrum depressiusculum,-0.0015,False,Sympetrum depressiusculum,0.998,False,Sympetrum depressiusculum,-0.0015,False,Sympetrum depressiusculum,1.0,False
LEFIJ29530-22,Sympetrum flaveolum,Sympetrum,known,Sympetrum flaveolum,Sympetrum,Sympetrum flaveolum,Sympetrum flaveolum,-0.0037,False,Sympetrum flaveolum,0.89,False,Sympetrum flaveolum,-0.0038,False,Sympetrum flaveolum,0.952,False
PLSW088-20,Sympetrum fonscolombii,Sympetrum,known,Sympetrum fonscolombii,Sympetrum,Sympetrum fonscolombii,Sympetrum fonscolombii,-0.0015,False,Sympetrum fonscolombii,0.992,False,Sympetrum fonscolombii,-0.0015,False,Sympetrum fonscolombii,0.996,False
AODON689-20,Sympetrum fonscolombii,Sympetrum,known,Sympetrum fonscolombii,Sympetrum,Sympetrum fonscolombii,Sympetrum fonscolombii,-0.0075,False,Sympetrum fonscolombii,0.876,False,Sympetrum fonscolombii,-0.0092,False,Sympetrum fonscolombii,0.918,False
ODOBP3557-16,Sympetrum fonscolombii,Sympetrum,known,Sympetrum fonscolombii,Sympetrum,Sympetrum fonscolombii,Sympetrum fonscolombii,-0.0043,False,Sympetrum fonscolombii,0.992,False,Sympetrum fonscolombii,-0.0053,False,Sympetrum fonscolombii,0.996,False
ZPLOD772-20,Sympetrum meridionale,Sympetrum,known,Sympetrum meridionale,Sympetrum,Sympetrum meridionale,Sympetrum meridionale,-0.0061,False,Sympetrum meridionale,0.848,False,Sympetrum meridionale,-0.0075,False,Sympetrum meridionale,0.906,False
GBEPT950-14,Sympetrum meridionale,Sympetrum,known,Sympetrum meridionale,Sympetrum,Sympetrum meridionale,Sympetrum meridionale,-0.0206,True,Sympetrum meridionale,0.242,True,Sympetrum meridionale,-0.0226,True,Sympetrum meridionale,0.446,True
ODOBP5470-16,Sympetrum meridionale,Sympetrum,known,Sympetrum meridionale,Sympetrum,Sympetrum meridionale,Sympetrum meridionale,-0.0015,False,Sympetrum meridionale,0.982,False,Sympetrum meridionale,-0.0015,False,Sympetrum meridionale,0.982,False
AODON377-20,Sympetrum meridionale,Sympetrum,known,Sympetrum meridionale,Sympetrum,Sympetrum meridionale,Sympetrum meridionale,-0.0043,False,Sympetrum meridionale,0.848,False,Sympetrum meridionale,-0.0053,False,Sympetrum meridionale,0.874,False
ZPLOD781-20,Sympetrum pedemontanum,Sympetrum,known,Sympetrum pedemontanum,Sympetrum,Sympetrum pedemontanum,Sympetrum pedemontanum,-0.0043,False,Sympetrum pedemontanum,0.974,False,Sympetrum pedemontanum,-0.0053,False,Sympetrum pedemontanum,0.97,False
AODON876-22,Sympetrum pedemontanum,Sympetrum,known,Sympetrum pedemontanum,Sympetrum,Sympetrum pedemontanum,Sympetrum pedemontanum,-0.0058,False,Sympetrum pedemontanum,0.94,False,Sympetrum pedemontanum,-0.0058,False,Sympetrum pedemontanum,0.982,False
ODOBP2890-16,Sympetrum sanguineum,Sympetrum,known,Sympetrum sanguineum,Sympetrum,Sympetrum sanguineum,Sympetrum sanguineum,-0.0015,False,Sympetrum sanguineum,0.99,False,Sympetrum sanguineum,-0.0015,False,Sympetrum sanguineum,0.998,False
AODON353-20,Sympetrum sanguineum,Sympetrum,known,Sympetrum sanguineum,Sympetrum,Sympetrum sanguineum,Sympetrum sanguineum,-0.0083,False,Sympetrum sanguineum,0.762,False,Sympetrum sanguineum,-0.0084,False,Sympetrum sanguineum,0.954,False
PLSW067-20,Sympetrum sanguineum,Sympetrum,known,Sympetrum sanguineum,Sympetrum,Sympetrum sanguineum,Sympetrum sanguineum,-0.0087,False,Sympetrum sanguineum,0.882,False,Sympetrum sanguineum,-0.0095,False,Sympetrum sanguineum,0.894,False
AODON875-22,Sympetrum sanguineum,Sympetrum,known,Sympetrum sanguineum,Sympetrum,Sympetrum sanguineum,Sympetrum sanguineum,-0.0045,False,Sympetrum sanguineum,0.978,False,Sympetrum sanguineum,-0.0046,False,Sympetrum sanguineum,0.984,False
ZPLOD783-20,Sympetrum sanguineum,Sympetrum,known,Sympetrum sanguineum,Sympetrum,Sympetrum sanguineum,Sympetrum sanguineum,-0.0075,False,Sympetrum sanguineum,0.936,False,Sympetrum sanguineum,-0.0092,False,Sympetrum sanguineum,0.962,False
AODON112-20,Sympetrum sanguineum,Sympetrum,known,Sympetrum sanguineum,Sympetrum,Sympetrum sanguineum,Sympetrum sanguineum,-0.0046,False,Sympetrum sanguineum,0.974,False,Sympetrum sanguineum,-0.0055,False,Sympetrum sanguineum,0.996,False
AODON539-20,Sympetrum sanguineum,Sympetrum,known,Sympetrum sanguineum,Sympetrum,Sympetrum sanguineum,Sympetrum sanguineum,-0.0068,False,Sympetrum sanguineum,0.97,False,Sympetrum sanguineum,-0.0065,False,Sympetrum sanguineum,0.984,False
TRDOD086-14,Sympetrum striolatum,Sympetrum,known,Sympetrum striolatum,Sympetrum,Sympetrum striolatum,Sympetrum striolatum,-0.0072,False,Sympetrum striolatum,0.926,False,Sympetrum striolatum,-0.0091,False,Sympetrum striolatum,0.926,False
ZPLOD800-20,Sympetrum striolatum,Sympetrum,known,Sympetrum striolatum,Sympetrum,Sympetrum striolatum,Sympetrum striolatum,-0.0043,False,Sympetrum striolatum,0.974,False,Sympetrum striolatum,-0.0053,False,Sympetrum striolatum,0.912,False
AODON637-20,Sympetrum striolatum,Sympetrum,known,Sympetrum striolatum,Sympetrum,Sympetrum striolatum,Sympetrum striolatum,-0.0043,False,Sympetrum striolatum,0.866,False,Sympetrum striolatum,-0.0053,False,Sympetrum striolatum,0.974,False
ANBIO101-19,Sympetrum striolatum,Sympetrum,known,Sympetrum sanguineum,Sympetrum,Sympetrum sanguineum,Sympetrum sanguineum,-0.0083,False,Sympetrum sanguineum,0.816,False,Sympetrum sanguineum,-0.01,False,Sympetrum sanguineum,0.93,False
AODON139-20,Sympetrum striolatum,Sympetrum,known,Sympetrum striolatum,Sympetrum,Sympetrum striolatum,Sympetrum striolatum,-0.004,False,Sympetrum striolatum,0.98,False,Sympetrum striolatum,-0.0051,False,Sympetrum striolatum,0.99,False
AODON629-20,Sympetrum striolatum,Sympetrum,known,Sympetrum striolatum,Sympetrum,Sympetrum striolatum,Sympetrum striolatum,-0.0043,False,Sympetrum striolatum,0.968,False,Sympetrum striolatum,-0.0053,False,Sympetrum striolatum,0.99,False
LEFIJ29531-22,Sympetrum vulgatum,Sympetrum,known,Sympetrum vulgatum,Sympetrum,Sympetrum vulgatum,Sympetrum vulgatum,-0.0067,False,Sympetrum vulgatum,0.904,False,Sympetrum vulgatum,-0.0077,False,Sympetrum vulgatum,0.962,False
AODON879-22,Sympetrum vulgatum,Sympetrum,known,Sympetrum vulgatum,Sympetrum,Sympetrum vulgatum,Sympetrum vulgatum,-0.0046,False,Sympetrum vulgatum,0.994,False,Sympetrum vulgatum,-0.0055,False,Sympetrum vulgatum,0.994,False
GBMHO3213-19,Sympetrum vulgatum,Sympetrum,known,Sympetrum vulgatum,Sympetrum,Sympetrum vulgatum,Sympetrum vulgatum,-0.0041,False,Sympetrum vulgatum,0.902,False,Sympetrum vulgatum,-0.0043,False,Sympetrum vulgatum,0.972,False
AODON272-20,Sympetrum vulgatum,Sympetrum,known,Sympetrum vulgatum,Sympetrum,Sympetrum vulgatum,Sympetrum vulgatum,-0.0061,False,Sympetrum vulgatum,0.962,False,Sympetrum vulgatum,-0.0075,False,Sympetrum vulgatum,0.962,False
AODON379-20,Sympetrum vulgatum,Sympetrum,known,Sympetrum vulgatum,Sympetrum,Sympetrum vulgatum,Sympetrum vulgatum,-0.0075,False,Sympetrum vulgatum,0.916,False,Sympetrum vulgatum,-0.0105,False,Sympetrum vulgatum,0.886,False
PLSW082-20,Sympetrum vulgatum,Sympetrum,known,Sympetrum vulgatum,Sympetrum,Sympetrum vulgatum,Sympetrum vulgatum,-0.0061,False,Sympetrum vulgatum,0.982,False,Sympetrum vulgatum,-0.0075,False,Sympetrum vulgatum,0.98,False
AODON118-20,Sympetrum vulgatum,Sympetrum,known,Sympetrum vulgatum,Sympetrum,Sympetrum vulgatum,Sympetrum vulgatum,-0.0043,False,Sympetrum vulgatum,0.996,False,Sympetrum vulgatum,-0.0053,False,Sympetrum vulgatum,0.996,False
ZPLOD811-20,Trithemis annulata,Trithemis,known,Trithemis annulata,Trithemis,Trithemis annulata,Trithemis annulata,-0.0043,False,Trithemis annulata,0.908,False,Trithemis annulata,-0.0053,False,Trithemis annulata,0.946,False
