model,k,query_id,true_species,predicted_species,confidence,flagged_unknown,predicted_with_unknown,correct
knn,4,ODOBP2894-16,Ceriagrion tenellum,Ceriagrion tenellum,-0.0053,False,Ceriagrion tenellum,True
knn,4,UMAAO073-24,Ceriagrion tenellum,Ceriagrion tenellum,-0.0094,False,Ceriagrion tenellum,True
knn,4,TRDOD016-14,Coenagrion armatum,Coenagrion armatum,-0.004,False,Coenagrion armatum,True
knn,4,ZPLOD189-20,Coenagrion caerulescens,Coenagrion caerulescens,-0.0157,True,unknown,True
knn,4,ZPLOD192-20,Coenagrion caerulescens,Coenagrion caerulescens,-0.0151,True,unknown,True
knn,4,AODON485-20,Coenagrion hastulatum,Coenagrion hastulatum,-0.0043,False,Coenagrion hastulatum,True
knn,4,AODON676-20,Coenagrion hastulatum,Coenagrion hastulatum,-0.0128,True,unknown,True
knn,4,AODON912-22,Coenagrion hastulatum,Coenagrion hastulatum,-0.0066,False,Coenagrion hastulatum,True
knn,4,LEFIJ15493-21,Coenagrion hastulatum,Coenagrion hastulatum,-0.0027,False,Coenagrion hastulatum,True
knn,4,ODTRI004-14,Coenagrion hastulatum,Coenagrion hastulatum,-0.0036,False,Coenagrion hastulatum,True
knn,4,ODTRI006-14,Coenagrion hastulatum,Coenagrion hastulatum,-0.0044,False,Coenagrion hastulatum,True
knn,4,ZPLOD202-20,Coenagrion hastulatum,Coenagrion hastulatum,-0.0021,False,Coenagrion hastulatum,True
knn,4,LEFIJ29508-22,Coenagrion johanssoni,Coenagrion johanssoni,-0.0245,True,unknown,True
knn,4,ODOBP5327-16,Coenagrion lunulatum,Coenagrion lunulatum,-0.0031,False,Coenagrion lunulatum,True
knn,4,FBAQU1429-13,Coenagrion mercuriale,Coenagrion mercuriale,-0.0079,False,Coenagrion mercuriale,True
knn,4,GBMIN88583-17,Coenagrion mercuriale,Coenagrion mercuriale,-0.0021,False,Coenagrion mercuriale,True
knn,4,AODON667-20,Coenagrion ornatum,Coenagrion puella,-0.0,False,Coenagrion puella,False
knn,4,AODON944-22,Coenagrion ornatum,Coenagrion puella,-0.0,False,Coenagrion puella,False
knn,4,AODON020-20,Coenagrion puella,Coenagrion pulchellum,-0.0,False,Coenagrion pulchellum,False
knn,4,AODON179-20,Coenagrion puella,Coenagrion puella,-0.0092,False,Coenagrion puella,True
knn,4,AODON902-22,Coenagrion puella,Coenagrion puella,-0.0062,False,Coenagrion puella,True
knn,4,DTNHM13000-24,Coenagrion puella,Coenagrion pulchellum,-0.0043,False,Coenagrion pulchellum,False
knn,4,FBAQU528-10,Coenagrion puella,Coenagrion puella,-0.0095,False,Coenagrion puella,True
knn,4,GBMIN88590-17,Coenagrion puella,Coenagrion puella,-0.0057,False,Coenagrion puella,True
knn,4,GBMNA38105-19,Coenagrion puella,Coenagrion puella,-0.0075,False,Coenagrion puella,True
knn,4,GBODO037-18,Coenagrion puella,Coenagrion pulchellum,-0.0031,False,Coenagrion pulchellum,False
knn,4,GBODO069-18,Coenagrion puella,Coenagrion puella,-0.0015,False,Coenagrion puella,True
knn,4,GBODO186-18,Coenagrion puella,Coenagrion puella,-0.0031,False,Coenagrion puella,True
knn,4,GODO029-18,Coenagrion puella,Coenagrion pulchellum,-0.0043,False,Coenagrion pulchellum,False
knn,4,LEFIJ15497-21,Coenagrion puella,Coenagrion puella,-0.0051,False,Coenagrion puella,True
knn,4,ODOPL069-19,Coenagrion puella,Coenagrion puella,-0.0038,False,Coenagrion puella,True
knn,4,ODOPL070-19,Coenagrion puella,Coenagrion puella,-0.0039,False,Coenagrion puella,True
knn,4,ZPLOD234-20,Coenagrion puella,Coenagrion pulchellum,-0.0043,False,Coenagrion pulchellum,False
knn,4,AODON009-20,Coenagrion pulchellum,Coenagrion puella,-0.0,False,Coenagrion puella,False
knn,4,AODON186-20,Coenagrion pulchellum,Coenagrion pulchellum,-0.0098,False,Coenagrion pulchellum,True
knn,4,AODON365-20,Coenagrion pulchellum,Coenagrion pulchellum,-0.0076,False,Coenagrion pulchellum,True
knn,4,AODON499-20,Coenagrion pulchellum,Coenagrion puella,-0.0,False,Coenagrion puella,False
knn,4,AODON924-22,Coenagrion pulchellum,Coenagrion puella,-0.0,False,Coenagrion puella,False
knn,4,GBEPT903-14,Coenagrion pulchellum,Coenagrion pulchellum,-0.0057,False,Coenagrion pulchellum,True
knn,4,KURS023-21,Coenagrion pulchellum,Coenagrion pulchellum,-0.0106,False,Coenagrion pulchellum,True
knn,4,ODTRI009-14,Coenagrion pulchellum,Coenagrion pulchellum,-0.0061,False,Coenagrion pulchellum,True
knn,4,ZPLOD256-20,Coenagrion pulchellum,Coenagrion pulchellum,-0.0048,False,Coenagrion pulchellum,True
knn,4,ZPLOD262-20,Coenagrion pulchellum,Coenagrion pulchellum,-0.0065,False,Coenagrion pulchellum,True
knn,4,GBEPT907-14,Coenagrion scitulum,Coenagrion scitulum,-0.0043,False,Coenagrion scitulum,True
knn,4,TRSKA2839-20,Coenagrion scitulum,Coenagrion scitulum,-0.0049,False,Coenagrion scitulum,True
knn,4,TRSKA2848-20,Coenagrion scitulum,Coenagrion scitulum,-0.0043,False,Coenagrion scitulum,True
knn,4,AODON149-20,Enallagma cyathigerum,Enallagma cyathigerum,-0.0015,False,Enallagma cyathigerum,True
knn,4,AODON254-20,Enallagma cyathigerum,Enallagma cyathigerum,-0.0021,False,Enallagma cyathigerum,True
knn,4,AODON283-20,Enallagma cyathigerum,Enallagma cyathigerum,-0.0021,False,Enallagma cyathigerum,True
knn,4,AODON288-20,Enallagma cyathigerum,Enallagma cyathigerum,-0.0037,False,Enallagma cyathigerum,True
knn,4,AODON360-20,Enallagma cyathigerum,Enallagma cyathigerum,-0.0112,False,Enallagma cyathigerum,True
knn,4,AODON438-20,Enallagma cyathigerum,Enallagma cyathigerum,-0.0048,False,Enallagma cyathigerum,True
knn,4,BGEPL3214-25,Enallagma cyathigerum,Enallagma cyathigerum,-0.0021,False,Enallagma cyathigerum,True
knn,4,FBAQU490-10,Enallagma cyathigerum,Enallagma cyathigerum,-0.0094,False,Enallagma cyathigerum,True
knn,4,GBODO096-18,Enallagma cyathigerum,Enallagma cyathigerum,-0.0034,False,Enallagma cyathigerum,True
knn,4,GBODO172-18,Enallagma cyathigerum,Enallagma cyathigerum,-0.0043,False,Enallagma cyathigerum,True
knn,4,HETFI049-11,Enallagma cyathigerum,Enallagma cyathigerum,-0.0043,False,Enallagma cyathigerum,True
knn,4,LEFIJ15502-21,Enallagma cyathigerum,Enallagma cyathigerum,-0.0015,False,Enallagma cyathigerum,True
knn,4,LEFIJ5909-17,Enallagma cyathigerum,Enallagma cyathigerum,-0.0016,False,Enallagma cyathigerum,True
knn,4,LEFIJ7803-18,Enallagma cyathigerum,Enallagma cyathigerum,-0.0025,False,Enallagma cyathigerum,True
knn,4,ODOPL100-19,Enallagma cyathigerum,Enallagma cyathigerum,-0.0039,False,Enallagma cyathigerum,True
knn,4,ODTRI012-14,Enallagma cyathigerum,Enallagma cyathigerum,-0.0056,False,Enallagma cyathigerum,True
knn,4,AODON773-20,Erythromma lindenii,Erythromma lindenii,-0.0015,False,Erythromma lindenii,True
knn,4,FBAQU491-10,Erythromma lindenii,Erythromma lindenii,-0.006,False,Erythromma lindenii,True
knn,4,ODOBP5490-16,Erythromma lindenii,Erythromma lindenii,-0.0043,False,Erythromma lindenii,True
knn,4,TRSKA2008-20,Erythromma lindenii,Erythromma lindenii,-0.0021,False,Erythromma lindenii,True
knn,4,TRSKA2051-20,Erythromma lindenii,Erythromma lindenii,-0.0043,False,Erythromma lindenii,True
knn,4,TRSKA2053-20,Erythromma lindenii,Erythromma lindenii,-0.0015,False,Erythromma lindenii,True
knn,4,TRSKA2661-20,Erythromma lindenii,Erythromma lindenii,-0.0015,False,Erythromma lindenii,True
knn,4,TRSKA2727-20,Erythromma lindenii,Erythromma lindenii,-0.0022,False,Erythromma lindenii,True
knn,4,TRSKA2778-20,Erythromma lindenii,Erythromma lindenii,-0.0021,False,Erythromma lindenii,True
knn,4,ZPLOD358-20,Erythromma lindenii,Erythromma lindenii,-0.0101,False,Erythromma lindenii,True
knn,4,ZPLOD366-20,Erythromma lindenii,Erythromma lindenii,-0.003,False,Erythromma lindenii,True
knn,4,ZPLOD392-20,Erythromma lindenii,Erythromma lindenii,-0.0043,False,Erythromma lindenii,True
knn,4,ZPLOD823-20,Erythromma lindenii,Erythromma lindenii,-0.0026,False,Erythromma lindenii,True
knn,4,AODON049-20,Erythromma najas,Erythromma najas,-0.0047,False,Erythromma najas,True
knn,4,AODON495-20,Erythromma najas,Erythromma najas,-0.0072,False,Erythromma najas,True
knn,4,AODON617-20,Erythromma najas,Erythromma najas,-0.0137,True,unknown,True
knn,4,AODON618-20,Erythromma najas,Erythromma najas,-0.0062,False,Erythromma najas,True
knn,4,FBAQU492-10,Erythromma najas,Erythromma najas,-0.0064,False,Erythromma najas,True
knn,4,GBMH3358-07,Erythromma najas,Erythromma najas,-0.0052,False,Erythromma najas,True
knn,4,GBMH3362-07,Erythromma najas,Erythromma najas,-0.0032,False,Erythromma najas,True
knn,4,GBMH3412-07,Erythromma najas,Erythromma najas,-0.0046,False,Erythromma najas,True
knn,4,GBMH3421-07,Erythromma najas,Erythromma najas,-0.0046,False,Erythromma najas,True
knn,4,GBMH6702-09,Erythromma najas,Erythromma najas,-0.0046,False,Erythromma najas,True
knn,4,LEFIJ15499-21,Erythromma najas,Erythromma najas,-0.0105,False,Erythromma najas,True
knn,4,LEFIJ7810-18,Erythromma najas,Erythromma najas,-0.0027,False,Erythromma najas,True
knn,4,ODOPL010-18,Erythromma najas,Erythromma najas,-0.0042,False,Erythromma najas,True
knn,4,AODON092-20,Erythromma viridulum,Erythromma viridulum,-0.0026,False,Erythromma viridulum,True
knn,4,AODON387-20,Erythromma viridulum,Erythromma viridulum,-0.0057,False,Erythromma viridulum,True
knn,4,AODON392-20,Erythromma viridulum,Erythromma viridulum,-0.0022,False,Erythromma viridulum,True
knn,4,BGEPL3206-25,Erythromma viridulum,Erythromma viridulum,-0.0057,False,Erythromma viridulum,True
knn,4,BGEPL3209-25,Erythromma viridulum,Erythromma viridulum,-0.0043,False,Erythromma viridulum,True
knn,4,PGCBG7107-20,Erythromma viridulum,Erythromma viridulum,-0.0043,False,Erythromma viridulum,True
knn,4,PLSW076-20,Erythromma viridulum,Erythromma viridulum,-0.0042,False,Erythromma viridulum,True
knn,4,TRSKA2665-20,Erythromma viridulum,Erythromma viridulum,-0.0021,False,Erythromma viridulum,True
knn,4,TRSKA2677-20,Erythromma viridulum,Erythromma viridulum,-0.003,False,Erythromma viridulum,True
knn,4,TRSKA2693-20,Erythromma viridulum,Erythromma viridulum,-0.0048,False,Erythromma viridulum,True
knn,4,AODON184-20,Ischnura elegans,Ischnura elegans,-0.0038,False,Ischnura elegans,True
knn,4,AODON784-20,Ischnura elegans,Ischnura elegans,-0.0102,False,Ischnura elegans,True
knn,4,AODON868-22,Ischnura elegans,Ischnura elegans,-0.0015,False,Ischnura elegans,True
knn,4,BCAI157-26,Ischnura elegans,Ischnura elegans,-0.0021,False,Ischnura elegans,True
knn,4,DTNHM5532-23,Ischnura elegans,Ischnura elegans,-0.0038,False,Ischnura elegans,True
knn,4,DTNHM5533-23,Ischnura elegans,Ischnura elegans,-0.0045,False,Ischnura elegans,True
knn,4,GBMIX1779-15,Ischnura elegans,Ischnura genei,-0.0,False,Ischnura genei,False
knn,4,GBMNA38097-19,Ischnura elegans,Ischnura elegans,-0.0029,False,Ischnura elegans,True
knn,4,GBMND4311-21,Ischnura elegans,Ischnura elegans,-0.0033,False,Ischnura elegans,True
knn,4,GBODO021-18,Ischnura elegans,Ischnura elegans,-0.0038,False,Ischnura elegans,True
knn,4,GBODO061-18,Ischnura elegans,Ischnura elegans,-0.0031,False,Ischnura elegans,True
knn,4,LEFIJ15506-21,Ischnura elegans,Ischnura elegans,-0.0065,False,Ischnura elegans,True
knn,4,LEFIJ5910-17,Ischnura elegans,Ischnura genei,-0.0,False,Ischnura genei,False
knn,4,ODOBP5339-16,Ischnura elegans,Ischnura elegans,-0.0048,False,Ischnura elegans,True
knn,4,ODOPL026-19,Ischnura elegans,Ischnura elegans,-0.0032,False,Ischnura elegans,True
knn,4,ODOPL028-19,Ischnura elegans,Ischnura elegans,-0.0042,False,Ischnura elegans,True
knn,4,ODOPL048-19,Ischnura elegans,Ischnura elegans,-0.0028,False,Ischnura elegans,True
knn,4,ZPLOD431-20,Ischnura elegans,Ischnura elegans,-0.0048,False,Ischnura elegans,True
knn,4,ZPLOD454-20,Ischnura genei,Ischnura elegans,-0.0043,False,Ischnura elegans,False
knn,4,AODON039-20,Ischnura pumilio,Ischnura pumilio,-0.0026,False,Ischnura pumilio,True
knn,4,BGEPL3219-25,Ischnura pumilio,Ischnura pumilio,-0.0033,False,Ischnura pumilio,True
knn,4,FBAQU496-10,Ischnura pumilio,Ischnura pumilio,-0.0099,False,Ischnura pumilio,True
knn,4,GBAAM37383-25,Ischnura saharensis,Ischnura elegans,-0.0035,False,Ischnura elegans,False
knn,4,GBAAW69085-24,Ischnura saharensis,Ischnura elegans,-0.0049,False,Ischnura elegans,False
knn,4,AODON718-20,Nehalennia speciosa,Nehalennia speciosa,-0.0083,False,Nehalennia speciosa,True
knn,4,BGEPL3307-25,Nehalennia speciosa,Nehalennia speciosa,-0.0046,False,Nehalennia speciosa,True
knn,4,ZPLOD560-20,Nehalennia speciosa,Nehalennia speciosa,-0.006,False,Nehalennia speciosa,True
knn,4,GBMHO1829-19,Pyrrhosoma elisabethae,Pyrrhosoma elisabethae,-0.0057,False,Pyrrhosoma elisabethae,True
knn,4,AODON278-20,Pyrrhosoma nymphula,Pyrrhosoma nymphula,-0.0043,False,Pyrrhosoma nymphula,True
knn,4,AODON348-20,Pyrrhosoma nymphula,Pyrrhosoma nymphula,-0.0051,False,Pyrrhosoma nymphula,True
knn,4,ARISE3190-26,Pyrrhosoma nymphula,Pyrrhosoma nymphula,-0.0015,False,Pyrrhosoma nymphula,True
knn,4,FBAQU321-09,Pyrrhosoma nymphula,Pyrrhosoma nymphula,-0.0046,False,Pyrrhosoma nymphula,True
knn,4,FBAQU510-10,Pyrrhosoma nymphula,Pyrrhosoma nymphula,-0.0046,False,Pyrrhosoma nymphula,True
knn,4,GBAAW56262-24,Pyrrhosoma nymphula,Pyrrhosoma nymphula,-0.0034,False,Pyrrhosoma nymphula,True
knn,4,GBMIN88634-17,Pyrrhosoma nymphula,Pyrrhosoma nymphula,-0.0079,False,Pyrrhosoma nymphula,True
knn,4,GBMIN88636-17,Pyrrhosoma nymphula,Pyrrhosoma nymphula,-0.0086,False,Pyrrhosoma nymphula,True
knn,4,HMYZ137-21,Pyrrhosoma nymphula,Pyrrhosoma nymphula,-0.0071,False,Pyrrhosoma nymphula,True
knn,4,LEFIJ29497-22,Pyrrhosoma nymphula,Pyrrhosoma nymphula,-0.0031,False,Pyrrhosoma nymphula,True
knn,4,AODON275-20,Crocothemis erythraea,Crocothemis erythraea,-0.0072,False,Crocothemis erythraea,True
knn,4,AODON371-20,Crocothemis erythraea,Crocothemis erythraea,-0.0061,False,Crocothemis erythraea,True
knn,4,FBAQU312-09,Crocothemis erythraea,Crocothemis erythraea,-0.0046,False,Crocothemis erythraea,True
knn,4,GBAAW80744-24,Crocothemis erythraea,Crocothemis erythraea,-0.0103,False,Crocothemis erythraea,True
knn,4,PLSW071-20,Crocothemis erythraea,Crocothemis erythraea,-0.0052,False,Crocothemis erythraea,True
knn,4,TRSKA2100-20,Crocothemis erythraea,Crocothemis erythraea,-0.0026,False,Crocothemis erythraea,True
knn,4,ZPLOD328-20,Crocothemis erythraea,Crocothemis erythraea,-0.0015,False,Crocothemis erythraea,True
knn,4,ZPLOD331-20,Crocothemis erythraea,Crocothemis erythraea,-0.0015,False,Crocothemis erythraea,True
knn,4,AODON681-20,Leucorrhinia caudalis,Leucorrhinia caudalis,-0.0046,False,Leucorrhinia caudalis,True
knn,4,AODON480-20,Leucorrhinia dubia,Leucorrhinia dubia,-0.0072,False,Leucorrhinia dubia,True
knn,4,AODON903-22,Leucorrhinia dubia,Leucorrhinia dubia,-0.0076,False,Leucorrhinia dubia,True
knn,4,DTNHM5774-23,Leucorrhinia dubia,Leucorrhinia dubia,-0.011,False,Leucorrhinia dubia,True
knn,4,LEFIJ7816-18,Leucorrhinia dubia,Leucorrhinia dubia,-0.0073,False,Leucorrhinia dubia,True
knn,4,ODOBP5352-16,Leucorrhinia dubia,Leucorrhinia dubia,-0.0048,False,Leucorrhinia dubia,True
knn,4,ODOPL099-19,Leucorrhinia dubia,Leucorrhinia dubia,-0.011,False,Leucorrhinia dubia,True
knn,4,ODOPL024-19,Leucorrhinia pectoralis,Leucorrhinia pectoralis,-0.0108,False,Leucorrhinia pectoralis,True
knn,4,PLSW053-20,Leucorrhinia pectoralis,Leucorrhinia pectoralis,-0.003,False,Leucorrhinia pectoralis,True
knn,4,AODON668-20,Leucorrhinia rubicunda,Leucorrhinia rubicunda,-0.0015,False,Leucorrhinia rubicunda,True
knn,4,ANBIO098-19,Libellula depressa,Libellula depressa,-0.0125,True,unknown,True
knn,4,PLSW148-20,Libellula depressa,Libellula depressa,-0.0048,False,Libellula depressa,True
knn,4,ZPLOD526-20,Libellula depressa,Libellula depressa,-0.0043,False,Libellula depressa,True
knn,4,ZPLOD534-20,Libellula depressa,Libellula depressa,-0.0052,False,Libellula depressa,True
knn,4,AODON072-20,Libellula fulva,Libellula fulva,-0.0022,False,Libellula fulva,True
knn,4,AODON515-20,Libellula fulva,Libellula fulva,-0.0022,False,Libellula fulva,True
knn,4,LEFIJ5931-17,Libellula fulva,Libellula fulva,-0.0054,False,Libellula fulva,True
knn,4,PLSW034-20,Libellula fulva,Libellula fulva,-0.0022,False,Libellula fulva,True
knn,4,AODON363-20,Libellula quadrimaculata,Libellula quadrimaculata,-0.0067,False,Libellula quadrimaculata,True
knn,4,AODON482-20,Libellula quadrimaculata,Libellula quadrimaculata,-0.009,False,Libellula quadrimaculata,True
knn,4,AODON613-20,Libellula quadrimaculata,Libellula quadrimaculata,-0.0078,False,Libellula quadrimaculata,True
knn,4,DTNHM10238-24,Libellula quadrimaculata,Libellula quadrimaculata,-0.0102,False,Libellula quadrimaculata,True
knn,4,ODOBP5331-16,Libellula quadrimaculata,Libellula quadrimaculata,-0.0053,False,Libellula quadrimaculata,True
knn,4,ODOPL098-19,Libellula quadrimaculata,Libellula quadrimaculata,-0.0032,False,Libellula quadrimaculata,True
knn,4,PLSW031-20,Libellula quadrimaculata,Libellula quadrimaculata,-0.0055,False,Libellula quadrimaculata,True
knn,4,TRDOD003-14,Libellula quadrimaculata,Libellula quadrimaculata,-0.0043,False,Libellula quadrimaculata,True
knn,4,TRDOD028-14,Libellula quadrimaculata,Libellula quadrimaculata,-0.0043,False,Libellula quadrimaculata,True
knn,4,AODON042-20,Orthetrum albistylum,Orthetrum albistylum,-0.0042,False,Orthetrum albistylum,True
knn,4,EDF010-18,Orthetrum albistylum,Orthetrum albistylum,-0.0039,False,Orthetrum albistylum,True
knn,4,AODON217-20,Orthetrum brunneum,Orthetrum brunneum,-0.0043,False,Orthetrum brunneum,True
knn,4,AODON521-20,Orthetrum brunneum,Orthetrum brunneum,-0.0098,False,Orthetrum brunneum,True
knn,4,HUAQM025-20,Orthetrum brunneum,Orthetrum brunneum,-0.0015,False,Orthetrum brunneum,True
knn,4,ZPLOD609-20,Orthetrum brunneum,Orthetrum brunneum,-0.0068,False,Orthetrum brunneum,True
knn,4,AODON354-20,Orthetrum cancellatum,Orthetrum cancellatum,-0.0084,False,Orthetrum cancellatum,True
knn,4,AODON369-20,Orthetrum cancellatum,Orthetrum cancellatum,-0.0089,False,Orthetrum cancellatum,True
knn,4,AODON635-20,Orthetrum cancellatum,Orthetrum cancellatum,-0.0046,False,Orthetrum cancellatum,True
knn,4,AODON636-20,Orthetrum cancellatum,Orthetrum cancellatum,-0.0063,False,Orthetrum cancellatum,True
knn,4,FBAQU505-10,Orthetrum cancellatum,Orthetrum cancellatum,-0.0041,False,Orthetrum cancellatum,True
knn,4,GBAAY74681-24,Orthetrum cancellatum,Orthetrum cancellatum,-0.0043,False,Orthetrum cancellatum,True
knn,4,GBAAY74684-24,Orthetrum cancellatum,Orthetrum cancellatum,-0.0043,False,Orthetrum cancellatum,True
knn,4,GODO038-18,Orthetrum cancellatum,Orthetrum cancellatum,-0.0061,False,Orthetrum cancellatum,True
knn,4,ODOBP2891-16,Orthetrum cancellatum,Orthetrum cancellatum,-0.0043,False,Orthetrum cancellatum,True
knn,4,ODOPL051-19,Orthetrum cancellatum,Orthetrum cancellatum,-0.0045,False,Orthetrum cancellatum,True
knn,4,TRSKA2115-20,Orthetrum cancellatum,Orthetrum cancellatum,-0.005,False,Orthetrum cancellatum,True
knn,4,ZPLOD613-20,Orthetrum cancellatum,Orthetrum cancellatum,-0.0043,False,Orthetrum cancellatum,True
knn,4,AODON071-20,Orthetrum coerulescens,Orthetrum coerulescens,-0.0043,False,Orthetrum coerulescens,True
knn,4,AODON512-20,Orthetrum coerulescens,Orthetrum coerulescens,-0.0095,False,Orthetrum coerulescens,True
knn,4,AODON887-22,Orthetrum coerulescens,Orthetrum coerulescens,-0.0102,False,Orthetrum coerulescens,True
knn,4,DTNHM10237-24,Orthetrum coerulescens,Orthetrum coerulescens,-0.0065,False,Orthetrum coerulescens,True
knn,4,GBAAW78360-24,Orthetrum coerulescens,Orthetrum coerulescens,-0.0087,False,Orthetrum coerulescens,True
knn,4,GBAAX3578-24,Orthetrum coerulescens,Orthetrum coerulescens,-0.0043,False,Orthetrum coerulescens,True
knn,4,GBAAY36359-24,Orthetrum coerulescens,Orthetrum coerulescens,-0.0031,False,Orthetrum coerulescens,True
knn,4,GBAAY36375-24,Orthetrum coerulescens,Orthetrum coerulescens,-0.0043,False,Orthetrum coerulescens,True
knn,4,GBAAY36383-24,Orthetrum coerulescens,Orthetrum coerulescens,-0.0043,False,Orthetrum coerulescens,True
knn,4,GBAAY36391-24,Orthetrum coerulescens,Orthetrum coerulescens,-0.0043,False,Orthetrum coerulescens,True
knn,4,ZPLOD626-20,Orthetrum coerulescens,Orthetrum coerulescens,-0.0061,False,Orthetrum coerulescens,True
knn,4,ZPLOD703-20,Selysiothemis nigra,Selysiothemis nigra,-0.0043,False,Selysiothemis nigra,True
knn,4,AODON260-20,Sympetrum danae,Sympetrum danae,-0.0055,False,Sympetrum danae,True
knn,4,AODON302-20,Sympetrum danae,Sympetrum danae,-0.0078,False,Sympetrum danae,True
knn,4,AODON596-20,Sympetrum danae,Sympetrum danae,-0.0034,False,Sympetrum danae,True
knn,4,EDF020-20,Sympetrum depressiusculum,Sympetrum depressiusculum,-0.0015,False,Sympetrum depressiusculum,True
knn,4,LEFIJ29530-22,Sympetrum flaveolum,Sympetrum flaveolum,-0.0037,False,Sympetrum flaveolum,True
knn,4,AODON689-20,Sympetrum fonscolombii,Sympetrum fonscolombii,-0.0075,False,Sympetrum fonscolombii,True
knn,4,ODOBP3557-16,Sympetrum fonscolombii,Sympetrum fonscolombii,-0.0043,False,Sympetrum fonscolombii,True
knn,4,PLSW088-20,Sympetrum fonscolombii,Sympetrum fonscolombii,-0.0015,False,Sympetrum fonscolombii,True
knn,4,AODON377-20,Sympetrum meridionale,Sympetrum meridionale,-0.0043,False,Sympetrum meridionale,True
knn,4,GBEPT950-14,Sympetrum meridionale,Sympetrum meridionale,-0.0206,True,unknown,True
knn,4,ODOBP5470-16,Sympetrum meridionale,Sympetrum meridionale,-0.0015,False,Sympetrum meridionale,True
knn,4,ZPLOD772-20,Sympetrum meridionale,Sympetrum meridionale,-0.0061,False,Sympetrum meridionale,True
knn,4,AODON876-22,Sympetrum pedemontanum,Sympetrum pedemontanum,-0.0058,False,Sympetrum pedemontanum,True
knn,4,ZPLOD781-20,Sympetrum pedemontanum,Sympetrum pedemontanum,-0.0043,False,Sympetrum pedemontanum,True
knn,4,AODON112-20,Sympetrum sanguineum,Sympetrum sanguineum,-0.0046,False,Sympetrum sanguineum,True
knn,4,AODON353-20,Sympetrum sanguineum,Sympetrum sanguineum,-0.0083,False,Sympetrum sanguineum,True
knn,4,AODON539-20,Sympetrum sanguineum,Sympetrum sanguineum,-0.0068,False,Sympetrum sanguineum,True
knn,4,AODON875-22,Sympetrum sanguineum,Sympetrum sanguineum,-0.0045,False,Sympetrum sanguineum,True
knn,4,ODOBP2890-16,Sympetrum sanguineum,Sympetrum sanguineum,-0.0015,False,Sympetrum sanguineum,True
knn,4,PLSW067-20,Sympetrum sanguineum,Sympetrum sanguineum,-0.0087,False,Sympetrum sanguineum,True
knn,4,ZPLOD783-20,Sympetrum sanguineum,Sympetrum sanguineum,-0.0075,False,Sympetrum sanguineum,True
knn,4,ANBIO101-19,Sympetrum striolatum,Sympetrum sanguineum,-0.0083,False,Sympetrum sanguineum,False
knn,4,AODON139-20,Sympetrum striolatum,Sympetrum striolatum,-0.004,False,Sympetrum striolatum,True
knn,4,AODON629-20,Sympetrum striolatum,Sympetrum striolatum,-0.0043,False,Sympetrum striolatum,True
knn,4,AODON637-20,Sympetrum striolatum,Sympetrum striolatum,-0.0043,False,Sympetrum striolatum,True
knn,4,TRDOD086-14,Sympetrum striolatum,Sympetrum striolatum,-0.0072,False,Sympetrum striolatum,True
knn,4,ZPLOD800-20,Sympetrum striolatum,Sympetrum striolatum,-0.0043,False,Sympetrum striolatum,True
knn,4,AODON118-20,Sympetrum vulgatum,Sympetrum vulgatum,-0.0043,False,Sympetrum vulgatum,True
knn,4,AODON272-20,Sympetrum vulgatum,Sympetrum vulgatum,-0.0061,False,Sympetrum vulgatum,True
knn,4,AODON379-20,Sympetrum vulgatum,Sympetrum vulgatum,-0.0075,False,Sympetrum vulgatum,True
knn,4,AODON879-22,Sympetrum vulgatum,Sympetrum vulgatum,-0.0046,False,Sympetrum vulgatum,True
knn,4,GBMHO3213-19,Sympetrum vulgatum,Sympetrum vulgatum,-0.0041,False,Sympetrum vulgatum,True
knn,4,LEFIJ29531-22,Sympetrum vulgatum,Sympetrum vulgatum,-0.0067,False,Sympetrum vulgatum,True
knn,4,PLSW082-20,Sympetrum vulgatum,Sympetrum vulgatum,-0.0061,False,Sympetrum vulgatum,True
knn,4,ZPLOD811-20,Trithemis annulata,Trithemis annulata,-0.0043,False,Trithemis annulata,True
rf,4,ODOBP2894-16,Ceriagrion tenellum,Ceriagrion tenellum,0.848,False,Ceriagrion tenellum,True
rf,4,UMAAO073-24,Ceriagrion tenellum,Ceriagrion tenellum,0.872,False,Ceriagrion tenellum,True
rf,4,TRDOD016-14,Coenagrion armatum,Coenagrion armatum,0.456,True,unknown,True
rf,4,ZPLOD189-20,Coenagrion caerulescens,Coenagrion caerulescens,0.498,False,Coenagrion caerulescens,True
rf,4,ZPLOD192-20,Coenagrion caerulescens,Coenagrion caerulescens,0.542,False,Coenagrion caerulescens,True
rf,4,AODON485-20,Coenagrion hastulatum,Coenagrion hastulatum,0.97,False,Coenagrion hastulatum,True
rf,4,AODON676-20,Coenagrion hastulatum,Coenagrion hastulatum,0.616,False,Coenagrion hastulatum,True
rf,4,AODON912-22,Coenagrion hastulatum,Coenagrion hastulatum,0.984,False,Coenagrion hastulatum,True
rf,4,LEFIJ15493-21,Coenagrion hastulatum,Coenagrion hastulatum,0.966,False,Coenagrion hastulatum,True
rf,4,ODTRI004-14,Coenagrion hastulatum,Coenagrion hastulatum,0.91,False,Coenagrion hastulatum,True
rf,4,ODTRI006-14,Coenagrion hastulatum,Coenagrion hastulatum,0.932,False,Coenagrion hastulatum,True
rf,4,ZPLOD202-20,Coenagrion hastulatum,Coenagrion hastulatum,0.95,False,Coenagrion hastulatum,True
rf,4,LEFIJ29508-22,Coenagrion johanssoni,Coenagrion johanssoni,0.188,True,unknown,True
rf,4,ODOBP5327-16,Coenagrion lunulatum,Coenagrion lunulatum,0.808,False,Coenagrion lunulatum,True
rf,4,FBAQU1429-13,Coenagrion mercuriale,Coenagrion mercuriale,0.468,False,Coenagrion mercuriale,True
rf,4,GBMIN88583-17,Coenagrion mercuriale,Coenagrion mercuriale,0.982,False,Coenagrion mercuriale,True
rf,4,AODON667-20,Coenagrion ornatum,Coenagrion pulchellum,0.3546,True,unknown,False
rf,4,AODON944-22,Coenagrion ornatum,Coenagrion puella,0.8,False,Coenagrion puella,False
rf,4,AODON020-20,Coenagrion puella,Coenagrion ornatum,0.8684,False,Coenagrion ornatum,False
rf,4,AODON179-20,Coenagrion puella,Coenagrion puella,0.5173,False,Coenagrion puella,True
rf,4,AODON902-22,Coenagrion puella,Coenagrion puella,0.6353,False,Coenagrion puella,True
rf,4,DTNHM13000-24,Coenagrion puella,Coenagrion ornatum,0.5426,False,Coenagrion ornatum,False
rf,4,FBAQU528-10,Coenagrion puella,Coenagrion puella,0.4917,False,Coenagrion puella,True
rf,4,GBMIN88590-17,Coenagrion puella,Coenagrion puella,0.496,False,Coenagrion puella,True
rf,4,GBMNA38105-19,Coenagrion puella,Coenagrion puella,0.701,False,Coenagrion puella,True
rf,4,GBODO037-18,Coenagrion puella,Coenagrion puella,0.7093,False,Coenagrion puella,True
rf,4,GBODO069-18,Coenagrion puella,Coenagrion puella,0.6947,False,Coenagrion puella,True
rf,4,GBODO186-18,Coenagrion puella,Coenagrion ornatum,0.603,False,Coenagrion ornatum,False
rf,4,GODO029-18,Coenagrion puella,Coenagrion ornatum,0.7877,False,Coenagrion ornatum,False
rf,4,LEFIJ15497-21,Coenagrion puella,Coenagrion puella,0.667,False,Coenagrion puella,True
rf,4,ODOPL069-19,Coenagrion puella,Coenagrion puella,0.762,False,Coenagrion puella,True
rf,4,ODOPL070-19,Coenagrion puella,Coenagrion puella,0.736,False,Coenagrion puella,True
rf,4,ZPLOD234-20,Coenagrion puella,Coenagrion pulchellum,0.3156,True,unknown,False
rf,4,AODON009-20,Coenagrion pulchellum,Coenagrion pulchellum,0.3546,True,unknown,True
rf,4,AODON186-20,Coenagrion pulchellum,Coenagrion pulchellum,0.601,False,Coenagrion pulchellum,True
rf,4,AODON365-20,Coenagrion pulchellum,Coenagrion pulchellum,0.8117,False,Coenagrion pulchellum,True
rf,4,AODON499-20,Coenagrion pulchellum,Coenagrion puella,0.728,False,Coenagrion puella,False
rf,4,AODON924-22,Coenagrion pulchellum,Coenagrion puella,0.8,False,Coenagrion puella,False
rf,4,GBEPT903-14,Coenagrion pulchellum,Coenagrion pulchellum,0.821,False,Coenagrion pulchellum,True
rf,4,KURS023-21,Coenagrion pulchellum,Coenagrion pulchellum,0.616,False,Coenagrion pulchellum,True
rf,4,ODTRI009-14,Coenagrion pulchellum,Coenagrion pulchellum,0.3904,True,unknown,True
rf,4,ZPLOD256-20,Coenagrion pulchellum,Coenagrion puella,0.384,True,unknown,False
rf,4,ZPLOD262-20,Coenagrion pulchellum,Coenagrion pulchellum,0.4369,True,unknown,True
rf,4,GBEPT907-14,Coenagrion scitulum,Coenagrion scitulum,0.974,False,Coenagrion scitulum,True
rf,4,TRSKA2839-20,Coenagrion scitulum,Coenagrion scitulum,0.89,False,Coenagrion scitulum,True
rf,4,TRSKA2848-20,Coenagrion scitulum,Coenagrion scitulum,0.978,False,Coenagrion scitulum,True
rf,4,AODON149-20,Enallagma cyathigerum,Enallagma cyathigerum,0.956,False,Enallagma cyathigerum,True
rf,4,AODON254-20,Enallagma cyathigerum,Enallagma cyathigerum,0.968,False,Enallagma cyathigerum,True
rf,4,AODON283-20,Enallagma cyathigerum,Enallagma cyathigerum,0.988,False,Enallagma cyathigerum,True
rf,4,AODON288-20,Enallagma cyathigerum,Enallagma cyathigerum,0.952,False,Enallagma cyathigerum,True
rf,4,AODON360-20,Enallagma cyathigerum,Enallagma cyathigerum,0.78,False,Enallagma cyathigerum,True
rf,4,AODON438-20,Enallagma cyathigerum,Enallagma cyathigerum,0.956,False,Enallagma cyathigerum,True
rf,4,BGEPL3214-25,Enallagma cyathigerum,Enallagma cyathigerum,0.99,False,Enallagma cyathigerum,True
rf,4,FBAQU490-10,Enallagma cyathigerum,Enallagma cyathigerum,0.88,False,Enallagma cyathigerum,True
rf,4,GBODO096-18,Enallagma cyathigerum,Enallagma cyathigerum,0.904,False,Enallagma cyathigerum,True
rf,4,GBODO172-18,Enallagma cyathigerum,Enallagma cyathigerum,0.992,False,Enallagma cyathigerum,True
rf,4,HETFI049-11,Enallagma cyathigerum,Enallagma cyathigerum,0.992,False,Enallagma cyathigerum,True
rf,4,LEFIJ15502-21,Enallagma cyathigerum,Enallagma cyathigerum,0.992,False,Enallagma cyathigerum,True
rf,4,LEFIJ5909-17,Enallagma cyathigerum,Enallagma cyathigerum,0.986,False,Enallagma cyathigerum,True
rf,4,LEFIJ7803-18,Enallagma cyathigerum,Enallagma cyathigerum,0.986,False,Enallagma cyathigerum,True
rf,4,ODOPL100-19,Enallagma cyathigerum,Enallagma cyathigerum,0.898,False,Enallagma cyathigerum,True
rf,4,ODTRI012-14,Enallagma cyathigerum,Enallagma cyathigerum,0.816,False,Enallagma cyathigerum,True
rf,4,AODON773-20,Erythromma lindenii,Erythromma lindenii,0.976,False,Erythromma lindenii,True
rf,4,FBAQU491-10,Erythromma lindenii,Erythromma lindenii,0.866,False,Erythromma lindenii,True
rf,4,ODOBP5490-16,Erythromma lindenii,Erythromma lindenii,0.926,False,Erythromma lindenii,True
rf,4,TRSKA2008-20,Erythromma lindenii,Erythromma lindenii,0.832,False,Erythromma lindenii,True
rf,4,TRSKA2051-20,Erythromma lindenii,Erythromma lindenii,0.83,False,Erythromma lindenii,True
rf,4,TRSKA2053-20,Erythromma lindenii,Erythromma lindenii,0.992,False,Erythromma lindenii,True
rf,4,TRSKA2661-20,Erythromma lindenii,Erythromma lindenii,0.946,False,Erythromma lindenii,True
rf,4,TRSKA2727-20,Erythromma lindenii,Erythromma lindenii,0.91,False,Erythromma lindenii,True
rf,4,TRSKA2778-20,Erythromma lindenii,Erythromma lindenii,0.914,False,Erythromma lindenii,True
rf,4,ZPLOD358-20,Erythromma lindenii,Erythromma lindenii,0.786,False,Erythromma lindenii,True
rf,4,ZPLOD366-20,Erythromma lindenii,Erythromma lindenii,0.98,False,Erythromma lindenii,True
rf,4,ZPLOD392-20,Erythromma lindenii,Erythromma lindenii,0.97,False,Erythromma lindenii,True
rf,4,ZPLOD823-20,Erythromma lindenii,Erythromma lindenii,0.802,False,Erythromma lindenii,True
rf,4,AODON049-20,Erythromma najas,Erythromma najas,0.902,False,Erythromma najas,True
rf,4,AODON495-20,Erythromma najas,Erythromma najas,0.844,False,Erythromma najas,True
rf,4,AODON617-20,Erythromma najas,Erythromma najas,0.668,False,Erythromma najas,True
rf,4,AODON618-20,Erythromma najas,Erythromma najas,0.892,False,Erythromma najas,True
rf,4,FBAQU492-10,Erythromma najas,Erythromma najas,0.844,False,Erythromma najas,True
rf,4,GBMH3358-07,Erythromma najas,Erythromma najas,0.946,False,Erythromma najas,True
rf,4,GBMH3362-07,Erythromma najas,Erythromma najas,0.986,False,Erythromma najas,True
rf,4,GBMH3412-07,Erythromma najas,Erythromma najas,0.956,False,Erythromma najas,True
rf,4,GBMH3421-07,Erythromma najas,Erythromma najas,0.962,False,Erythromma najas,True
rf,4,GBMH6702-09,Erythromma najas,Erythromma najas,0.976,False,Erythromma najas,True
rf,4,LEFIJ15499-21,Erythromma najas,Erythromma najas,0.686,False,Erythromma najas,True
rf,4,LEFIJ7810-18,Erythromma najas,Erythromma najas,0.988,False,Erythromma najas,True
rf,4,ODOPL010-18,Erythromma najas,Erythromma najas,0.984,False,Erythromma najas,True
rf,4,AODON092-20,Erythromma viridulum,Erythromma viridulum,0.98,False,Erythromma viridulum,True
rf,4,AODON387-20,Erythromma viridulum,Erythromma viridulum,0.958,False,Erythromma viridulum,True
rf,4,AODON392-20,Erythromma viridulum,Erythromma viridulum,0.932,False,Erythromma viridulum,True
rf,4,BGEPL3206-25,Erythromma viridulum,Erythromma viridulum,0.994,False,Erythromma viridulum,True
rf,4,BGEPL3209-25,Erythromma viridulum,Erythromma viridulum,1.0,False,Erythromma viridulum,True
rf,4,PGCBG7107-20,Erythromma viridulum,Erythromma viridulum,0.92,False,Erythromma viridulum,True
rf,4,PLSW076-20,Erythromma viridulum,Erythromma viridulum,0.896,False,Erythromma viridulum,True
rf,4,TRSKA2665-20,Erythromma viridulum,Erythromma viridulum,0.978,False,Erythromma viridulum,True
rf,4,TRSKA2677-20,Erythromma viridulum,Erythromma viridulum,0.99,False,Erythromma viridulum,True
rf,4,TRSKA2693-20,Erythromma viridulum,Erythromma viridulum,0.88,False,Erythromma viridulum,True
rf,4,AODON184-20,Ischnura elegans,Ischnura elegans,0.746,False,Ischnura elegans,True
rf,4,AODON784-20,Ischnura elegans,Ischnura elegans,0.386,True,unknown,True
rf,4,AODON868-22,Ischnura elegans,Ischnura genei,0.53,False,Ischnura genei,False
rf,4,BCAI157-26,Ischnura elegans,Ischnura genei,0.562,False,Ischnura genei,False
rf,4,DTNHM5532-23,Ischnura elegans,Ischnura elegans,0.904,False,Ischnura elegans,True
rf,4,DTNHM5533-23,Ischnura elegans,Ischnura elegans,0.79,False,Ischnura elegans,True
rf,4,GBMIX1779-15,Ischnura elegans,Ischnura genei,1.0,False,Ischnura genei,False
rf,4,GBMNA38097-19,Ischnura elegans,Ischnura elegans,0.862,False,Ischnura elegans,True
rf,4,GBMND4311-21,Ischnura elegans,Ischnura elegans,0.63,False,Ischnura elegans,True
rf,4,GBODO021-18,Ischnura elegans,Ischnura elegans,0.898,False,Ischnura elegans,True
rf,4,GBODO061-18,Ischnura elegans,Ischnura elegans,0.87,False,Ischnura elegans,True
rf,4,LEFIJ15506-21,Ischnura elegans,Ischnura elegans,0.518,False,Ischnura elegans,True
rf,4,LEFIJ5910-17,Ischnura elegans,Ischnura genei,1.0,False,Ischnura genei,False
rf,4,ODOBP5339-16,Ischnura elegans,Ischnura genei,0.53,False,Ischnura genei,False
rf,4,ODOPL026-19,Ischnura elegans,Ischnura saharensis,0.526,False,Ischnura saharensis,False
rf,4,ODOPL028-19,Ischnura elegans,Ischnura saharensis,0.522,False,Ischnura saharensis,False
rf,4,ODOPL048-19,Ischnura elegans,Ischnura elegans,0.532,False,Ischnura elegans,True
rf,4,ZPLOD431-20,Ischnura elegans,Ischnura genei,0.546,False,Ischnura genei,False
rf,4,ZPLOD454-20,Ischnura genei,Ischnura genei,0.894,False,Ischnura genei,True
rf,4,AODON039-20,Ischnura pumilio,Ischnura pumilio,0.99,False,Ischnura pumilio,True
rf,4,BGEPL3219-25,Ischnura pumilio,Ischnura pumilio,0.972,False,Ischnura pumilio,True
rf,4,FBAQU496-10,Ischnura pumilio,Ischnura pumilio,0.654,False,Ischnura pumilio,True
rf,4,GBAAM37383-25,Ischnura saharensis,Ischnura elegans,0.768,False,Ischnura elegans,False
rf,4,GBAAW69085-24,Ischnura saharensis,Ischnura saharensis,0.938,False,Ischnura saharensis,True
rf,4,AODON718-20,Nehalennia speciosa,Nehalennia speciosa,0.736,False,Nehalennia speciosa,True
rf,4,BGEPL3307-25,Nehalennia speciosa,Nehalennia speciosa,0.922,False,Nehalennia speciosa,True
rf,4,ZPLOD560-20,Nehalennia speciosa,Nehalennia speciosa,0.868,False,Nehalennia speciosa,True
rf,4,GBMHO1829-19,Pyrrhosoma elisabethae,Pyrrhosoma elisabethae,0.616,False,Pyrrhosoma elisabethae,True
rf,4,AODON278-20,Pyrrhosoma nymphula,Pyrrhosoma nymphula,0.984,False,Pyrrhosoma nymphula,True
rf,4,AODON348-20,Pyrrhosoma nymphula,Pyrrhosoma nymphula,0.836,False,Pyrrhosoma nymphula,True
rf,4,ARISE3190-26,Pyrrhosoma nymphula,Pyrrhosoma nymphula,0.984,False,Pyrrhosoma nymphula,True
rf,4,FBAQU321-09,Pyrrhosoma nymphula,Pyrrhosoma nymphula,0.968,False,Pyrrhosoma nymphula,True
rf,4,FBAQU510-10,Pyrrhosoma nymphula,Pyrrhosoma nymphula,0.89,False,Pyrrhosoma nymphula,True
rf,4,GBAAW56262-24,Pyrrhosoma nymphula,Pyrrhosoma nymphula,0.91,False,Pyrrhosoma nymphula,True
rf,4,GBMIN88634-17,Pyrrhosoma nymphula,Pyrrhosoma nymphula,0.626,False,Pyrrhosoma nymphula,True
rf,4,GBMIN88636-17,Pyrrhosoma nymphula,Pyrrhosoma nymphula,0.804,False,Pyrrhosoma nymphula,True
rf,4,HMYZ137-21,Pyrrhosoma nymphula,Pyrrhosoma nymphula,0.964,False,Pyrrhosoma nymphula,True
rf,4,LEFIJ29497-22,Pyrrhosoma nymphula,Pyrrhosoma nymphula,0.95,False,Pyrrhosoma nymphula,True
rf,4,AODON275-20,Crocothemis erythraea,Crocothemis erythraea,0.916,False,Crocothemis erythraea,True
rf,4,AODON371-20,Crocothemis erythraea,Crocothemis erythraea,0.952,False,Crocothemis erythraea,True
rf,4,FBAQU312-09,Crocothemis erythraea,Crocothemis erythraea,0.942,False,Crocothemis erythraea,True
rf,4,GBAAW80744-24,Crocothemis erythraea,Crocothemis erythraea,0.9,False,Crocothemis erythraea,True
rf,4,PLSW071-20,Crocothemis erythraea,Crocothemis erythraea,0.932,False,Crocothemis erythraea,True
rf,4,TRSKA2100-20,Crocothemis erythraea,Crocothemis erythraea,0.996,False,Crocothemis erythraea,True
rf,4,ZPLOD328-20,Crocothemis erythraea,Crocothemis erythraea,1.0,False,Crocothemis erythraea,True
rf,4,ZPLOD331-20,Crocothemis erythraea,Crocothemis erythraea,0.998,False,Crocothemis erythraea,True
rf,4,AODON681-20,Leucorrhinia caudalis,Leucorrhinia caudalis,0.888,False,Leucorrhinia caudalis,True
rf,4,AODON480-20,Leucorrhinia dubia,Leucorrhinia dubia,0.782,False,Leucorrhinia dubia,True
rf,4,AODON903-22,Leucorrhinia dubia,Leucorrhinia dubia,0.78,False,Leucorrhinia dubia,True
rf,4,DTNHM5774-23,Leucorrhinia dubia,Leucorrhinia dubia,0.7,False,Leucorrhinia dubia,True
rf,4,LEFIJ7816-18,Leucorrhinia dubia,Leucorrhinia dubia,0.942,False,Leucorrhinia dubia,True
rf,4,ODOBP5352-16,Leucorrhinia dubia,Leucorrhinia dubia,0.926,False,Leucorrhinia dubia,True
rf,4,ODOPL099-19,Leucorrhinia dubia,Leucorrhinia dubia,0.638,False,Leucorrhinia dubia,True
rf,4,ODOPL024-19,Leucorrhinia pectoralis,Leucorrhinia pectoralis,0.596,False,Leucorrhinia pectoralis,True
rf,4,PLSW053-20,Leucorrhinia pectoralis,Leucorrhinia pectoralis,0.886,False,Leucorrhinia pectoralis,True
rf,4,AODON668-20,Leucorrhinia rubicunda,Leucorrhinia rubicunda,1.0,False,Leucorrhinia rubicunda,True
rf,4,ANBIO098-19,Libellula depressa,Libellula depressa,0.732,False,Libellula depressa,True
rf,4,PLSW148-20,Libellula depressa,Libellula depressa,0.9,False,Libellula depressa,True
rf,4,ZPLOD526-20,Libellula depressa,Libellula depressa,0.96,False,Libellula depressa,True
rf,4,ZPLOD534-20,Libellula depressa,Libellula depressa,0.91,False,Libellula depressa,True
rf,4,AODON072-20,Libellula fulva,Libellula fulva,0.986,False,Libellula fulva,True
rf,4,AODON515-20,Libellula fulva,Libellula fulva,0.99,False,Libellula fulva,True
rf,4,LEFIJ5931-17,Libellula fulva,Libellula fulva,0.878,False,Libellula fulva,True
rf,4,PLSW034-20,Libellula fulva,Libellula fulva,1.0,False,Libellula fulva,True
rf,4,AODON363-20,Libellula quadrimaculata,Libellula quadrimaculata,0.948,False,Libellula quadrimaculata,True
rf,4,AODON482-20,Libellula quadrimaculata,Libellula quadrimaculata,0.822,False,Libellula quadrimaculata,True
rf,4,AODON613-20,Libellula quadrimaculata,Libellula quadrimaculata,0.904,False,Libellula quadrimaculata,True
rf,4,DTNHM10238-24,Libellula quadrimaculata,Libellula quadrimaculata,0.842,False,Libellula quadrimaculata,True
rf,4,ODOBP5331-16,Libellula quadrimaculata,Libellula quadrimaculata,0.932,False,Libellula quadrimaculata,True
rf,4,ODOPL098-19,Libellula quadrimaculata,Libellula quadrimaculata,0.898,False,Libellula quadrimaculata,True
rf,4,PLSW031-20,Libellula quadrimaculata,Libellula quadrimaculata,0.918,False,Libellula quadrimaculata,True
rf,4,TRDOD003-14,Libellula quadrimaculata,Libellula quadrimaculata,0.98,False,Libellula quadrimaculata,True
rf,4,TRDOD028-14,Libellula quadrimaculata,Libellula quadrimaculata,0.954,False,Libellula quadrimaculata,True
rf,4,AODON042-20,Orthetrum albistylum,Orthetrum albistylum,0.996,False,Orthetrum albistylum,True
rf,4,EDF010-18,Orthetrum albistylum,Orthetrum albistylum,0.988,False,Orthetrum albistylum,True
rf,4,AODON217-20,Orthetrum brunneum,Orthetrum brunneum,0.956,False,Orthetrum brunneum,True
rf,4,AODON521-20,Orthetrum brunneum,Orthetrum brunneum,0.874,False,Orthetrum brunneum,True
rf,4,HUAQM025-20,Orthetrum brunneum,Orthetrum brunneum,1.0,False,Orthetrum brunneum,True
rf,4,ZPLOD609-20,Orthetrum brunneum,Orthetrum brunneum,0.936,False,Orthetrum brunneum,True
rf,4,AODON354-20,Orthetrum cancellatum,Orthetrum cancellatum,0.818,False,Orthetrum cancellatum,True
rf,4,AODON369-20,Orthetrum cancellatum,Orthetrum cancellatum,0.774,False,Orthetrum cancellatum,True
rf,4,AODON635-20,Orthetrum cancellatum,Orthetrum cancellatum,0.956,False,Orthetrum cancellatum,True
rf,4,AODON636-20,Orthetrum cancellatum,Orthetrum cancellatum,0.816,False,Orthetrum cancellatum,True
rf,4,FBAQU505-10,Orthetrum cancellatum,Orthetrum cancellatum,0.886,False,Orthetrum cancellatum,True
rf,4,GBAAY74681-24,Orthetrum cancellatum,Orthetrum cancellatum,0.906,False,Orthetrum cancellatum,True
rf,4,GBAAY74684-24,Orthetrum cancellatum,Orthetrum cancellatum,0.928,False,Orthetrum cancellatum,True
rf,4,GODO038-18,Orthetrum cancellatum,Orthetrum cancellatum,0.874,False,Orthetrum cancellatum,True
rf,4,ODOBP2891-16,Orthetrum cancellatum,Orthetrum cancellatum,0.994,False,Orthetrum cancellatum,True
rf,4,ODOPL051-19,Orthetrum cancellatum,Orthetrum cancellatum,0.884,False,Orthetrum cancellatum,True
rf,4,TRSKA2115-20,Orthetrum cancellatum,Orthetrum cancellatum,0.942,False,Orthetrum cancellatum,True
rf,4,ZPLOD613-20,Orthetrum cancellatum,Orthetrum cancellatum,0.886,False,Orthetrum cancellatum,True
rf,4,AODON071-20,Orthetrum coerulescens,Orthetrum coerulescens,0.94,False,Orthetrum coerulescens,True
rf,4,AODON512-20,Orthetrum coerulescens,Orthetrum coerulescens,0.81,False,Orthetrum coerulescens,True
rf,4,AODON887-22,Orthetrum coerulescens,Orthetrum coerulescens,0.814,False,Orthetrum coerulescens,True
rf,4,DTNHM10237-24,Orthetrum coerulescens,Orthetrum coerulescens,0.85,False,Orthetrum coerulescens,True
rf,4,GBAAW78360-24,Orthetrum coerulescens,Orthetrum coerulescens,0.89,False,Orthetrum coerulescens,True
rf,4,GBAAX3578-24,Orthetrum coerulescens,Orthetrum coerulescens,0.944,False,Orthetrum coerulescens,True
rf,4,GBAAY36359-24,Orthetrum coerulescens,Orthetrum coerulescens,0.984,False,Orthetrum coerulescens,True
rf,4,GBAAY36375-24,Orthetrum coerulescens,Orthetrum coerulescens,0.926,False,Orthetrum coerulescens,True
rf,4,GBAAY36383-24,Orthetrum coerulescens,Orthetrum coerulescens,0.92,False,Orthetrum coerulescens,True
rf,4,GBAAY36391-24,Orthetrum coerulescens,Orthetrum coerulescens,0.978,False,Orthetrum coerulescens,True
rf,4,ZPLOD626-20,Orthetrum coerulescens,Orthetrum coerulescens,0.982,False,Orthetrum coerulescens,True
rf,4,ZPLOD703-20,Selysiothemis nigra,Selysiothemis nigra,1.0,False,Selysiothemis nigra,True
rf,4,AODON260-20,Sympetrum danae,Sympetrum danae,0.884,False,Sympetrum danae,True
rf,4,AODON302-20,Sympetrum danae,Sympetrum danae,0.878,False,Sympetrum danae,True
rf,4,AODON596-20,Sympetrum danae,Sympetrum danae,0.998,False,Sympetrum danae,True
rf,4,EDF020-20,Sympetrum depressiusculum,Sympetrum depressiusculum,0.998,False,Sympetrum depressiusculum,True
rf,4,LEFIJ29530-22,Sympetrum flaveolum,Sympetrum flaveolum,0.89,False,Sympetrum flaveolum,True
rf,4,AODON689-20,Sympetrum fonscolombii,Sympetrum fonscolombii,0.876,False,Sympetrum fonscolombii,True
rf,4,ODOBP3557-16,Sympetrum fonscolombii,Sympetrum fonscolombii,0.992,False,Sympetrum fonscolombii,True
rf,4,PLSW088-20,Sympetrum fonscolombii,Sympetrum fonscolombii,0.992,False,Sympetrum fonscolombii,True
rf,4,AODON377-20,Sympetrum meridionale,Sympetrum meridionale,0.848,False,Sympetrum meridionale,True
rf,4,GBEPT950-14,Sympetrum meridionale,Sympetrum meridionale,0.242,True,unknown,True
rf,4,ODOBP5470-16,Sympetrum meridionale,Sympetrum meridionale,0.982,False,Sympetrum meridionale,True
rf,4,ZPLOD772-20,Sympetrum meridionale,Sympetrum meridionale,0.848,False,Sympetrum meridionale,True
rf,4,AODON876-22,Sympetrum pedemontanum,Sympetrum pedemontanum,0.94,False,Sympetrum pedemontanum,True
rf,4,ZPLOD781-20,Sympetrum pedemontanum,Sympetrum pedemontanum,0.974,False,Sympetrum pedemontanum,True
rf,4,AODON112-20,Sympetrum sanguineum,Sympetrum sanguineum,0.974,False,Sympetrum sanguineum,True
rf,4,AODON353-20,Sympetrum sanguineum,Sympetrum sanguineum,0.762,False,Sympetrum sanguineum,True
rf,4,AODON539-20,Sympetrum sanguineum,Sympetrum sanguineum,0.97,False,Sympetrum sanguineum,True
rf,4,AODON875-22,Sympetrum sanguineum,Sympetrum sanguineum,0.978,False,Sympetrum sanguineum,True
rf,4,ODOBP2890-16,Sympetrum sanguineum,Sympetrum sanguineum,0.99,False,Sympetrum sanguineum,True
rf,4,PLSW067-20,Sympetrum sanguineum,Sympetrum sanguineum,0.882,False,Sympetrum sanguineum,True
rf,4,ZPLOD783-20,Sympetrum sanguineum,Sympetrum sanguineum,0.936,False,Sympetrum sanguineum,True
rf,4,ANBIO101-19,Sympetrum striolatum,Sympetrum sanguineum,0.816,False,Sympetrum sanguineum,False
rf,4,AODON139-20,Sympetrum striolatum,Sympetrum striolatum,0.98,False,Sympetrum striolatum,True
rf,4,AODON629-20,Sympetrum striolatum,Sympetrum striolatum,0.968,False,Sympetrum striolatum,True
rf,4,AODON637-20,Sympetrum striolatum,Sympetrum striolatum,0.866,False,Sympetrum striolatum,True
rf,4,TRDOD086-14,Sympetrum striolatum,Sympetrum striolatum,0.926,False,Sympetrum striolatum,True
rf,4,ZPLOD800-20,Sympetrum striolatum,Sympetrum striolatum,0.974,False,Sympetrum striolatum,True
rf,4,AODON118-20,Sympetrum vulgatum,Sympetrum vulgatum,0.996,False,Sympetrum vulgatum,True
rf,4,AODON272-20,Sympetrum vulgatum,Sympetrum vulgatum,0.962,False,Sympetrum vulgatum,True
rf,4,AODON379-20,Sympetrum vulgatum,Sympetrum vulgatum,0.916,False,Sympetrum vulgatum,True
rf,4,AODON879-22,Sympetrum vulgatum,Sympetrum vulgatum,0.994,False,Sympetrum vulgatum,True
rf,4,GBMHO3213-19,Sympetrum vulgatum,Sympetrum vulgatum,0.902,False,Sympetrum vulgatum,True
rf,4,LEFIJ29531-22,Sympetrum vulgatum,Sympetrum vulgatum,0.904,False,Sympetrum vulgatum,True
rf,4,PLSW082-20,Sympetrum vulgatum,Sympetrum vulgatum,0.982,False,Sympetrum vulgatum,True
rf,4,ZPLOD811-20,Trithemis annulata,Trithemis annulata,0.908,False,Trithemis annulata,True
knn,6,ODOBP2894-16,Ceriagrion tenellum,Ceriagrion tenellum,-0.0065,False,Ceriagrion tenellum,True
knn,6,UMAAO073-24,Ceriagrion tenellum,Ceriagrion tenellum,-0.0108,False,Ceriagrion tenellum,True
knn,6,TRDOD016-14,Coenagrion armatum,Coenagrion armatum,-0.0041,False,Coenagrion armatum,True
knn,6,ZPLOD189-20,Coenagrion caerulescens,Coenagrion caerulescens,-0.0182,True,unknown,True
knn,6,ZPLOD192-20,Coenagrion caerulescens,Coenagrion caerulescens,-0.0175,True,unknown,True
knn,6,AODON485-20,Coenagrion hastulatum,Coenagrion hastulatum,-0.0053,False,Coenagrion hastulatum,True
knn,6,AODON676-20,Coenagrion hastulatum,Coenagrion hastulatum,-0.0128,True,unknown,True
knn,6,AODON912-22,Coenagrion hastulatum,Coenagrion hastulatum,-0.0063,False,Coenagrion hastulatum,True
knn,6,LEFIJ15493-21,Coenagrion hastulatum,Coenagrion hastulatum,-0.0027,False,Coenagrion hastulatum,True
knn,6,ODTRI004-14,Coenagrion hastulatum,Coenagrion hastulatum,-0.0043,False,Coenagrion hastulatum,True
knn,6,ODTRI006-14,Coenagrion hastulatum,Coenagrion hastulatum,-0.0049,False,Coenagrion hastulatum,True
knn,6,ZPLOD202-20,Coenagrion hastulatum,Coenagrion hastulatum,-0.0022,False,Coenagrion hastulatum,True
knn,6,LEFIJ29508-22,Coenagrion johanssoni,Coenagrion johanssoni,-0.0279,True,unknown,True
knn,6,ODOBP5327-16,Coenagrion lunulatum,Coenagrion lunulatum,-0.0038,False,Coenagrion lunulatum,True
knn,6,FBAQU1429-13,Coenagrion mercuriale,Coenagrion mercuriale,-0.0074,False,Coenagrion mercuriale,True
knn,6,GBMIN88583-17,Coenagrion mercuriale,Coenagrion mercuriale,-0.0021,False,Coenagrion mercuriale,True
knn,6,AODON667-20,Coenagrion ornatum,Coenagrion puella,-0.0,False,Coenagrion puella,False
knn,6,AODON944-22,Coenagrion ornatum,Coenagrion puella,-0.0,False,Coenagrion puella,False
knn,6,AODON020-20,Coenagrion puella,Coenagrion ornatum,-0.0,False,Coenagrion ornatum,False
knn,6,AODON179-20,Coenagrion puella,Coenagrion puella,-0.0104,False,Coenagrion puella,True
knn,6,AODON902-22,Coenagrion puella,Coenagrion puella,-0.0063,False,Coenagrion puella,True
knn,6,DTNHM13000-24,Coenagrion puella,Coenagrion pulchellum,-0.0053,False,Coenagrion pulchellum,False
knn,6,FBAQU528-10,Coenagrion puella,Coenagrion puella,-0.0101,False,Coenagrion puella,True
knn,6,GBMIN88590-17,Coenagrion puella,Coenagrion puella,-0.0062,False,Coenagrion puella,True
knn,6,GBMNA38105-19,Coenagrion puella,Coenagrion puella,-0.0079,False,Coenagrion puella,True
knn,6,GBODO037-18,Coenagrion puella,Coenagrion pulchellum,-0.0038,False,Coenagrion pulchellum,False
knn,6,GBODO069-18,Coenagrion puella,Coenagrion puella,-0.0015,False,Coenagrion puella,True
knn,6,GBODO186-18,Coenagrion puella,Coenagrion puella,-0.0053,False,Coenagrion puella,True
knn,6,GODO029-18,Coenagrion puella,Coenagrion pulchellum,-0.0053,False,Coenagrion pulchellum,False
knn,6,LEFIJ15497-21,Coenagrion puella,Coenagrion puella,-0.0054,False,Coenagrion puella,True
knn,6,ODOPL069-19,Coenagrion puella,Coenagrion puella,-0.0039,False,Coenagrion puella,True
knn,6,ODOPL070-19,Coenagrion puella,Coenagrion puella,-0.0039,False,Coenagrion puella,True
knn,6,ZPLOD234-20,Coenagrion puella,Coenagrion pulchellum,-0.0053,False,Coenagrion pulchellum,False
knn,6,AODON009-20,Coenagrion pulchellum,Coenagrion puella,-0.0,False,Coenagrion puella,False
knn,6,AODON186-20,Coenagrion pulchellum,Coenagrion pulchellum,-0.0097,False,Coenagrion pulchellum,True
knn,6,AODON365-20,Coenagrion pulchellum,Coenagrion pulchellum,-0.0083,False,Coenagrion pulchellum,True
knn,6,AODON499-20,Coenagrion pulchellum,Coenagrion puella,-0.0,False,Coenagrion puella,False
knn,6,AODON924-22,Coenagrion pulchellum,Coenagrion puella,-0.0,False,Coenagrion puella,False
knn,6,GBEPT903-14,Coenagrion pulchellum,Coenagrion pulchellum,-0.0075,False,Coenagrion pulchellum,True
knn,6,KURS023-21,Coenagrion pulchellum,Coenagrion pulchellum,-0.0096,False,Coenagrion pulchellum,True
knn,6,ODTRI009-14,Coenagrion pulchellum,Coenagrion puella,-0.0075,False,Coenagrion puella,False
knn,6,ZPLOD256-20,Coenagrion pulchellum,Coenagrion pulchellum,-0.0053,False,Coenagrion pulchellum,True
knn,6,ZPLOD262-20,Coenagrion pulchellum,Coenagrion pulchellum,-0.0068,False,Coenagrion pulchellum,True
knn,6,GBEPT907-14,Coenagrion scitulum,Coenagrion scitulum,-0.0053,False,Coenagrion scitulum,True
knn,6,TRSKA2839-20,Coenagrion scitulum,Coenagrion scitulum,-0.0058,False,Coenagrion scitulum,True
knn,6,TRSKA2848-20,Coenagrion scitulum,Coenagrion scitulum,-0.0053,False,Coenagrion scitulum,True
knn,6,AODON149-20,Enallagma cyathigerum,Enallagma cyathigerum,-0.0015,False,Enallagma cyathigerum,True
knn,6,AODON254-20,Enallagma cyathigerum,Enallagma cyathigerum,-0.0022,False,Enallagma cyathigerum,True
knn,6,AODON283-20,Enallagma cyathigerum,Enallagma cyathigerum,-0.0022,False,Enallagma cyathigerum,True
knn,6,AODON288-20,Enallagma cyathigerum,Enallagma cyathigerum,-0.0055,False,Enallagma cyathigerum,True
knn,6,AODON360-20,Enallagma cyathigerum,Enallagma cyathigerum,-0.012,False,Enallagma cyathigerum,True
knn,6,AODON438-20,Enallagma cyathigerum,Enallagma cyathigerum,-0.0057,False,Enallagma cyathigerum,True
knn,6,BGEPL3214-25,Enallagma cyathigerum,Enallagma cyathigerum,-0.0022,False,Enallagma cyathigerum,True
knn,6,FBAQU490-10,Enallagma cyathigerum,Enallagma cyathigerum,-0.0094,False,Enallagma cyathigerum,True
knn,6,GBODO096-18,Enallagma cyathigerum,Enallagma cyathigerum,-0.0041,False,Enallagma cyathigerum,True
knn,6,GBODO172-18,Enallagma cyathigerum,Enallagma cyathigerum,-0.0053,False,Enallagma cyathigerum,True
knn,6,HETFI049-11,Enallagma cyathigerum,Enallagma cyathigerum,-0.0053,False,Enallagma cyathigerum,True
knn,6,LEFIJ15502-21,Enallagma cyathigerum,Enallagma cyathigerum,-0.0015,False,Enallagma cyathigerum,True
knn,6,LEFIJ5909-17,Enallagma cyathigerum,Enallagma cyathigerum,-0.0016,False,Enallagma cyathigerum,True
knn,6,LEFIJ7803-18,Enallagma cyathigerum,Enallagma cyathigerum,-0.0027,False,Enallagma cyathigerum,True
knn,6,ODOPL100-19,Enallagma cyathigerum,Enallagma cyathigerum,-0.0039,False,Enallagma cyathigerum,True
knn,6,ODTRI012-14,Enallagma cyathigerum,Enallagma cyathigerum,-0.005,False,Enallagma cyathigerum,True
knn,6,AODON773-20,Erythromma lindenii,Erythromma lindenii,-0.0015,False,Erythromma lindenii,True
knn,6,FBAQU491-10,Erythromma lindenii,Erythromma lindenii,-0.007,False,Erythromma lindenii,True
knn,6,ODOBP5490-16,Erythromma lindenii,Erythromma lindenii,-0.0053,False,Erythromma lindenii,True
knn,6,TRSKA2008-20,Erythromma lindenii,Erythromma lindenii,-0.0022,False,Erythromma lindenii,True
knn,6,TRSKA2051-20,Erythromma lindenii,Erythromma lindenii,-0.0053,False,Erythromma lindenii,True
knn,6,TRSKA2053-20,Erythromma lindenii,Erythromma lindenii,-0.0015,False,Erythromma lindenii,True
knn,6,TRSKA2661-20,Erythromma lindenii,Erythromma lindenii,-0.0015,False,Erythromma lindenii,True
knn,6,TRSKA2727-20,Erythromma lindenii,Erythromma lindenii,-0.0022,False,Erythromma lindenii,True
knn,6,TRSKA2778-20,Erythromma lindenii,Erythromma lindenii,-0.0022,False,Erythromma lindenii,True
knn,6,ZPLOD358-20,Erythromma lindenii,Erythromma lindenii,-0.0113,False,Erythromma lindenii,True
knn,6,ZPLOD366-20,Erythromma lindenii,Erythromma lindenii,-0.0031,False,Erythromma lindenii,True
knn,6,ZPLOD392-20,Erythromma lindenii,Erythromma lindenii,-0.0053,False,Erythromma lindenii,True
knn,6,ZPLOD823-20,Erythromma lindenii,Erythromma lindenii,-0.0027,False,Erythromma lindenii,True
knn,6,AODON049-20,Erythromma najas,Erythromma najas,-0.0056,False,Erythromma najas,True
knn,6,AODON495-20,Erythromma najas,Erythromma najas,-0.0076,False,Erythromma najas,True
knn,6,AODON617-20,Erythromma najas,Erythromma najas,-0.0161,True,unknown,True
knn,6,AODON618-20,Erythromma najas,Erythromma najas,-0.0059,False,Erythromma najas,True
knn,6,FBAQU492-10,Erythromma najas,Erythromma najas,-0.0064,False,Erythromma najas,True
knn,6,GBMH3358-07,Erythromma najas,Erythromma najas,-0.0057,False,Erythromma najas,True
knn,6,GBMH3362-07,Erythromma najas,Erythromma najas,-0.004,False,Erythromma najas,True
knn,6,GBMH3412-07,Erythromma najas,Erythromma najas,-0.0057,False,Erythromma najas,True
knn,6,GBMH3421-07,Erythromma najas,Erythromma najas,-0.0057,False,Erythromma najas,True
knn,6,GBMH6702-09,Erythromma najas,Erythromma najas,-0.0057,False,Erythromma najas,True
knn,6,LEFIJ15499-21,Erythromma najas,Erythromma najas,-0.0131,True,unknown,True
knn,6,LEFIJ7810-18,Erythromma najas,Erythromma najas,-0.0027,False,Erythromma najas,True
knn,6,ODOPL010-18,Erythromma najas,Erythromma najas,-0.0043,False,Erythromma najas,True
knn,6,AODON092-20,Erythromma viridulum,Erythromma viridulum,-0.0027,False,Erythromma viridulum,True
knn,6,AODON387-20,Erythromma viridulum,Erythromma viridulum,-0.0075,False,Erythromma viridulum,True
knn,6,AODON392-20,Erythromma viridulum,Erythromma viridulum,-0.0022,False,Erythromma viridulum,True
knn,6,BGEPL3206-25,Erythromma viridulum,Erythromma viridulum,-0.0075,False,Erythromma viridulum,True
knn,6,BGEPL3209-25,Erythromma viridulum,Erythromma viridulum,-0.0053,False,Erythromma viridulum,True
knn,6,PGCBG7107-20,Erythromma viridulum,Erythromma viridulum,-0.0053,False,Erythromma viridulum,True
knn,6,PLSW076-20,Erythromma viridulum,Erythromma viridulum,-0.0042,False,Erythromma viridulum,True
knn,6,TRSKA2665-20,Erythromma viridulum,Erythromma viridulum,-0.0022,False,Erythromma viridulum,True
knn,6,TRSKA2677-20,Erythromma viridulum,Erythromma viridulum,-0.0031,False,Erythromma viridulum,True
knn,6,TRSKA2693-20,Erythromma viridulum,Erythromma viridulum,-0.0058,False,Erythromma viridulum,True
knn,6,AODON184-20,Ischnura elegans,Ischnura elegans,-0.0053,False,Ischnura elegans,True
knn,6,AODON784-20,Ischnura elegans,Ischnura elegans,-0.0119,False,Ischnura elegans,True
knn,6,AODON868-22,Ischnura elegans,Ischnura elegans,-0.0015,False,Ischnura elegans,True
knn,6,BCAI157-26,Ischnura elegans,Ischnura elegans,-0.0022,False,Ischnura elegans,True
knn,6,DTNHM5532-23,Ischnura elegans,Ischnura elegans,-0.0043,False,Ischnura elegans,True
knn,6,DTNHM5533-23,Ischnura elegans,Ischnura elegans,-0.0061,False,Ischnura elegans,True
knn,6,GBMIX1779-15,Ischnura elegans,Ischnura genei,-0.0,False,Ischnura genei,False
knn,6,GBMNA38097-19,Ischnura elegans,Ischnura elegans,-0.003,False,Ischnura elegans,True
knn,6,GBMND4311-21,Ischnura elegans,Ischnura elegans,-0.004,False,Ischnura elegans,True
knn,6,GBODO021-18,Ischnura elegans,Ischnura elegans,-0.0044,False,Ischnura elegans,True
knn,6,GBODO061-18,Ischnura elegans,Ischnura elegans,-0.0038,False,Ischnura elegans,True
knn,6,LEFIJ15506-21,Ischnura elegans,Ischnura elegans,-0.0079,False,Ischnura elegans,True
knn,6,LEFIJ5910-17,Ischnura elegans,Ischnura genei,-0.0,False,Ischnura genei,False
knn,6,ODOBP5339-16,Ischnura elegans,Ischnura elegans,-0.0057,False,Ischnura elegans,True
knn,6,ODOPL026-19,Ischnura elegans,Ischnura elegans,-0.0032,False,Ischnura elegans,True
knn,6,ODOPL028-19,Ischnura elegans,Ischnura elegans,-0.0035,False,Ischnura elegans,True
knn,6,ODOPL048-19,Ischnura elegans,Ischnura elegans,-0.0028,False,Ischnura elegans,True
knn,6,ZPLOD431-20,Ischnura elegans,Ischnura elegans,-0.0057,False,Ischnura elegans,True
knn,6,ZPLOD454-20,Ischnura genei,Ischnura elegans,-0.0053,False,Ischnura elegans,False
knn,6,AODON039-20,Ischnura pumilio,Ischnura pumilio,-0.0027,False,Ischnura pumilio,True
knn,6,BGEPL3219-25,Ischnura pumilio,Ischnura pumilio,-0.0034,False,Ischnura pumilio,True
knn,6,FBAQU496-10,Ischnura pumilio,Ischnura pumilio,-0.0101,False,Ischnura pumilio,True
knn,6,GBAAM37383-25,Ischnura saharensis,Ischnura elegans,-0.0027,False,Ischnura elegans,False
knn,6,GBAAW69085-24,Ischnura saharensis,Ischnura saharensis,-0.0059,False,Ischnura saharensis,True
knn,6,AODON718-20,Nehalennia speciosa,Nehalennia speciosa,-0.0091,False,Nehalennia speciosa,True
knn,6,BGEPL3307-25,Nehalennia speciosa,Nehalennia speciosa,-0.0041,False,Nehalennia speciosa,True
knn,6,ZPLOD560-20,Nehalennia speciosa,Nehalennia speciosa,-0.0068,False,Nehalennia speciosa,True
knn,6,GBMHO1829-19,Pyrrhosoma elisabethae,Pyrrhosoma elisabethae,-0.0065,False,Pyrrhosoma elisabethae,True
knn,6,AODON278-20,Pyrrhosoma nymphula,Pyrrhosoma nymphula,-0.0053,False,Pyrrhosoma nymphula,True
knn,6,AODON348-20,Pyrrhosoma nymphula,Pyrrhosoma nymphula,-0.0056,False,Pyrrhosoma nymphula,True
knn,6,ARISE3190-26,Pyrrhosoma nymphula,Pyrrhosoma nymphula,-0.0015,False,Pyrrhosoma nymphula,True
knn,6,FBAQU321-09,Pyrrhosoma nymphula,Pyrrhosoma nymphula,-0.0055,False,Pyrrhosoma nymphula,True
knn,6,FBAQU510-10,Pyrrhosoma nymphula,Pyrrhosoma nymphula,-0.0049,False,Pyrrhosoma nymphula,True
knn,6,GBAAW56262-24,Pyrrhosoma nymphula,Pyrrhosoma nymphula,-0.0035,False,Pyrrhosoma nymphula,True
knn,6,GBMIN88634-17,Pyrrhosoma nymphula,Pyrrhosoma nymphula,-0.0093,False,Pyrrhosoma nymphula,True
knn,6,GBMIN88636-17,Pyrrhosoma nymphula,Pyrrhosoma nymphula,-0.0099,False,Pyrrhosoma nymphula,True
knn,6,HMYZ137-21,Pyrrhosoma nymphula,Pyrrhosoma nymphula,-0.0069,False,Pyrrhosoma nymphula,True
knn,6,LEFIJ29497-22,Pyrrhosoma nymphula,Pyrrhosoma nymphula,-0.0031,False,Pyrrhosoma nymphula,True
knn,6,AODON275-20,Crocothemis erythraea,Crocothemis erythraea,-0.0092,False,Crocothemis erythraea,True
knn,6,AODON371-20,Crocothemis erythraea,Crocothemis erythraea,-0.0075,False,Crocothemis erythraea,True
knn,6,FBAQU312-09,Crocothemis erythraea,Crocothemis erythraea,-0.0055,False,Crocothemis erythraea,True
knn,6,GBAAW80744-24,Crocothemis erythraea,Crocothemis erythraea,-0.0116,False,Crocothemis erythraea,True
knn,6,PLSW071-20,Crocothemis erythraea,Crocothemis erythraea,-0.0054,False,Crocothemis erythraea,True
knn,6,TRSKA2100-20,Crocothemis erythraea,Crocothemis erythraea,-0.0026,False,Crocothemis erythraea,True
knn,6,ZPLOD328-20,Crocothemis erythraea,Crocothemis erythraea,-0.0015,False,Crocothemis erythraea,True
knn,6,ZPLOD331-20,Crocothemis erythraea,Crocothemis erythraea,-0.0015,False,Crocothemis erythraea,True
knn,6,AODON681-20,Leucorrhinia caudalis,Leucorrhinia caudalis,-0.0055,False,Leucorrhinia caudalis,True
knn,6,AODON480-20,Leucorrhinia dubia,Leucorrhinia dubia,-0.0078,False,Leucorrhinia dubia,True
knn,6,AODON903-22,Leucorrhinia dubia,Leucorrhinia dubia,-0.0074,False,Leucorrhinia dubia,True
knn,6,DTNHM5774-23,Leucorrhinia dubia,Leucorrhinia dubia,-0.0119,False,Leucorrhinia dubia,True
knn,6,LEFIJ7816-18,Leucorrhinia dubia,Leucorrhinia dubia,-0.0083,False,Leucorrhinia dubia,True
knn,6,ODOBP5352-16,Leucorrhinia dubia,Leucorrhinia dubia,-0.0053,False,Leucorrhinia dubia,True
knn,6,ODOPL099-19,Leucorrhinia dubia,Leucorrhinia dubia,-0.0126,True,unknown,True
knn,6,ODOPL024-19,Leucorrhinia pectoralis,Leucorrhinia pectoralis,-0.0106,False,Leucorrhinia pectoralis,True
knn,6,PLSW053-20,Leucorrhinia pectoralis,Leucorrhinia pectoralis,-0.0038,False,Leucorrhinia pectoralis,True
knn,6,AODON668-20,Leucorrhinia rubicunda,Leucorrhinia rubicunda,-0.0015,False,Leucorrhinia rubicunda,True
knn,6,ANBIO098-19,Libellula depressa,Libellula depressa,-0.0145,True,unknown,True
knn,6,PLSW148-20,Libellula depressa,Libellula depressa,-0.0046,False,Libellula depressa,True
knn,6,ZPLOD526-20,Libellula depressa,Libellula depressa,-0.0053,False,Libellula depressa,True
knn,6,ZPLOD534-20,Libellula depressa,Libellula depressa,-0.0065,False,Libellula depressa,True
knn,6,AODON072-20,Libellula fulva,Libellula fulva,-0.0022,False,Libellula fulva,True
knn,6,AODON515-20,Libellula fulva,Libellula fulva,-0.0022,False,Libellula fulva,True
knn,6,LEFIJ5931-17,Libellula fulva,Libellula fulva,-0.0056,False,Libellula fulva,True
knn,6,PLSW034-20,Libellula fulva,Libellula fulva,-0.0022,False,Libellula fulva,True
knn,6,AODON363-20,Libellula quadrimaculata,Libellula quadrimaculata,-0.0083,False,Libellula quadrimaculata,True
knn,6,AODON482-20,Libellula quadrimaculata,Libellula quadrimaculata,-0.0091,False,Libellula quadrimaculata,True
knn,6,AODON613-20,Libellula quadrimaculata,Libellula quadrimaculata,-0.0074,False,Libellula quadrimaculata,True
knn,6,DTNHM10238-24,Libellula quadrimaculata,Libellula quadrimaculata,-0.0113,False,Libellula quadrimaculata,True
knn,6,ODOBP5331-16,Libellula quadrimaculata,Libellula quadrimaculata,-0.0077,False,Libellula quadrimaculata,True
knn,6,ODOPL098-19,Libellula quadrimaculata,Libellula quadrimaculata,-0.0031,False,Libellula quadrimaculata,True
knn,6,PLSW031-20,Libellula quadrimaculata,Libellula quadrimaculata,-0.0063,False,Libellula quadrimaculata,True
knn,6,TRDOD003-14,Libellula quadrimaculata,Libellula quadrimaculata,-0.0053,False,Libellula quadrimaculata,True
knn,6,TRDOD028-14,Libellula quadrimaculata,Libellula quadrimaculata,-0.0053,False,Libellula quadrimaculata,True
knn,6,AODON042-20,Orthetrum albistylum,Orthetrum albistylum,-0.0043,False,Orthetrum albistylum,True
knn,6,EDF010-18,Orthetrum albistylum,Orthetrum albistylum,-0.004,False,Orthetrum albistylum,True
knn,6,AODON217-20,Orthetrum brunneum,Orthetrum brunneum,-0.0053,False,Orthetrum brunneum,True
knn,6,AODON521-20,Orthetrum brunneum,Orthetrum brunneum,-0.0093,False,Orthetrum brunneum,True
knn,6,HUAQM025-20,Orthetrum brunneum,Orthetrum brunneum,-0.0015,False,Orthetrum brunneum,True
knn,6,ZPLOD609-20,Orthetrum brunneum,Orthetrum brunneum,-0.0065,False,Orthetrum brunneum,True
knn,6,AODON354-20,Orthetrum cancellatum,Orthetrum cancellatum,-0.0097,False,Orthetrum cancellatum,True
knn,6,AODON369-20,Orthetrum cancellatum,Orthetrum cancellatum,-0.0103,False,Orthetrum cancellatum,True
knn,6,AODON635-20,Orthetrum cancellatum,Orthetrum cancellatum,-0.0055,False,Orthetrum cancellatum,True
knn,6,AODON636-20,Orthetrum cancellatum,Orthetrum cancellatum,-0.0077,False,Orthetrum cancellatum,True
knn,6,FBAQU505-10,Orthetrum cancellatum,Orthetrum cancellatum,-0.0044,False,Orthetrum cancellatum,True
knn,6,GBAAY74681-24,Orthetrum cancellatum,Orthetrum cancellatum,-0.0053,False,Orthetrum cancellatum,True
knn,6,GBAAY74684-24,Orthetrum cancellatum,Orthetrum cancellatum,-0.0053,False,Orthetrum cancellatum,True
knn,6,GODO038-18,Orthetrum cancellatum,Orthetrum cancellatum,-0.0075,False,Orthetrum cancellatum,True
knn,6,ODOBP2891-16,Orthetrum cancellatum,Orthetrum cancellatum,-0.0053,False,Orthetrum cancellatum,True
knn,6,ODOPL051-19,Orthetrum cancellatum,Orthetrum cancellatum,-0.0039,False,Orthetrum cancellatum,True
knn,6,TRSKA2115-20,Orthetrum cancellatum,Orthetrum cancellatum,-0.0059,False,Orthetrum cancellatum,True
knn,6,ZPLOD613-20,Orthetrum cancellatum,Orthetrum cancellatum,-0.0053,False,Orthetrum cancellatum,True
knn,6,AODON071-20,Orthetrum coerulescens,Orthetrum coerulescens,-0.0053,False,Orthetrum coerulescens,True
knn,6,AODON512-20,Orthetrum coerulescens,Orthetrum coerulescens,-0.0095,False,Orthetrum coerulescens,True
knn,6,AODON887-22,Orthetrum coerulescens,Orthetrum coerulescens,-0.0111,False,Orthetrum coerulescens,True
knn,6,DTNHM10237-24,Orthetrum coerulescens,Orthetrum coerulescens,-0.0075,False,Orthetrum coerulescens,True
knn,6,GBAAW78360-24,Orthetrum coerulescens,Orthetrum coerulescens,-0.0092,False,Orthetrum coerulescens,True
knn,6,GBAAX3578-24,Orthetrum coerulescens,Orthetrum coerulescens,-0.0053,False,Orthetrum coerulescens,True
knn,6,GBAAY36359-24,Orthetrum coerulescens,Orthetrum coerulescens,-0.0038,False,Orthetrum coerulescens,True
knn,6,GBAAY36375-24,Orthetrum coerulescens,Orthetrum coerulescens,-0.0053,False,Orthetrum coerulescens,True
knn,6,GBAAY36383-24,Orthetrum coerulescens,Orthetrum coerulescens,-0.0053,False,Orthetrum coerulescens,True
knn,6,GBAAY36391-24,Orthetrum coerulescens,Orthetrum coerulescens,-0.0053,False,Orthetrum coerulescens,True
knn,6,ZPLOD626-20,Orthetrum coerulescens,Orthetrum coerulescens,-0.0065,False,Orthetrum coerulescens,True
knn,6,ZPLOD703-20,Selysiothemis nigra,Selysiothemis nigra,-0.0053,False,Selysiothemis nigra,True
knn,6,AODON260-20,Sympetrum danae,Sympetrum danae,-0.0063,False,Sympetrum danae,True
knn,6,AODON302-20,Sympetrum danae,Sympetrum danae,-0.0098,False,Sympetrum danae,True
knn,6,AODON596-20,Sympetrum danae,Sympetrum danae,-0.0034,False,Sympetrum danae,True
knn,6,EDF020-20,Sympetrum depressiusculum,Sympetrum depressiusculum,-0.0015,False,Sympetrum depressiusculum,True
knn,6,LEFIJ29530-22,Sympetrum flaveolum,Sympetrum flaveolum,-0.0038,False,Sympetrum flaveolum,True
knn,6,AODON689-20,Sympetrum fonscolombii,Sympetrum fonscolombii,-0.0092,False,Sympetrum fonscolombii,True
knn,6,ODOBP3557-16,Sympetrum fonscolombii,Sympetrum fonscolombii,-0.0053,False,Sympetrum fonscolombii,True
knn,6,PLSW088-20,Sympetrum fonscolombii,Sympetrum fonscolombii,-0.0015,False,Sympetrum fonscolombii,True
knn,6,AODON377-20,Sympetrum meridionale,Sympetrum meridionale,-0.0053,False,Sympetrum meridionale,True
knn,6,GBEPT950-14,Sympetrum meridionale,Sympetrum meridionale,-0.0226,True,unknown,True
knn,6,ODOBP5470-16,Sympetrum meridionale,Sympetrum meridionale,-0.0015,False,Sympetrum meridionale,True
knn,6,ZPLOD772-20,Sympetrum meridionale,Sympetrum meridionale,-0.0075,False,Sympetrum meridionale,True
knn,6,AODON876-22,Sympetrum pedemontanum,Sympetrum pedemontanum,-0.0058,False,Sympetrum pedemontanum,True
knn,6,ZPLOD781-20,Sympetrum pedemontanum,Sympetrum pedemontanum,-0.0053,False,Sympetrum pedemontanum,True
knn,6,AODON112-20,Sympetrum sanguineum,Sympetrum sanguineum,-0.0055,False,Sympetrum sanguineum,True
knn,6,AODON353-20,Sympetrum sanguineum,Sympetrum sanguineum,-0.0084,False,Sympetrum sanguineum,True
knn,6,AODON539-20,Sympetrum sanguineum,Sympetrum sanguineum,-0.0065,False,Sympetrum sanguineum,True
knn,6,AODON875-22,Sympetrum sanguineum,Sympetrum sanguineum,-0.0046,False,Sympetrum sanguineum,True
knn,6,ODOBP2890-16,Sympetrum sanguineum,Sympetrum sanguineum,-0.0015,False,Sympetrum sanguineum,True
knn,6,PLSW067-20,Sympetrum sanguineum,Sympetrum sanguineum,-0.0095,False,Sympetrum sanguineum,True
knn,6,ZPLOD783-20,Sympetrum sanguineum,Sympetrum sanguineum,-0.0092,False,Sympetrum sanguineum,True
knn,6,ANBIO101-19,Sympetrum striolatum,Sympetrum sanguineum,-0.01,False,Sympetrum sanguineum,False
knn,6,AODON139-20,Sympetrum striolatum,Sympetrum striolatum,-0.0051,False,Sympetrum striolatum,True
knn,6,AODON629-20,Sympetrum striolatum,Sympetrum striolatum,-0.0053,False,Sympetrum striolatum,True
knn,6,AODON637-20,Sympetrum striolatum,Sympetrum striolatum,-0.0053,False,Sympetrum striolatum,True
knn,6,TRDOD086-14,Sympetrum striolatum,Sympetrum striolatum,-0.0091,False,Sympetrum striolatum,True
knn,6,ZPLOD800-20,Sympetrum striolatum,Sympetrum striolatum,-0.0053,False,Sympetrum striolatum,True
knn,6,AODON118-20,Sympetrum vulgatum,Sympetrum vulgatum,-0.0053,False,Sympetrum vulgatum,True
knn,6,AODON272-20,Sympetrum vulgatum,Sympetrum vulgatum,-0.0075,False,Sympetrum vulgatum,True
knn,6,AODON379-20,Sympetrum vulgatum,Sympetrum vulgatum,-0.0105,False,Sympetrum vulgatum,True
knn,6,AODON879-22,Sympetrum vulgatum,Sympetrum vulgatum,-0.0055,False,Sympetrum vulgatum,True
knn,6,GBMHO3213-19,Sympetrum vulgatum,Sympetrum vulgatum,-0.0043,False,Sympetrum vulgatum,True
knn,6,LEFIJ29531-22,Sympetrum vulgatum,Sympetrum vulgatum,-0.0077,False,Sympetrum vulgatum,True
knn,6,PLSW082-20,Sympetrum vulgatum,Sympetrum vulgatum,-0.0075,False,Sympetrum vulgatum,True
knn,6,ZPLOD811-20,Trithemis annulata,Trithemis annulata,-0.0053,False,Trithemis annulata,True
rf,6,ODOBP2894-16,Ceriagrion tenellum,Ceriagrion tenellum,0.922,False,Ceriagrion tenellum,True
rf,6,UMAAO073-24,Ceriagrion tenellum,Ceriagrion tenellum,0.902,False,Ceriagrion tenellum,True
rf,6,TRDOD016-14,Coenagrion armatum,Coenagrion armatum,0.642,False,Coenagrion armatum,True
rf,6,ZPLOD189-20,Coenagrion caerulescens,Coenagrion caerulescens,0.772,False,Coenagrion caerulescens,True
rf,6,ZPLOD192-20,Coenagrion caerulescens,Coenagrion caerulescens,0.786,False,Coenagrion caerulescens,True
rf,6,AODON485-20,Coenagrion hastulatum,Coenagrion hastulatum,0.996,False,Coenagrion hastulatum,True
rf,6,AODON676-20,Coenagrion hastulatum,Coenagrion hastulatum,0.858,False,Coenagrion hastulatum,True
rf,6,AODON912-22,Coenagrion hastulatum,Coenagrion hastulatum,0.988,False,Coenagrion hastulatum,True
rf,6,LEFIJ15493-21,Coenagrion hastulatum,Coenagrion hastulatum,0.972,False,Coenagrion hastulatum,True
rf,6,ODTRI004-14,Coenagrion hastulatum,Coenagrion hastulatum,0.976,False,Coenagrion hastulatum,True
rf,6,ODTRI006-14,Coenagrion hastulatum,Coenagrion hastulatum,0.956,False,Coenagrion hastulatum,True
rf,6,ZPLOD202-20,Coenagrion hastulatum,Coenagrion hastulatum,0.98,False,Coenagrion hastulatum,True
rf,6,LEFIJ29508-22,Coenagrion johanssoni,Coenagrion johanssoni,0.3,True,unknown,True
rf,6,ODOBP5327-16,Coenagrion lunulatum,Coenagrion lunulatum,0.65,False,Coenagrion lunulatum,True
rf,6,FBAQU1429-13,Coenagrion mercuriale,Coenagrion mercuriale,0.59,False,Coenagrion mercuriale,True
rf,6,GBMIN88583-17,Coenagrion mercuriale,Coenagrion mercuriale,0.996,False,Coenagrion mercuriale,True
rf,6,AODON667-20,Coenagrion ornatum,Coenagrion pulchellum,0.4043,True,unknown,False
rf,6,AODON944-22,Coenagrion ornatum,Coenagrion puella,0.737,False,Coenagrion puella,False
rf,6,AODON020-20,Coenagrion puella,Coenagrion ornatum,0.8684,False,Coenagrion ornatum,False
rf,6,AODON179-20,Coenagrion puella,Coenagrion puella,0.6363,False,Coenagrion puella,True
rf,6,AODON902-22,Coenagrion puella,Coenagrion puella,0.6722,False,Coenagrion puella,True
rf,6,DTNHM13000-24,Coenagrion puella,Coenagrion ornatum,0.6926,False,Coenagrion ornatum,False
rf,6,FBAQU528-10,Coenagrion puella,Coenagrion puella,0.59,False,Coenagrion puella,True
rf,6,GBMIN88590-17,Coenagrion puella,Coenagrion puella,0.631,False,Coenagrion puella,True
rf,6,GBMNA38105-19,Coenagrion puella,Coenagrion puella,0.689,False,Coenagrion puella,True
rf,6,GBODO037-18,Coenagrion puella,Coenagrion puella,0.683,False,Coenagrion puella,True
rf,6,GBODO069-18,Coenagrion puella,Coenagrion puella,0.5953,False,Coenagrion puella,True
rf,6,GBODO186-18,Coenagrion puella,Coenagrion ornatum,0.6291,False,Coenagrion ornatum,False
rf,6,GODO029-18,Coenagrion puella,Coenagrion ornatum,0.8423,False,Coenagrion ornatum,False
rf,6,LEFIJ15497-21,Coenagrion puella,Coenagrion puella,0.707,False,Coenagrion puella,True
rf,6,ODOPL069-19,Coenagrion puella,Coenagrion puella,0.778,False,Coenagrion puella,True
rf,6,ODOPL070-19,Coenagrion puella,Coenagrion puella,0.776,False,Coenagrion puella,True
rf,6,ZPLOD234-20,Coenagrion puella,Coenagrion pulchellum,0.4023,True,unknown,False
rf,6,AODON009-20,Coenagrion pulchellum,Coenagrion pulchellum,0.4043,True,unknown,True
rf,6,AODON186-20,Coenagrion pulchellum,Coenagrion pulchellum,0.8383,False,Coenagrion pulchellum,True
rf,6,AODON365-20,Coenagrion pulchellum,Coenagrion pulchellum,0.8565,False,Coenagrion pulchellum,True
rf,6,AODON499-20,Coenagrion pulchellum,Coenagrion puella,0.6557,False,Coenagrion puella,False
rf,6,AODON924-22,Coenagrion pulchellum,Coenagrion puella,0.737,False,Coenagrion puella,False
rf,6,GBEPT903-14,Coenagrion pulchellum,Coenagrion pulchellum,0.8043,False,Coenagrion pulchellum,True
rf,6,KURS023-21,Coenagrion pulchellum,Coenagrion pulchellum,0.6484,False,Coenagrion pulchellum,True
rf,6,ODTRI009-14,Coenagrion pulchellum,Coenagrion pulchellum,0.4343,True,unknown,True
rf,6,ZPLOD256-20,Coenagrion pulchellum,Coenagrion pulchellum,0.3865,True,unknown,True
rf,6,ZPLOD262-20,Coenagrion pulchellum,Coenagrion pulchellum,0.4115,True,unknown,True
rf,6,GBEPT907-14,Coenagrion scitulum,Coenagrion scitulum,0.918,False,Coenagrion scitulum,True
rf,6,TRSKA2839-20,Coenagrion scitulum,Coenagrion scitulum,0.884,False,Coenagrion scitulum,True
rf,6,TRSKA2848-20,Coenagrion scitulum,Coenagrion scitulum,0.946,False,Coenagrion scitulum,True
rf,6,AODON149-20,Enallagma cyathigerum,Enallagma cyathigerum,0.984,False,Enallagma cyathigerum,True
rf,6,AODON254-20,Enallagma cyathigerum,Enallagma cyathigerum,0.982,False,Enallagma cyathigerum,True
rf,6,AODON283-20,Enallagma cyathigerum,Enallagma cyathigerum,0.998,False,Enallagma cyathigerum,True
rf,6,AODON288-20,Enallagma cyathigerum,Enallagma cyathigerum,0.97,False,Enallagma cyathigerum,True
rf,6,AODON360-20,Enallagma cyathigerum,Enallagma cyathigerum,0.948,False,Enallagma cyathigerum,True
rf,6,AODON438-20,Enallagma cyathigerum,Enallagma cyathigerum,0.956,False,Enallagma cyathigerum,True
rf,6,BGEPL3214-25,Enallagma cyathigerum,Enallagma cyathigerum,1.0,False,Enallagma cyathigerum,True
rf,6,FBAQU490-10,Enallagma cyathigerum,Enallagma cyathigerum,0.938,False,Enallagma cyathigerum,True
rf,6,GBODO096-18,Enallagma cyathigerum,Enallagma cyathigerum,0.932,False,Enallagma cyathigerum,True
rf,6,GBODO172-18,Enallagma cyathigerum,Enallagma cyathigerum,0.998,False,Enallagma cyathigerum,True
rf,6,HETFI049-11,Enallagma cyathigerum,Enallagma cyathigerum,1.0,False,Enallagma cyathigerum,True
rf,6,LEFIJ15502-21,Enallagma cyathigerum,Enallagma cyathigerum,0.998,False,Enallagma cyathigerum,True
rf,6,LEFIJ5909-17,Enallagma cyathigerum,Enallagma cyathigerum,0.996,False,Enallagma cyathigerum,True
rf,6,LEFIJ7803-18,Enallagma cyathigerum,Enallagma cyathigerum,0.996,False,Enallagma cyathigerum,True
rf,6,ODOPL100-19,Enallagma cyathigerum,Enallagma cyathigerum,0.93,False,Enallagma cyathigerum,True
rf,6,ODTRI012-14,Enallagma cyathigerum,Enallagma cyathigerum,0.916,False,Enallagma cyathigerum,True
rf,6,AODON773-20,Erythromma lindenii,Erythromma lindenii,0.946,False,Erythromma lindenii,True
rf,6,FBAQU491-10,Erythromma lindenii,Erythromma lindenii,0.932,False,Erythromma lindenii,True
rf,6,ODOBP5490-16,Erythromma lindenii,Erythromma lindenii,0.986,False,Erythromma lindenii,True
rf,6,TRSKA2008-20,Erythromma lindenii,Erythromma lindenii,0.958,False,Erythromma lindenii,True
rf,6,TRSKA2051-20,Erythromma lindenii,Erythromma lindenii,0.96,False,Erythromma lindenii,True
rf,6,TRSKA2053-20,Erythromma lindenii,Erythromma lindenii,0.996,False,Erythromma lindenii,True
rf,6,TRSKA2661-20,Erythromma lindenii,Erythromma lindenii,0.974,False,Erythromma lindenii,True
rf,6,TRSKA2727-20,Erythromma lindenii,Erythromma lindenii,0.984,False,Erythromma lindenii,True
rf,6,TRSKA2778-20,Erythromma lindenii,Erythromma lindenii,0.984,False,Erythromma lindenii,True
rf,6,ZPLOD358-20,Erythromma lindenii,Erythromma lindenii,0.846,False,Erythromma lindenii,True
rf,6,ZPLOD366-20,Erythromma lindenii,Erythromma lindenii,0.994,False,Erythromma lindenii,True
rf,6,ZPLOD392-20,Erythromma lindenii,Erythromma lindenii,0.96,False,Erythromma lindenii,True
rf,6,ZPLOD823-20,Erythromma lindenii,Erythromma lindenii,0.958,False,Erythromma lindenii,True
rf,6,AODON049-20,Erythromma najas,Erythromma najas,0.958,False,Erythromma najas,True
rf,6,AODON495-20,Erythromma najas,Erythromma najas,0.916,False,Erythromma najas,True
rf,6,AODON617-20,Erythromma najas,Erythromma najas,0.81,False,Erythromma najas,True
rf,6,AODON618-20,Erythromma najas,Erythromma najas,0.938,False,Erythromma najas,True
rf,6,FBAQU492-10,Erythromma najas,Erythromma najas,0.916,False,Erythromma najas,True
rf,6,GBMH3358-07,Erythromma najas,Erythromma najas,0.988,False,Erythromma najas,True
rf,6,GBMH3362-07,Erythromma najas,Erythromma najas,0.992,False,Erythromma najas,True
rf,6,GBMH3412-07,Erythromma najas,Erythromma najas,0.988,False,Erythromma najas,True
rf,6,GBMH3421-07,Erythromma najas,Erythromma najas,0.942,False,Erythromma najas,True
rf,6,GBMH6702-09,Erythromma najas,Erythromma najas,0.982,False,Erythromma najas,True
rf,6,LEFIJ15499-21,Erythromma najas,Erythromma najas,0.784,False,Erythromma najas,True
rf,6,LEFIJ7810-18,Erythromma najas,Erythromma najas,0.994,False,Erythromma najas,True
rf,6,ODOPL010-18,Erythromma najas,Erythromma najas,0.988,False,Erythromma najas,True
rf,6,AODON092-20,Erythromma viridulum,Erythromma viridulum,0.976,False,Erythromma viridulum,True
rf,6,AODON387-20,Erythromma viridulum,Erythromma viridulum,0.962,False,Erythromma viridulum,True
rf,6,AODON392-20,Erythromma viridulum,Erythromma viridulum,1.0,False,Erythromma viridulum,True
rf,6,BGEPL3206-25,Erythromma viridulum,Erythromma viridulum,0.952,False,Erythromma viridulum,True
rf,6,BGEPL3209-25,Erythromma viridulum,Erythromma viridulum,1.0,False,Erythromma viridulum,True
rf,6,PGCBG7107-20,Erythromma viridulum,Erythromma viridulum,0.968,False,Erythromma viridulum,True
rf,6,PLSW076-20,Erythromma viridulum,Erythromma viridulum,0.958,False,Erythromma viridulum,True
rf,6,TRSKA2665-20,Erythromma viridulum,Erythromma viridulum,0.976,False,Erythromma viridulum,True
rf,6,TRSKA2677-20,Erythromma viridulum,Erythromma viridulum,1.0,False,Erythromma viridulum,True
rf,6,TRSKA2693-20,Erythromma viridulum,Erythromma viridulum,0.922,False,Erythromma viridulum,True
rf,6,AODON184-20,Ischnura elegans,Ischnura elegans,0.73,False,Ischnura elegans,True
rf,6,AODON784-20,Ischnura elegans,Ischnura elegans,0.466,True,unknown,True
rf,6,AODON868-22,Ischnura elegans,Ischnura genei,0.74,False,Ischnura genei,False
rf,6,BCAI157-26,Ischnura elegans,Ischnura genei,0.758,False,Ischnura genei,False
rf,6,DTNHM5532-23,Ischnura elegans,Ischnura elegans,0.886,False,Ischnura elegans,True
rf,6,DTNHM5533-23,Ischnura elegans,Ischnura elegans,0.832,False,Ischnura elegans,True
rf,6,GBMIX1779-15,Ischnura elegans,Ischnura genei,1.0,False,Ischnura genei,False
rf,6,GBMNA38097-19,Ischnura elegans,Ischnura elegans,0.918,False,Ischnura elegans,True
rf,6,GBMND4311-21,Ischnura elegans,Ischnura elegans,0.77,False,Ischnura elegans,True
rf,6,GBODO021-18,Ischnura elegans,Ischnura elegans,0.886,False,Ischnura elegans,True
rf,6,GBODO061-18,Ischnura elegans,Ischnura elegans,0.888,False,Ischnura elegans,True
rf,6,LEFIJ15506-21,Ischnura elegans,Ischnura elegans,0.716,False,Ischnura elegans,True
rf,6,LEFIJ5910-17,Ischnura elegans,Ischnura genei,1.0,False,Ischnura genei,False
rf,6,ODOBP5339-16,Ischnura elegans,Ischnura genei,0.742,False,Ischnura genei,False
rf,6,ODOPL026-19,Ischnura elegans,Ischnura elegans,0.522,False,Ischnura elegans,True
rf,6,ODOPL028-19,Ischnura elegans,Ischnura saharensis,0.596,False,Ischnura saharensis,False
rf,6,ODOPL048-19,Ischnura elegans,Ischnura elegans,0.54,False,Ischnura elegans,True
rf,6,ZPLOD431-20,Ischnura elegans,Ischnura genei,0.692,False,Ischnura genei,False
rf,6,ZPLOD454-20,Ischnura genei,Ischnura genei,0.98,False,Ischnura genei,True
rf,6,AODON039-20,Ischnura pumilio,Ischnura pumilio,0.996,False,Ischnura pumilio,True
rf,6,BGEPL3219-25,Ischnura pumilio,Ischnura pumilio,0.986,False,Ischnura pumilio,True
rf,6,FBAQU496-10,Ischnura pumilio,Ischnura pumilio,0.85,False,Ischnura pumilio,True
rf,6,GBAAM37383-25,Ischnura saharensis,Ischnura elegans,0.808,False,Ischnura elegans,False
rf,6,GBAAW69085-24,Ischnura saharensis,Ischnura saharensis,0.966,False,Ischnura saharensis,True
rf,6,AODON718-20,Nehalennia speciosa,Nehalennia speciosa,0.904,False,Nehalennia speciosa,True
rf,6,BGEPL3307-25,Nehalennia speciosa,Nehalennia speciosa,0.966,False,Nehalennia speciosa,True
rf,6,ZPLOD560-20,Nehalennia speciosa,Nehalennia speciosa,0.936,False,Nehalennia speciosa,True
rf,6,GBMHO1829-19,Pyrrhosoma elisabethae,Pyrrhosoma elisabethae,0.682,False,Pyrrhosoma elisabethae,True
rf,6,AODON278-20,Pyrrhosoma nymphula,Pyrrhosoma nymphula,0.994,False,Pyrrhosoma nymphula,True
rf,6,AODON348-20,Pyrrhosoma nymphula,Pyrrhosoma nymphula,0.936,False,Pyrrhosoma nymphula,True
rf,6,ARISE3190-26,Pyrrhosoma nymphula,Pyrrhosoma nymphula,1.0,False,Pyrrhosoma nymphula,True
rf,6,FBAQU321-09,Pyrrhosoma nymphula,Pyrrhosoma nymphula,0.994,False,Pyrrhosoma nymphula,True
rf,6,FBAQU510-10,Pyrrhosoma nymphula,Pyrrhosoma nymphula,0.916,False,Pyrrhosoma nymphula,True
rf,6,GBAAW56262-24,Pyrrhosoma nymphula,Pyrrhosoma nymphula,0.968,False,Pyrrhosoma nymphula,True
rf,6,GBMIN88634-17,Pyrrhosoma nymphula,Pyrrhosoma nymphula,0.728,False,Pyrrhosoma nymphula,True
rf,6,GBMIN88636-17,Pyrrhosoma nymphula,Pyrrhosoma nymphula,0.92,False,Pyrrhosoma nymphula,True
rf,6,HMYZ137-21,Pyrrhosoma nymphula,Pyrrhosoma nymphula,0.976,False,Pyrrhosoma nymphula,True
rf,6,LEFIJ29497-22,Pyrrhosoma nymphula,Pyrrhosoma nymphula,0.964,False,Pyrrhosoma nymphula,True
rf,6,AODON275-20,Crocothemis erythraea,Crocothemis erythraea,0.946,False,Crocothemis erythraea,True
rf,6,AODON371-20,Crocothemis erythraea,Crocothemis erythraea,0.962,False,Crocothemis erythraea,True
rf,6,FBAQU312-09,Crocothemis erythraea,Crocothemis erythraea,0.98,False,Crocothemis erythraea,True
rf,6,GBAAW80744-24,Crocothemis erythraea,Crocothemis erythraea,0.912,False,Crocothemis erythraea,True
rf,6,PLSW071-20,Crocothemis erythraea,Crocothemis erythraea,0.966,False,Crocothemis erythraea,True
rf,6,TRSKA2100-20,Crocothemis erythraea,Crocothemis erythraea,0.992,False,Crocothemis erythraea,True
rf,6,ZPLOD328-20,Crocothemis erythraea,Crocothemis erythraea,0.996,False,Crocothemis erythraea,True
rf,6,ZPLOD331-20,Crocothemis erythraea,Crocothemis erythraea,1.0,False,Crocothemis erythraea,True
rf,6,AODON681-20,Leucorrhinia caudalis,Leucorrhinia caudalis,0.924,False,Leucorrhinia caudalis,True
rf,6,AODON480-20,Leucorrhinia dubia,Leucorrhinia dubia,0.914,False,Leucorrhinia dubia,True
rf,6,AODON903-22,Leucorrhinia dubia,Leucorrhinia dubia,0.94,False,Leucorrhinia dubia,True
rf,6,DTNHM5774-23,Leucorrhinia dubia,Leucorrhinia dubia,0.938,False,Leucorrhinia dubia,True
rf,6,LEFIJ7816-18,Leucorrhinia dubia,Leucorrhinia dubia,0.952,False,Leucorrhinia dubia,True
rf,6,ODOBP5352-16,Leucorrhinia dubia,Leucorrhinia dubia,0.97,False,Leucorrhinia dubia,True
rf,6,ODOPL099-19,Leucorrhinia dubia,Leucorrhinia dubia,0.884,False,Leucorrhinia dubia,True
rf,6,ODOPL024-19,Leucorrhinia pectoralis,Leucorrhinia pectoralis,0.788,False,Leucorrhinia pectoralis,True
rf,6,PLSW053-20,Leucorrhinia pectoralis,Leucorrhinia pectoralis,0.966,False,Leucorrhinia pectoralis,True
rf,6,AODON668-20,Leucorrhinia rubicunda,Leucorrhinia rubicunda,1.0,False,Leucorrhinia rubicunda,True
rf,6,ANBIO098-19,Libellula depressa,Libellula depressa,0.778,False,Libellula depressa,True
rf,6,PLSW148-20,Libellula depressa,Libellula depressa,0.982,False,Libellula depressa,True
rf,6,ZPLOD526-20,Libellula depressa,Libellula depressa,0.964,False,Libellula depressa,True
rf,6,ZPLOD534-20,Libellula depressa,Libellula depressa,0.954,False,Libellula depressa,True
rf,6,AODON072-20,Libellula fulva,Libellula fulva,0.99,False,Libellula fulva,True
rf,6,AODON515-20,Libellula fulva,Libellula fulva,0.99,False,Libellula fulva,True
rf,6,LEFIJ5931-17,Libellula fulva,Libellula fulva,0.96,False,Libellula fulva,True
rf,6,PLSW034-20,Libellula fulva,Libellula fulva,1.0,False,Libellula fulva,True
rf,6,AODON363-20,Libellula quadrimaculata,Libellula quadrimaculata,0.954,False,Libellula quadrimaculata,True
rf,6,AODON482-20,Libellula quadrimaculata,Libellula quadrimaculata,0.93,False,Libellula quadrimaculata,True
rf,6,AODON613-20,Libellula quadrimaculata,Libellula quadrimaculata,0.956,False,Libellula quadrimaculata,True
rf,6,DTNHM10238-24,Libellula quadrimaculata,Libellula quadrimaculata,0.82,False,Libellula quadrimaculata,True
rf,6,ODOBP5331-16,Libellula quadrimaculata,Libellula quadrimaculata,0.972,False,Libellula quadrimaculata,True
rf,6,ODOPL098-19,Libellula quadrimaculata,Libellula quadrimaculata,0.974,False,Libellula quadrimaculata,True
rf,6,PLSW031-20,Libellula quadrimaculata,Libellula quadrimaculata,0.96,False,Libellula quadrimaculata,True
rf,6,TRDOD003-14,Libellula quadrimaculata,Libellula quadrimaculata,0.966,False,Libellula quadrimaculata,True
rf,6,TRDOD028-14,Libellula quadrimaculata,Libellula quadrimaculata,0.96,False,Libellula quadrimaculata,True
rf,6,AODON042-20,Orthetrum albistylum,Orthetrum albistylum,0.998,False,Orthetrum albistylum,True
rf,6,EDF010-18,Orthetrum albistylum,Orthetrum albistylum,0.99,False,Orthetrum albistylum,True
rf,6,AODON217-20,Orthetrum brunneum,Orthetrum brunneum,0.96,False,Orthetrum brunneum,True
rf,6,AODON521-20,Orthetrum brunneum,Orthetrum brunneum,0.956,False,Orthetrum brunneum,True
rf,6,HUAQM025-20,Orthetrum brunneum,Orthetrum brunneum,1.0,False,Orthetrum brunneum,True
rf,6,ZPLOD609-20,Orthetrum brunneum,Orthetrum brunneum,0.948,False,Orthetrum brunneum,True
rf,6,AODON354-20,Orthetrum cancellatum,Orthetrum cancellatum,0.94,False,Orthetrum cancellatum,True
rf,6,AODON369-20,Orthetrum cancellatum,Orthetrum cancellatum,0.924,False,Orthetrum cancellatum,True
rf,6,AODON635-20,Orthetrum cancellatum,Orthetrum cancellatum,0.962,False,Orthetrum cancellatum,True
rf,6,AODON636-20,Orthetrum cancellatum,Orthetrum cancellatum,0.898,False,Orthetrum cancellatum,True
rf,6,FBAQU505-10,Orthetrum cancellatum,Orthetrum cancellatum,0.944,False,Orthetrum cancellatum,True
rf,6,GBAAY74681-24,Orthetrum cancellatum,Orthetrum cancellatum,0.916,False,Orthetrum cancellatum,True
rf,6,GBAAY74684-24,Orthetrum cancellatum,Orthetrum cancellatum,0.96,False,Orthetrum cancellatum,True
rf,6,GODO038-18,Orthetrum cancellatum,Orthetrum cancellatum,0.94,False,Orthetrum cancellatum,True
rf,6,ODOBP2891-16,Orthetrum cancellatum,Orthetrum cancellatum,0.996,False,Orthetrum cancellatum,True
rf,6,ODOPL051-19,Orthetrum cancellatum,Orthetrum cancellatum,0.926,False,Orthetrum cancellatum,True
rf,6,TRSKA2115-20,Orthetrum cancellatum,Orthetrum cancellatum,0.96,False,Orthetrum cancellatum,True
rf,6,ZPLOD613-20,Orthetrum cancellatum,Orthetrum cancellatum,0.948,False,Orthetrum cancellatum,True
rf,6,AODON071-20,Orthetrum coerulescens,Orthetrum coerulescens,0.952,False,Orthetrum coerulescens,True
rf,6,AODON512-20,Orthetrum coerulescens,Orthetrum coerulescens,0.892,False,Orthetrum coerulescens,True
rf,6,AODON887-22,Orthetrum coerulescens,Orthetrum coerulescens,0.928,False,Orthetrum coerulescens,True
rf,6,DTNHM10237-24,Orthetrum coerulescens,Orthetrum coerulescens,0.942,False,Orthetrum coerulescens,True
rf,6,GBAAW78360-24,Orthetrum coerulescens,Orthetrum coerulescens,0.964,False,Orthetrum coerulescens,True
rf,6,GBAAX3578-24,Orthetrum coerulescens,Orthetrum coerulescens,0.964,False,Orthetrum coerulescens,True
rf,6,GBAAY36359-24,Orthetrum coerulescens,Orthetrum coerulescens,0.994,False,Orthetrum coerulescens,True
rf,6,GBAAY36375-24,Orthetrum coerulescens,Orthetrum coerulescens,0.926,False,Orthetrum coerulescens,True
rf,6,GBAAY36383-24,Orthetrum coerulescens,Orthetrum coerulescens,0.894,False,Orthetrum coerulescens,True
rf,6,GBAAY36391-24,Orthetrum coerulescens,Orthetrum coerulescens,0.986,False,Orthetrum coerulescens,True
rf,6,ZPLOD626-20,Orthetrum coerulescens,Orthetrum coerulescens,0.988,False,Orthetrum coerulescens,True
rf,6,ZPLOD703-20,Selysiothemis nigra,Selysiothemis nigra,0.996,False,Selysiothemis nigra,True
rf,6,AODON260-20,Sympetrum danae,Sympetrum danae,0.984,False,Sympetrum danae,True
rf,6,AODON302-20,Sympetrum danae,Sympetrum danae,0.864,False,Sympetrum danae,True
rf,6,AODON596-20,Sympetrum danae,Sympetrum danae,0.998,False,Sympetrum danae,True
rf,6,EDF020-20,Sympetrum depressiusculum,Sympetrum depressiusculum,1.0,False,Sympetrum depressiusculum,True
rf,6,LEFIJ29530-22,Sympetrum flaveolum,Sympetrum flaveolum,0.952,False,Sympetrum flaveolum,True
rf,6,AODON689-20,Sympetrum fonscolombii,Sympetrum fonscolombii,0.918,False,Sympetrum fonscolombii,True
rf,6,ODOBP3557-16,Sympetrum fonscolombii,Sympetrum fonscolombii,0.996,False,Sympetrum fonscolombii,True
rf,6,PLSW088-20,Sympetrum fonscolombii,Sympetrum fonscolombii,0.996,False,Sympetrum fonscolombii,True
rf,6,AODON377-20,Sympetrum meridionale,Sympetrum meridionale,0.874,False,Sympetrum meridionale,True
rf,6,GBEPT950-14,Sympetrum meridionale,Sympetrum meridionale,0.446,True,unknown,True
rf,6,ODOBP5470-16,Sympetrum meridionale,Sympetrum meridionale,0.982,False,Sympetrum meridionale,True
rf,6,ZPLOD772-20,Sympetrum meridionale,Sympetrum meridionale,0.906,False,Sympetrum meridionale,True
rf,6,AODON876-22,Sympetrum pedemontanum,Sympetrum pedemontanum,0.982,False,Sympetrum pedemontanum,True
rf,6,ZPLOD781-20,Sympetrum pedemontanum,Sympetrum pedemontanum,0.97,False,Sympetrum pedemontanum,True
rf,6,AODON112-20,Sympetrum sanguineum,Sympetrum sanguineum,0.996,False,Sympetrum sanguineum,True
rf,6,AODON353-20,Sympetrum sanguineum,Sympetrum sanguineum,0.954,False,Sympetrum sanguineum,True
rf,6,AODON539-20,Sympetrum sanguineum,Sympetrum sanguineum,0.984,False,Sympetrum sanguineum,True
rf,6,AODON875-22,Sympetrum sanguineum,Sympetrum sanguineum,0.984,False,Sympetrum sanguineum,True
rf,6,ODOBP2890-16,Sympetrum sanguineum,Sympetrum sanguineum,0.998,False,Sympetrum sanguineum,True
rf,6,PLSW067-20,Sympetrum sanguineum,Sympetrum sanguineum,0.894,False,Sympetrum sanguineum,True
rf,6,ZPLOD783-20,Sympetrum sanguineum,Sympetrum sanguineum,0.962,False,Sympetrum sanguineum,True
rf,6,ANBIO101-19,Sympetrum striolatum,Sympetrum sanguineum,0.93,False,Sympetrum sanguineum,False
rf,6,AODON139-20,Sympetrum striolatum,Sympetrum striolatum,0.99,False,Sympetrum striolatum,True
rf,6,AODON629-20,Sympetrum striolatum,Sympetrum striolatum,0.99,False,Sympetrum striolatum,True
rf,6,AODON637-20,Sympetrum striolatum,Sympetrum striolatum,0.974,False,Sympetrum striolatum,True
rf,6,TRDOD086-14,Sympetrum striolatum,Sympetrum striolatum,0.926,False,Sympetrum striolatum,True
rf,6,ZPLOD800-20,Sympetrum striolatum,Sympetrum striolatum,0.912,False,Sympetrum striolatum,True
rf,6,AODON118-20,Sympetrum vulgatum,Sympetrum vulgatum,0.996,False,Sympetrum vulgatum,True
rf,6,AODON272-20,Sympetrum vulgatum,Sympetrum vulgatum,0.962,False,Sympetrum vulgatum,True
rf,6,AODON379-20,Sympetrum vulgatum,Sympetrum vulgatum,0.886,False,Sympetrum vulgatum,True
rf,6,AODON879-22,Sympetrum vulgatum,Sympetrum vulgatum,0.994,False,Sympetrum vulgatum,True
rf,6,GBMHO3213-19,Sympetrum vulgatum,Sympetrum vulgatum,0.972,False,Sympetrum vulgatum,True
rf,6,LEFIJ29531-22,Sympetrum vulgatum,Sympetrum vulgatum,0.962,False,Sympetrum vulgatum,True
rf,6,PLSW082-20,Sympetrum vulgatum,Sympetrum vulgatum,0.98,False,Sympetrum vulgatum,True
rf,6,ZPLOD811-20,Trithemis annulata,Trithemis annulata,0.946,False,Trithemis annulata,True
