query_id,true_species,predicted_species,predicted_genus,n_refs_in_clade,ref_species_in_clade,correct
UMAAO073-24,Ceriagrion tenellum,Ceriagrion tenellum,Ceriagrion,3,Ceriagrion tenellum,True
ODOBP2894-16,Ceriagrion tenellum,Ceriagrion tenellum,Ceriagrion,3,Ceriagrion tenellum,True
TRDOD016-14,Coenagrion armatum,Coenagrion armatum,Coenagrion,1,Coenagrion armatum,True
ZPLOD189-20,Coenagrion caerulescens,Coenagrion caerulescens,Coenagrion,4,Coenagrion caerulescens,True
ZPLOD192-20,Coenagrion caerulescens,Coenagrion caerulescens,Coenagrion,4,Coenagrion caerulescens,True
ODTRI004-14,Coenagrion hastulatum,Coenagrion hastulatum,Coenagrion,8,Coenagrion hastulatum,True
ODTRI006-14,Coenagrion hastulatum,Coenagrion hastulatum,Coenagrion,7,Coenagrion hastulatum,True
LEFIJ15493-21,Coenagrion hastulatum,Coenagrion hastulatum,Coenagrion,2,Coenagrion hastulatum,True
AODON676-20,Coenagrion hastulatum,Coenagrion hastulatum,Coenagrion,8,Coenagrion hastulatum,True
AODON485-20,Coenagrion hastulatum,Coenagrion hastulatum,Coenagrion,9,Coenagrion hastulatum,True
ZPLOD202-20,Coenagrion hastulatum,Coenagrion hastulatum,Coenagrion,1,Coenagrion hastulatum,True
AODON912-22,Coenagrion hastulatum,Coenagrion hastulatum,Coenagrion,7,Coenagrion hastulatum,True
LEFIJ29508-22,Coenagrion johanssoni,Coenagrion johanssoni,Coenagrion,2,Coenagrion johanssoni,True
ODOBP5327-16,Coenagrion lunulatum,Coenagrion lunulatum,Coenagrion,1,Coenagrion lunulatum,True
GBMIN88583-17,Coenagrion mercuriale,Coenagrion mercuriale,Coenagrion,2,Coenagrion mercuriale,True
FBAQU1429-13,Coenagrion mercuriale,Coenagrion mercuriale,Coenagrion,1,Coenagrion mercuriale,True
AODON667-20,Coenagrion ornatum,ambiguous,Coenagrion,3,Coenagrion puella;Coenagrion pulchellum,False
AODON944-22,Coenagrion ornatum,Coenagrion puella,Coenagrion,2,Coenagrion puella,False
LEFIJ15497-21,Coenagrion puella,Coenagrion puella,Coenagrion,1,Coenagrion puella,True
GBMIN88590-17,Coenagrion puella,Coenagrion pulchellum,Coenagrion,1,Coenagrion pulchellum,False
GBODO186-18,Coenagrion puella,Coenagrion pulchellum,Coenagrion,1,Coenagrion pulchellum,False
AODON902-22,Coenagrion puella,Coenagrion puella,Coenagrion,2,Coenagrion puella,True
GODO029-18,Coenagrion puella,ambiguous,Coenagrion,4,Coenagrion puella;Coenagrion pulchellum,False
ODOPL070-19,Coenagrion puella,Coenagrion pulchellum,Coenagrion,1,Coenagrion pulchellum,False
ZPLOD234-20,Coenagrion puella,Coenagrion puella,Coenagrion,1,Coenagrion puella,True
GBODO069-18,Coenagrion puella,ambiguous,Coenagrion,22,Coenagrion ornatum;Coenagrion puella;Coenagrion pulchellum,False
DTNHM13000-24,Coenagrion puella,Coenagrion puella,Coenagrion,1,Coenagrion puella,True
ODOPL069-19,Coenagrion puella,Coenagrion puella,Coenagrion,1,Coenagrion puella,True
AODON020-20,Coenagrion puella,ambiguous,Coenagrion,15,Coenagrion ornatum;Coenagrion puella;Coenagrion pulchellum,False
GBODO037-18,Coenagrion puella,Coenagrion puella,Coenagrion,3,Coenagrion puella,True
GBMNA38105-19,Coenagrion puella,Coenagrion puella,Coenagrion,1,Coenagrion puella,True
FBAQU528-10,Coenagrion puella,Coenagrion puella,Coenagrion,1,Coenagrion puella,True
AODON179-20,Coenagrion puella,Coenagrion puella,Coenagrion,2,Coenagrion puella,True
AODON499-20,Coenagrion pulchellum,Coenagrion puella,Coenagrion,1,Coenagrion puella,False
ZPLOD262-20,Coenagrion pulchellum,ambiguous,Coenagrion,46,Coenagrion ornatum;Coenagrion puella;Coenagrion pulchellum,False
ZPLOD256-20,Coenagrion pulchellum,ambiguous,Coenagrion,46,Coenagrion ornatum;Coenagrion puella;Coenagrion pulchellum,False
KURS023-21,Coenagrion pulchellum,Coenagrion pulchellum,Coenagrion,1,Coenagrion pulchellum,True
AODON924-22,Coenagrion pulchellum,Coenagrion puella,Coenagrion,2,Coenagrion puella,False
ODTRI009-14,Coenagrion pulchellum,Coenagrion pulchellum,Coenagrion,1,Coenagrion pulchellum,True
AODON186-20,Coenagrion pulchellum,Coenagrion pulchellum,Coenagrion,1,Coenagrion pulchellum,True
AODON009-20,Coenagrion pulchellum,ambiguous,Coenagrion,4,Coenagrion puella;Coenagrion pulchellum,False
AODON365-20,Coenagrion pulchellum,Coenagrion pulchellum,Coenagrion,7,Coenagrion pulchellum,True
GBEPT903-14,Coenagrion pulchellum,Coenagrion pulchellum,Coenagrion,2,Coenagrion pulchellum,True
TRSKA2839-20,Coenagrion scitulum,Coenagrion scitulum,Coenagrion,6,Coenagrion scitulum,True
TRSKA2848-20,Coenagrion scitulum,Coenagrion scitulum,Coenagrion,6,Coenagrion scitulum,True
GBEPT907-14,Coenagrion scitulum,Coenagrion scitulum,Coenagrion,6,Coenagrion scitulum,True
TRSKA2100-20,Crocothemis erythraea,Crocothemis erythraea,Crocothemis,1,Crocothemis erythraea,True
GBAAW80744-24,Crocothemis erythraea,Crocothemis erythraea,Crocothemis,15,Crocothemis erythraea,True
FBAQU312-09,Crocothemis erythraea,Crocothemis erythraea,Crocothemis,2,Crocothemis erythraea,True
AODON275-20,Crocothemis erythraea,Crocothemis erythraea,Crocothemis,11,Crocothemis erythraea,True
ZPLOD328-20,Crocothemis erythraea,Crocothemis erythraea,Crocothemis,1,Crocothemis erythraea,True
ZPLOD331-20,Crocothemis erythraea,Crocothemis erythraea,Crocothemis,2,Crocothemis erythraea,True
AODON371-20,Crocothemis erythraea,Crocothemis erythraea,Crocothemis,15,Crocothemis erythraea,True
PLSW071-20,Crocothemis erythraea,Crocothemis erythraea,Crocothemis,1,Crocothemis erythraea,True
AODON283-20,Enallagma cyathigerum,Enallagma cyathigerum,Enallagma,12,Enallagma cyathigerum,True
GBODO096-18,Enallagma cyathigerum,Enallagma cyathigerum,Enallagma,2,Enallagma cyathigerum,True
AODON360-20,Enallagma cyathigerum,Enallagma cyathigerum,Enallagma,9,Enallagma cyathigerum,True
AODON438-20,Enallagma cyathigerum,Enallagma cyathigerum,Enallagma,1,Enallagma cyathigerum,True
AODON254-20,Enallagma cyathigerum,Enallagma cyathigerum,Enallagma,2,Enallagma cyathigerum,True
HETFI049-11,Enallagma cyathigerum,Enallagma cyathigerum,Enallagma,3,Enallagma cyathigerum,True
ODTRI012-14,Enallagma cyathigerum,Enallagma cyathigerum,Enallagma,1,Enallagma cyathigerum,True
AODON288-20,Enallagma cyathigerum,Enallagma cyathigerum,Enallagma,1,Enallagma cyathigerum,True
BGEPL3214-25,Enallagma cyathigerum,Enallagma cyathigerum,Enallagma,2,Enallagma cyathigerum,True
AODON149-20,Enallagma cyathigerum,Enallagma cyathigerum,Enallagma,1,Enallagma cyathigerum,True
LEFIJ5909-17,Enallagma cyathigerum,Enallagma cyathigerum,Enallagma,12,Enallagma cyathigerum,True
ODOPL100-19,Enallagma cyathigerum,Enallagma cyathigerum,Enallagma,1,Enallagma cyathigerum,True
LEFIJ7803-18,Enallagma cyathigerum,Enallagma cyathigerum,Enallagma,12,Enallagma cyathigerum,True
LEFIJ15502-21,Enallagma cyathigerum,Enallagma cyathigerum,Enallagma,12,Enallagma cyathigerum,True
GBODO172-18,Enallagma cyathigerum,Enallagma cyathigerum,Enallagma,1,Enallagma cyathigerum,True
FBAQU490-10,Enallagma cyathigerum,Enallagma cyathigerum,Enallagma,1,Enallagma cyathigerum,True
TRSKA2661-20,Erythromma lindenii,Erythromma lindenii,Erythromma,1,Erythromma lindenii,True
ZPLOD392-20,Erythromma lindenii,Erythromma lindenii,Erythromma,5,Erythromma lindenii,True
TRSKA2727-20,Erythromma lindenii,Erythromma lindenii,Erythromma,2,Erythromma lindenii,True
FBAQU491-10,Erythromma lindenii,Erythromma lindenii,Erythromma,6,Erythromma lindenii,True
ODOBP5490-16,Erythromma lindenii,Erythromma lindenii,Erythromma,1,Erythromma lindenii,True
AODON773-20,Erythromma lindenii,Erythromma lindenii,Erythromma,1,Erythromma lindenii,True
ZPLOD823-20,Erythromma lindenii,Erythromma lindenii,Erythromma,1,Erythromma lindenii,True
ZPLOD358-20,Erythromma lindenii,Erythromma lindenii,Erythromma,14,Erythromma lindenii,True
TRSKA2778-20,Erythromma lindenii,Erythromma lindenii,Erythromma,2,Erythromma lindenii,True
ZPLOD366-20,Erythromma lindenii,Erythromma lindenii,Erythromma,2,Erythromma lindenii,True
TRSKA2051-20,Erythromma lindenii,Erythromma lindenii,Erythromma,1,Erythromma lindenii,True
TRSKA2053-20,Erythromma lindenii,Erythromma lindenii,Erythromma,1,Erythromma lindenii,True
TRSKA2008-20,Erythromma lindenii,Erythromma lindenii,Erythromma,1,Erythromma lindenii,True
GBMH6702-09,Erythromma najas,Erythromma najas,Erythromma,5,Erythromma najas,True
ODOPL010-18,Erythromma najas,Erythromma najas,Erythromma,10,Erythromma najas,True
GBMH3362-07,Erythromma najas,Erythromma najas,Erythromma,6,Erythromma najas,True
AODON618-20,Erythromma najas,Erythromma najas,Erythromma,1,Erythromma najas,True
LEFIJ15499-21,Erythromma najas,Erythromma najas,Erythromma,31,Erythromma najas,True
GBMH3421-07,Erythromma najas,Erythromma najas,Erythromma,5,Erythromma najas,True
AODON049-20,Erythromma najas,Erythromma najas,Erythromma,7,Erythromma najas,True
AODON617-20,Erythromma najas,Erythromma najas,Erythromma,1,Erythromma najas,True
FBAQU492-10,Erythromma najas,Erythromma najas,Erythromma,19,Erythromma najas,True
GBMH3358-07,Erythromma najas,Erythromma najas,Erythromma,6,Erythromma najas,True
LEFIJ7810-18,Erythromma najas,Erythromma najas,Erythromma,5,Erythromma najas,True
AODON495-20,Erythromma najas,Erythromma najas,Erythromma,1,Erythromma najas,True
GBMH3412-07,Erythromma najas,Erythromma najas,Erythromma,7,Erythromma najas,True
BGEPL3206-25,Erythromma viridulum,Erythromma viridulum,Erythromma,2,Erythromma viridulum,True
TRSKA2677-20,Erythromma viridulum,Erythromma viridulum,Erythromma,2,Erythromma viridulum,True
PGCBG7107-20,Erythromma viridulum,Erythromma viridulum,Erythromma,5,Erythromma viridulum,True
AODON392-20,Erythromma viridulum,Erythromma viridulum,Erythromma,1,Erythromma viridulum,True
AODON092-20,Erythromma viridulum,Erythromma viridulum,Erythromma,1,Erythromma viridulum,True
BGEPL3209-25,Erythromma viridulum,Erythromma viridulum,Erythromma,2,Erythromma viridulum,True
TRSKA2693-20,Erythromma viridulum,Erythromma viridulum,Erythromma,1,Erythromma viridulum,True
PLSW076-20,Erythromma viridulum,Erythromma viridulum,Erythromma,2,Erythromma viridulum,True
TRSKA2665-20,Erythromma viridulum,Erythromma viridulum,Erythromma,1,Erythromma viridulum,True
AODON387-20,Erythromma viridulum,Erythromma viridulum,Erythromma,3,Erythromma viridulum,True
ZPLOD431-20,Ischnura elegans,Ischnura elegans,Ischnura,1,Ischnura elegans,True
ODOPL048-19,Ischnura elegans,Ischnura elegans,Ischnura,1,Ischnura elegans,True
BCAI157-26,Ischnura elegans,Ischnura elegans,Ischnura,7,Ischnura elegans,True
GBMIX1779-15,Ischnura elegans,Ischnura genei,Ischnura,1,Ischnura genei,False
AODON184-20,Ischnura elegans,Ischnura elegans,Ischnura,22,Ischnura elegans,True
DTNHM5533-23,Ischnura elegans,Ischnura elegans,Ischnura,4,Ischnura elegans,True
AODON868-22,Ischnura elegans,Ischnura elegans,Ischnura,1,Ischnura elegans,True
ODOPL026-19,Ischnura elegans,Ischnura elegans,Ischnura,5,Ischnura elegans,True
GBMNA38097-19,Ischnura elegans,Ischnura elegans,Ischnura,1,Ischnura elegans,True
ODOPL028-19,Ischnura elegans,Ischnura elegans,Ischnura,1,Ischnura elegans,True
DTNHM5532-23,Ischnura elegans,Ischnura elegans,Ischnura,7,Ischnura elegans,True
GBODO021-18,Ischnura elegans,Ischnura elegans,Ischnura,6,Ischnura elegans,True
LEFIJ5910-17,Ischnura elegans,Ischnura genei,Ischnura,1,Ischnura genei,False
GBODO061-18,Ischnura elegans,Ischnura elegans,Ischnura,7,Ischnura elegans,True
ODOBP5339-16,Ischnura elegans,Ischnura elegans,Ischnura,23,Ischnura elegans,True
AODON784-20,Ischnura elegans,ambiguous,Ischnura,48,Ischnura elegans;Ischnura genei;Ischnura saharensis,False
GBMND4311-21,Ischnura elegans,Ischnura elegans,Ischnura,1,Ischnura elegans,True
LEFIJ15506-21,Ischnura elegans,Ischnura elegans,Ischnura,2,Ischnura elegans,True
ZPLOD454-20,Ischnura genei,Ischnura genei,Ischnura,2,Ischnura genei,True
FBAQU496-10,Ischnura pumilio,Ischnura pumilio,Ischnura,1,Ischnura pumilio,True
AODON039-20,Ischnura pumilio,Ischnura pumilio,Ischnura,4,Ischnura pumilio,True
BGEPL3219-25,Ischnura pumilio,Ischnura pumilio,Ischnura,2,Ischnura pumilio,True
GBAAM37383-25,Ischnura saharensis,Ischnura elegans,Ischnura,4,Ischnura elegans,False
GBAAW69085-24,Ischnura saharensis,Ischnura saharensis,Ischnura,1,Ischnura saharensis,True
AODON681-20,Leucorrhinia caudalis,Leucorrhinia caudalis,Leucorrhinia,2,Leucorrhinia caudalis,True
LEFIJ7816-18,Leucorrhinia dubia,Leucorrhinia dubia,Leucorrhinia,6,Leucorrhinia dubia,True
ODOBP5352-16,Leucorrhinia dubia,Leucorrhinia dubia,Leucorrhinia,6,Leucorrhinia dubia,True
ODOPL099-19,Leucorrhinia dubia,Leucorrhinia dubia,Leucorrhinia,1,Leucorrhinia dubia,True
AODON903-22,Leucorrhinia dubia,Leucorrhinia dubia,Leucorrhinia,6,Leucorrhinia dubia,True
AODON480-20,Leucorrhinia dubia,Leucorrhinia dubia,Leucorrhinia,2,Leucorrhinia dubia,True
DTNHM5774-23,Leucorrhinia dubia,Leucorrhinia dubia,Leucorrhinia,1,Leucorrhinia dubia,True
PLSW053-20,Leucorrhinia pectoralis,Leucorrhinia pectoralis,Leucorrhinia,3,Leucorrhinia pectoralis,True
ODOPL024-19,Leucorrhinia pectoralis,Leucorrhinia pectoralis,Leucorrhinia,3,Leucorrhinia pectoralis,True
AODON668-20,Leucorrhinia rubicunda,Leucorrhinia rubicunda,Leucorrhinia,3,Leucorrhinia rubicunda,True
ZPLOD526-20,Libellula depressa,Libellula depressa,Libellula,1,Libellula depressa,True
PLSW148-20,Libellula depressa,Libellula depressa,Libellula,1,Libellula depressa,True
ANBIO098-19,Libellula depressa,Libellula depressa,Libellula,1,Libellula depressa,True
ZPLOD534-20,Libellula depressa,Libellula depressa,Libellula,1,Libellula depressa,True
PLSW034-20,Libellula fulva,Libellula fulva,Libellula,1,Libellula fulva,True
AODON072-20,Libellula fulva,Libellula fulva,Libellula,5,Libellula fulva,True
AODON515-20,Libellula fulva,Libellula fulva,Libellula,3,Libellula fulva,True
LEFIJ5931-17,Libellula fulva,Libellula fulva,Libellula,1,Libellula fulva,True
AODON482-20,Libellula quadrimaculata,Libellula quadrimaculata,Libellula,9,Libellula quadrimaculata,True
ODOBP5331-16,Libellula quadrimaculata,Libellula quadrimaculata,Libellula,1,Libellula quadrimaculata,True
AODON363-20,Libellula quadrimaculata,Libellula quadrimaculata,Libellula,1,Libellula quadrimaculata,True
TRDOD003-14,Libellula quadrimaculata,Libellula quadrimaculata,Libellula,1,Libellula quadrimaculata,True
ODOPL098-19,Libellula quadrimaculata,Libellula quadrimaculata,Libellula,1,Libellula quadrimaculata,True
AODON613-20,Libellula quadrimaculata,Libellula quadrimaculata,Libellula,9,Libellula quadrimaculata,True
PLSW031-20,Libellula quadrimaculata,Libellula quadrimaculata,Libellula,1,Libellula quadrimaculata,True
TRDOD028-14,Libellula quadrimaculata,Libellula quadrimaculata,Libellula,1,Libellula quadrimaculata,True
DTNHM10238-24,Libellula quadrimaculata,Libellula quadrimaculata,Libellula,1,Libellula quadrimaculata,True
ZPLOD560-20,Nehalennia speciosa,Nehalennia speciosa,Nehalennia,3,Nehalennia speciosa,True
AODON718-20,Nehalennia speciosa,Nehalennia speciosa,Nehalennia,5,Nehalennia speciosa,True
BGEPL3307-25,Nehalennia speciosa,Nehalennia speciosa,Nehalennia,1,Nehalennia speciosa,True
AODON042-20,Orthetrum albistylum,Orthetrum albistylum,Orthetrum,1,Orthetrum albistylum,True
EDF010-18,Orthetrum albistylum,Orthetrum albistylum,Orthetrum,1,Orthetrum albistylum,True
AODON521-20,Orthetrum brunneum,Orthetrum brunneum,Orthetrum,1,Orthetrum brunneum,True
AODON217-20,Orthetrum brunneum,Orthetrum brunneum,Orthetrum,1,Orthetrum brunneum,True
HUAQM025-20,Orthetrum brunneum,Orthetrum brunneum,Orthetrum,2,Orthetrum brunneum,True
ZPLOD609-20,Orthetrum brunneum,Orthetrum brunneum,Orthetrum,5,Orthetrum brunneum,True
ODOBP2891-16,Orthetrum cancellatum,Orthetrum cancellatum,Orthetrum,8,Orthetrum cancellatum,True
ODOPL051-19,Orthetrum cancellatum,Orthetrum cancellatum,Orthetrum,2,Orthetrum cancellatum,True
AODON354-20,Orthetrum cancellatum,Orthetrum cancellatum,Orthetrum,1,Orthetrum cancellatum,True
AODON369-20,Orthetrum cancellatum,Orthetrum cancellatum,Orthetrum,1,Orthetrum cancellatum,True
GODO038-18,Orthetrum cancellatum,Orthetrum cancellatum,Orthetrum,1,Orthetrum cancellatum,True
AODON635-20,Orthetrum cancellatum,Orthetrum cancellatum,Orthetrum,1,Orthetrum cancellatum,True
FBAQU505-10,Orthetrum cancellatum,Orthetrum cancellatum,Orthetrum,1,Orthetrum cancellatum,True
GBAAY74681-24,Orthetrum cancellatum,Orthetrum cancellatum,Orthetrum,2,Orthetrum cancellatum,True
ZPLOD613-20,Orthetrum cancellatum,Orthetrum cancellatum,Orthetrum,1,Orthetrum cancellatum,True
GBAAY74684-24,Orthetrum cancellatum,Orthetrum cancellatum,Orthetrum,1,Orthetrum cancellatum,True
AODON636-20,Orthetrum cancellatum,Orthetrum cancellatum,Orthetrum,1,Orthetrum cancellatum,True
TRSKA2115-20,Orthetrum cancellatum,Orthetrum cancellatum,Orthetrum,1,Orthetrum cancellatum,True
GBAAY36359-24,Orthetrum coerulescens,Orthetrum coerulescens,Orthetrum,6,Orthetrum coerulescens,True
DTNHM10237-24,Orthetrum coerulescens,Orthetrum coerulescens,Orthetrum,3,Orthetrum coerulescens,True
AODON887-22,Orthetrum coerulescens,Orthetrum coerulescens,Orthetrum,1,Orthetrum coerulescens,True
GBAAY36375-24,Orthetrum coerulescens,Orthetrum coerulescens,Orthetrum,2,Orthetrum coerulescens,True
AODON071-20,Orthetrum coerulescens,Orthetrum coerulescens,Orthetrum,1,Orthetrum coerulescens,True
GBAAX3578-24,Orthetrum coerulescens,Orthetrum coerulescens,Orthetrum,1,Orthetrum coerulescens,True
GBAAW78360-24,Orthetrum coerulescens,Orthetrum coerulescens,Orthetrum,6,Orthetrum coerulescens,True
ZPLOD626-20,Orthetrum coerulescens,Orthetrum coerulescens,Orthetrum,1,Orthetrum coerulescens,True
AODON512-20,Orthetrum coerulescens,Orthetrum coerulescens,Orthetrum,3,Orthetrum coerulescens,True
GBAAY36391-24,Orthetrum coerulescens,Orthetrum coerulescens,Orthetrum,7,Orthetrum coerulescens,True
GBAAY36383-24,Orthetrum coerulescens,Orthetrum coerulescens,Orthetrum,1,Orthetrum coerulescens,True
GBMHO1829-19,Pyrrhosoma elisabethae,Pyrrhosoma elisabethae,Pyrrhosoma,2,Pyrrhosoma elisabethae,True
ARISE3190-26,Pyrrhosoma nymphula,Pyrrhosoma nymphula,Pyrrhosoma,7,Pyrrhosoma nymphula,True
GBMIN88636-17,Pyrrhosoma nymphula,Pyrrhosoma nymphula,Pyrrhosoma,1,Pyrrhosoma nymphula,True
FBAQU510-10,Pyrrhosoma nymphula,Pyrrhosoma nymphula,Pyrrhosoma,1,Pyrrhosoma nymphula,True
AODON348-20,Pyrrhosoma nymphula,Pyrrhosoma nymphula,Pyrrhosoma,14,Pyrrhosoma nymphula,True
LEFIJ29497-22,Pyrrhosoma nymphula,Pyrrhosoma nymphula,Pyrrhosoma,2,Pyrrhosoma nymphula,True
GBMIN88634-17,Pyrrhosoma nymphula,Pyrrhosoma nymphula,Pyrrhosoma,1,Pyrrhosoma nymphula,True
HMYZ137-21,Pyrrhosoma nymphula,Pyrrhosoma nymphula,Pyrrhosoma,2,Pyrrhosoma nymphula,True
AODON278-20,Pyrrhosoma nymphula,Pyrrhosoma nymphula,Pyrrhosoma,1,Pyrrhosoma nymphula,True
GBAAW56262-24,Pyrrhosoma nymphula,Pyrrhosoma nymphula,Pyrrhosoma,7,Pyrrhosoma nymphula,True
FBAQU321-09,Pyrrhosoma nymphula,Pyrrhosoma nymphula,Pyrrhosoma,1,Pyrrhosoma nymphula,True
ZPLOD703-20,Selysiothemis nigra,Selysiothemis nigra,Selysiothemis,1,Selysiothemis nigra,True
AODON596-20,Sympetrum danae,Sympetrum danae,Sympetrum,6,Sympetrum danae,True
AODON260-20,Sympetrum danae,Sympetrum danae,Sympetrum,4,Sympetrum danae,True
AODON302-20,Sympetrum danae,Sympetrum danae,Sympetrum,7,Sympetrum danae,True
EDF020-20,Sympetrum depressiusculum,Sympetrum depressiusculum,Sympetrum,2,Sympetrum depressiusculum,True
LEFIJ29530-22,Sympetrum flaveolum,Sympetrum flaveolum,Sympetrum,1,Sympetrum flaveolum,True
PLSW088-20,Sympetrum fonscolombii,Sympetrum fonscolombii,Sympetrum,1,Sympetrum fonscolombii,True
AODON689-20,Sympetrum fonscolombii,Sympetrum fonscolombii,Sympetrum,4,Sympetrum fonscolombii,True
ODOBP3557-16,Sympetrum fonscolombii,Sympetrum fonscolombii,Sympetrum,1,Sympetrum fonscolombii,True
ZPLOD772-20,Sympetrum meridionale,Sympetrum meridionale,Sympetrum,9,Sympetrum meridionale,True
GBEPT950-14,Sympetrum meridionale,Sympetrum meridionale,Sympetrum,9,Sympetrum meridionale,True
ODOBP5470-16,Sympetrum meridionale,Sympetrum meridionale,Sympetrum,1,Sympetrum meridionale,True
AODON377-20,Sympetrum meridionale,Sympetrum meridionale,Sympetrum,3,Sympetrum meridionale,True
ZPLOD781-20,Sympetrum pedemontanum,Sympetrum pedemontanum,Sympetrum,1,Sympetrum pedemontanum,True
AODON876-22,Sympetrum pedemontanum,Sympetrum pedemontanum,Sympetrum,1,Sympetrum pedemontanum,True
ODOBP2890-16,Sympetrum sanguineum,Sympetrum sanguineum,Sympetrum,1,Sympetrum sanguineum,True
AODON353-20,Sympetrum sanguineum,Sympetrum sanguineum,Sympetrum,2,Sympetrum sanguineum,True
PLSW067-20,Sympetrum sanguineum,Sympetrum sanguineum,Sympetrum,1,Sympetrum sanguineum,True
AODON875-22,Sympetrum sanguineum,Sympetrum sanguineum,Sympetrum,3,Sympetrum sanguineum,True
ZPLOD783-20,Sympetrum sanguineum,Sympetrum sanguineum,Sympetrum,2,Sympetrum sanguineum,True
AODON112-20,Sympetrum sanguineum,Sympetrum sanguineum,Sympetrum,3,Sympetrum sanguineum,True
AODON539-20,Sympetrum sanguineum,Sympetrum sanguineum,Sympetrum,4,Sympetrum sanguineum,True
TRDOD086-14,Sympetrum striolatum,Sympetrum striolatum,Sympetrum,1,Sympetrum striolatum,True
ZPLOD800-20,Sympetrum striolatum,Sympetrum striolatum,Sympetrum,13,Sympetrum striolatum,True
AODON637-20,Sympetrum striolatum,Sympetrum striolatum,Sympetrum,12,Sympetrum striolatum,True
ANBIO101-19,Sympetrum striolatum,Sympetrum sanguineum,Sympetrum,5,Sympetrum sanguineum,False
AODON139-20,Sympetrum striolatum,Sympetrum striolatum,Sympetrum,13,Sympetrum striolatum,True
AODON629-20,Sympetrum striolatum,Sympetrum striolatum,Sympetrum,1,Sympetrum striolatum,True
LEFIJ29531-22,Sympetrum vulgatum,Sympetrum vulgatum,Sympetrum,11,Sympetrum vulgatum,True
AODON879-22,Sympetrum vulgatum,Sympetrum vulgatum,Sympetrum,5,Sympetrum vulgatum,True
GBMHO3213-19,Sympetrum vulgatum,Sympetrum vulgatum,Sympetrum,3,Sympetrum vulgatum,True
AODON272-20,Sympetrum vulgatum,Sympetrum vulgatum,Sympetrum,5,Sympetrum vulgatum,True
AODON379-20,Sympetrum vulgatum,Sympetrum vulgatum,Sympetrum,10,Sympetrum vulgatum,True
PLSW082-20,Sympetrum vulgatum,Sympetrum vulgatum,Sympetrum,11,Sympetrum vulgatum,True
AODON118-20,Sympetrum vulgatum,Sympetrum vulgatum,Sympetrum,3,Sympetrum vulgatum,True
ZPLOD811-20,Trithemis annulata,Trithemis annulata,Trithemis,2,Trithemis annulata,True
