method,species,precision,recall,n_queries
nj,Ceriagrion tenellum,1.0,1.0,2
nj,Coenagrion armatum,1.0,1.0,1
nj,Coenagrion caerulescens,1.0,1.0,2
nj,Coenagrion hastulatum,1.0,1.0,7
nj,Coenagrion johanssoni,1.0,1.0,1
nj,Coenagrion lunulatum,1.0,1.0,1
nj,Coenagrion mercuriale,1.0,1.0,2
nj,Coenagrion ornatum,0.0,0.0,2
nj,Coenagrion puella,0.75,0.6,15
nj,Coenagrion pulchellum,0.625,0.5,10
nj,Coenagrion scitulum,1.0,1.0,3
nj,Crocothemis erythraea,1.0,1.0,8
nj,Enallagma cyathigerum,1.0,1.0,16
nj,Erythromma lindenii,1.0,1.0,13
nj,Erythromma najas,1.0,1.0,13
nj,Erythromma viridulum,1.0,1.0,10
nj,Ischnura elegans,0.938,0.833,18
nj,Ischnura genei,0.333,1.0,1
nj,Ischnura pumilio,1.0,1.0,3
nj,Ischnura saharensis,1.0,0.5,2
nj,Leucorrhinia caudalis,1.0,1.0,1
nj,Leucorrhinia dubia,1.0,1.0,6
nj,Leucorrhinia pectoralis,1.0,1.0,2
nj,Leucorrhinia rubicunda,1.0,1.0,1
nj,Libellula depressa,1.0,1.0,4
nj,Libellula fulva,1.0,1.0,4
nj,Libellula quadrimaculata,1.0,1.0,9
nj,Nehalennia speciosa,1.0,1.0,3
nj,Orthetrum albistylum,1.0,1.0,2
nj,Orthetrum brunneum,1.0,1.0,4
nj,Orthetrum cancellatum,1.0,1.0,12
nj,Orthetrum coerulescens,1.0,1.0,11
nj,Pyrrhosoma elisabethae,1.0,1.0,1
nj,Pyrrhosoma nymphula,1.0,1.0,10
nj,Selysiothemis nigra,1.0,1.0,1
nj,Sympetrum danae,1.0,1.0,3
nj,Sympetrum depressiusculum,1.0,1.0,1
nj,Sympetrum flaveolum,1.0,1.0,1
nj,Sympetrum fonscolombii,1.0,1.0,3
nj,Sympetrum meridionale,1.0,1.0,4
nj,Sympetrum pedemontanum,1.0,1.0,2
nj,Sympetrum sanguineum,0.875,1.0,7
nj,Sympetrum striolatum,1.0,0.833,6
nj,Sympetrum vulgatum,1.0,1.0,7
nj,Trithemis annulata,1.0,1.0,1
knn_k4,Ceriagrion tenellum,1.0,1.0,2
knn_k4,Coenagrion armatum,1.0,1.0,1
knn_k4,Coenagrion caerulescens,1.0,1.0,2
knn_k4,Coenagrion hastulatum,1.0,1.0,7
knn_k4,Coenagrion johanssoni,1.0,1.0,1
knn_k4,Coenagrion lunulatum,1.0,1.0,1
knn_k4,Coenagrion mercuriale,1.0,1.0,2
knn_k4,Coenagrion ornatum,0.0,0.0,2
knn_k4,Coenagrion puella,0.667,0.667,15
knn_k4,Coenagrion pulchellum,0.583,0.7,10
knn_k4,Coenagrion scitulum,1.0,1.0,3
knn_k4,Crocothemis erythraea,1.0,1.0,8
knn_k4,Enallagma cyathigerum,1.0,1.0,16
knn_k4,Erythromma lindenii,1.0,1.0,13
knn_k4,Erythromma najas,1.0,1.0,13
knn_k4,Erythromma viridulum,1.0,1.0,10
knn_k4,Ischnura elegans,0.842,0.889,18
knn_k4,Ischnura genei,0.0,0.0,1
knn_k4,Ischnura pumilio,1.0,1.0,3
knn_k4,Ischnura saharensis,0.0,0.0,2
knn_k4,Leucorrhinia caudalis,1.0,1.0,1
knn_k4,Leucorrhinia dubia,1.0,1.0,6
knn_k4,Leucorrhinia pectoralis,1.0,1.0,2
knn_k4,Leucorrhinia rubicunda,1.0,1.0,1
knn_k4,Libellula depressa,1.0,1.0,4
knn_k4,Libellula fulva,1.0,1.0,4
knn_k4,Libellula quadrimaculata,1.0,1.0,9
knn_k4,Nehalennia speciosa,1.0,1.0,3
knn_k4,Orthetrum albistylum,1.0,1.0,2
knn_k4,Orthetrum brunneum,1.0,1.0,4
knn_k4,Orthetrum cancellatum,1.0,1.0,12
knn_k4,Orthetrum coerulescens,1.0,1.0,11
knn_k4,Pyrrhosoma elisabethae,1.0,1.0,1
knn_k4,Pyrrhosoma nymphula,1.0,1.0,10
knn_k4,Selysiothemis nigra,1.0,1.0,1
knn_k4,Sympetrum danae,1.0,1.0,3
knn_k4,Sympetrum depressiusculum,1.0,1.0,1
knn_k4,Sympetrum flaveolum,1.0,1.0,1
knn_k4,Sympetrum fonscolombii,1.0,1.0,3
knn_k4,Sympetrum meridionale,1.0,1.0,4
knn_k4,Sympetrum pedemontanum,1.0,1.0,2
knn_k4,Sympetrum sanguineum,0.875,1.0,7
knn_k4,Sympetrum striolatum,1.0,0.833,6
knn_k4,Sympetrum vulgatum,1.0,1.0,7
knn_k4,Trithemis annulata,1.0,1.0,1
knn_k6,Ceriagrion tenellum,1.0,1.0,2
knn_k6,Coenagrion armatum,1.0,1.0,1
knn_k6,Coenagrion caerulescens,1.0,1.0,2
knn_k6,Coenagrion hastulatum,1.0,1.0,7
knn_k6,Coenagrion johanssoni,1.0,1.0,1
knn_k6,Coenagrion lunulatum,1.0,1.0,1
knn_k6,Coenagrion mercuriale,1.0,1.0,2
knn_k6,Coenagrion ornatum,0.0,0.0,2
knn_k6,Coenagrion puella,0.625,0.667,15
knn_k6,Coenagrion pulchellum,0.6,0.6,10
knn_k6,Coenagrion scitulum,1.0,1.0,3
knn_k6,Crocothemis erythraea,1.0,1.0,8
knn_k6,Enallagma cyathigerum,1.0,1.0,16
knn_k6,Erythromma lindenii,1.0,1.0,13
knn_k6,Erythromma najas,1.0,1.0,13
knn_k6,Erythromma viridulum,1.0,1.0,10
knn_k6,Ischnura elegans,0.889,0.889,18
knn_k6,Ischnura genei,0.0,0.0,1
knn_k6,Ischnura pumilio,1.0,1.0,3
knn_k6,Ischnura saharensis,1.0,0.5,2
knn_k6,Leucorrhinia caudalis,1.0,1.0,1
knn_k6,Leucorrhinia dubia,1.0,1.0,6
knn_k6,Leucorrhinia pectoralis,1.0,1.0,2
knn_k6,Leucorrhinia rubicunda,1.0,1.0,1
knn_k6,Libellula depressa,1.0,1.0,4
knn_k6,Libellula fulva,1.0,1.0,4
knn_k6,Libellula quadrimaculata,1.0,1.0,9
knn_k6,Nehalennia speciosa,1.0,1.0,3
knn_k6,Orthetrum albistylum,1.0,1.0,2
knn_k6,Orthetrum brunneum,1.0,1.0,4
knn_k6,Orthetrum cancellatum,1.0,1.0,12
knn_k6,Orthetrum coerulescens,1.0,1.0,11
knn_k6,Pyrrhosoma elisabethae,1.0,1.0,1
knn_k6,Pyrrhosoma nymphula,1.0,1.0,10
knn_k6,Selysiothemis nigra,1.0,1.0,1
knn_k6,Sympetrum danae,1.0,1.0,3
knn_k6,Sympetrum depressiusculum,1.0,1.0,1
knn_k6,Sympetrum flaveolum,1.0,1.0,1
knn_k6,Sympetrum fonscolombii,1.0,1.0,3
knn_k6,Sympetrum meridionale,1.0,1.0,4
knn_k6,Sympetrum pedemontanum,1.0,1.0,2
knn_k6,Sympetrum sanguineum,0.875,1.0,7
knn_k6,Sympetrum striolatum,1.0,0.833,6
knn_k6,Sympetrum vulgatum,1.0,1.0,7
knn_k6,Trithemis annulata,1.0,1.0,1
rf_k4,Ceriagrion tenellum,1.0,1.0,2
rf_k4,Coenagrion armatum,1.0,1.0,1
rf_k4,Coenagrion caerulescens,1.0,1.0,2
rf_k4,Coenagrion hastulatum,1.0,1.0,7
rf_k4,Coenagrion johanssoni,1.0,1.0,1
rf_k4,Coenagrion lunulatum,1.0,1.0,1
rf_k4,Coenagrion mercuriale,1.0,1.0,2
rf_k4,Coenagrion ornatum,0.0,0.0,2
rf_k4,Coenagrion puella,0.714,0.667,15
rf_k4,Coenagrion pulchellum,0.778,0.7,10
rf_k4,Coenagrion scitulum,1.0,1.0,3
rf_k4,Crocothemis erythraea,1.0,1.0,8
rf_k4,Enallagma cyathigerum,1.0,1.0,16
rf_k4,Erythromma lindenii,1.0,1.0,13
rf_k4,Erythromma najas,1.0,1.0,13
rf_k4,Erythromma viridulum,1.0,1.0,10
rf_k4,Ischnura elegans,0.909,0.556,18
rf_k4,Ischnura genei,0.143,1.0,1
rf_k4,Ischnura pumilio,1.0,1.0,3
rf_k4,Ischnura saharensis,0.333,0.5,2
rf_k4,Leucorrhinia caudalis,1.0,1.0,1
rf_k4,Leucorrhinia dubia,1.0,1.0,6
rf_k4,Leucorrhinia pectoralis,1.0,1.0,2
rf_k4,Leucorrhinia rubicunda,1.0,1.0,1
rf_k4,Libellula depressa,1.0,1.0,4
rf_k4,Libellula fulva,1.0,1.0,4
rf_k4,Libellula quadrimaculata,1.0,1.0,9
rf_k4,Nehalennia speciosa,1.0,1.0,3
rf_k4,Orthetrum albistylum,1.0,1.0,2
rf_k4,Orthetrum brunneum,1.0,1.0,4
rf_k4,Orthetrum cancellatum,1.0,1.0,12
rf_k4,Orthetrum coerulescens,1.0,1.0,11
rf_k4,Pyrrhosoma elisabethae,1.0,1.0,1
rf_k4,Pyrrhosoma nymphula,1.0,1.0,10
rf_k4,Selysiothemis nigra,1.0,1.0,1
rf_k4,Sympetrum danae,1.0,1.0,3
rf_k4,Sympetrum depressiusculum,1.0,1.0,1
rf_k4,Sympetrum flaveolum,1.0,1.0,1
rf_k4,Sympetrum fonscolombii,1.0,1.0,3
rf_k4,Sympetrum meridionale,1.0,1.0,4
rf_k4,Sympetrum pedemontanum,1.0,1.0,2
rf_k4,Sympetrum sanguineum,0.875,1.0,7
rf_k4,Sympetrum striolatum,1.0,0.833,6
rf_k4,Sympetrum vulgatum,1.0,1.0,7
rf_k4,Trithemis annulata,1.0,1.0,1
rf_k6,Ceriagrion tenellum,1.0,1.0,2
rf_k6,Coenagrion armatum,1.0,1.0,1
rf_k6,Coenagrion caerulescens,1.0,1.0,2
rf_k6,Coenagrion hastulatum,1.0,1.0,7
rf_k6,Coenagrion johanssoni,1.0,1.0,1
rf_k6,Coenagrion lunulatum,1.0,1.0,1
rf_k6,Coenagrion mercuriale,1.0,1.0,2
rf_k6,Coenagrion ornatum,0.0,0.0,2
rf_k6,Coenagrion puella,0.769,0.667,15
rf_k6,Coenagrion pulchellum,0.8,0.8,10
rf_k6,Coenagrion scitulum,1.0,1.0,3
rf_k6,Crocothemis erythraea,1.0,1.0,8
rf_k6,Enallagma cyathigerum,1.0,1.0,16
rf_k6,Erythromma lindenii,1.0,1.0,13
rf_k6,Erythromma najas,1.0,1.0,13
rf_k6,Erythromma viridulum,1.0,1.0,10
rf_k6,Ischnura elegans,0.917,0.611,18
rf_k6,Ischnura genei,0.143,1.0,1
rf_k6,Ischnura pumilio,1.0,1.0,3
rf_k6,Ischnura saharensis,0.5,0.5,2
rf_k6,Leucorrhinia caudalis,1.0,1.0,1
rf_k6,Leucorrhinia dubia,1.0,1.0,6
rf_k6,Leucorrhinia pectoralis,1.0,1.0,2
rf_k6,Leucorrhinia rubicunda,1.0,1.0,1
rf_k6,Libellula depressa,1.0,1.0,4
rf_k6,Libellula fulva,1.0,1.0,4
rf_k6,Libellula quadrimaculata,1.0,1.0,9
rf_k6,Nehalennia speciosa,1.0,1.0,3
rf_k6,Orthetrum albistylum,1.0,1.0,2
rf_k6,Orthetrum brunneum,1.0,1.0,4
rf_k6,Orthetrum cancellatum,1.0,1.0,12
rf_k6,Orthetrum coerulescens,1.0,1.0,11
rf_k6,Pyrrhosoma elisabethae,1.0,1.0,1
rf_k6,Pyrrhosoma nymphula,1.0,1.0,10
rf_k6,Selysiothemis nigra,1.0,1.0,1
rf_k6,Sympetrum danae,1.0,1.0,3
rf_k6,Sympetrum depressiusculum,1.0,1.0,1
rf_k6,Sympetrum flaveolum,1.0,1.0,1
rf_k6,Sympetrum fonscolombii,1.0,1.0,3
rf_k6,Sympetrum meridionale,1.0,1.0,4
rf_k6,Sympetrum pedemontanum,1.0,1.0,2
rf_k6,Sympetrum sanguineum,0.875,1.0,7
rf_k6,Sympetrum striolatum,1.0,0.833,6
rf_k6,Sympetrum vulgatum,1.0,1.0,7
rf_k6,Trithemis annulata,1.0,1.0,1
