method,setting,unknown_flagged_rate,unknown_false_assignment_rate,unknown_near_relative_rate,unknown_other_genus_rate,known_accuracy,known_flagged_rate,n_unknown,n_known
nj,rule,0.3309,0.6691,0.6691,0.0,0.9223,0.0311,139,193
knn_k4,no threshold,0.0,1.0,1.0,0.0,0.9223,0.0,139,193
knn_k6,no threshold,0.0,1.0,1.0,0.0,0.9223,0.0,139,193
rf_k4,no threshold,0.0,1.0,0.6906,0.3094,0.9067,0.0,139,193
rf_k6,no threshold,0.0,1.0,0.7842,0.2158,0.9067,0.0,139,193
knn_k4,accept 90%,1.0,0.0,0.0,0.0,0.829,0.0933,139,193
knn_k4,accept 95%,1.0,0.0,0.0,0.0,0.8756,0.0466,139,193
knn_k4,accept 99%,0.9784,0.0216,0.0216,0.0,0.9067,0.0155,139,193
knn_k6,accept 90%,1.0,0.0,0.0,0.0,0.8497,0.0725,139,193
knn_k6,accept 95%,1.0,0.0,0.0,0.0,0.8756,0.0466,139,193
knn_k6,accept 99%,0.9784,0.0216,0.0216,0.0,0.9016,0.0207,139,193
rf_k4,accept 90%,0.9784,0.0216,0.0216,0.0,0.8446,0.0777,139,193
rf_k4,accept 95%,0.9137,0.0863,0.0863,0.0,0.8653,0.0518,139,193
rf_k4,accept 99%,0.8561,0.1439,0.1439,0.0,0.8912,0.0207,139,193
rf_k6,accept 90%,0.9784,0.0216,0.0216,0.0,0.8601,0.0622,139,193
rf_k6,accept 95%,0.8849,0.1151,0.1151,0.0,0.8705,0.0518,139,193
rf_k6,accept 99%,0.8417,0.1583,0.1583,0.0,0.9016,0.0104,139,193
