seq_id,species,genus,family,bin,country,length,trimmed
DTNHM3572-21,Ceriagrion tenellum,Ceriagrion,Coenagrionidae,BOLD:ACH6070,United Kingdom,658,False
GBAAW68518-24,Ceriagrion tenellum,Ceriagrion,Coenagrionidae,BOLD:ACH6070,Portugal,644,False
ODOBP2894-16,Ceriagrion tenellum,Ceriagrion,Coenagrionidae,BOLD:ACH6070,Netherlands,658,False
UMAAO073-24,Ceriagrion tenellum,Ceriagrion,Coenagrionidae,BOLD:ACH6070,France,658,False
ZPLOD127-20,Ceriagrion tenellum,Ceriagrion,Coenagrionidae,BOLD:ACH6070,Italy,658,False
ZPLOD129-20,Ceriagrion tenellum,Ceriagrion,Coenagrionidae,BOLD:ACH6070,Italy,658,False
LEFIJ29506-22,Coenagrion armatum,Coenagrion,Coenagrionidae,BOLD:ACP7016,Finland,651,False
LEFIJ33955-23,Coenagrion armatum,Coenagrion,Coenagrionidae,BOLD:ACP7016,Finland,651,False
TRDOD016-14,Coenagrion armatum,Coenagrion,Coenagrionidae,BOLD:ACP7016,Norway,658,False
ZPLOD189-20,Coenagrion caerulescens,Coenagrion,Coenagrionidae,BOLD:ADK6267,Italy,658,False
ZPLOD190-20,Coenagrion caerulescens,Coenagrion,Coenagrionidae,BOLD:ADK6267,Italy,658,False
ZPLOD192-20,Coenagrion caerulescens,Coenagrion,Coenagrionidae,BOLD:ADK6267,Italy,658,False
ZPLOD194-20,Coenagrion caerulescens,Coenagrion,Coenagrionidae,BOLD:ADK6267,Italy,658,False
ZPLOD195-20,Coenagrion caerulescens,Coenagrion,Coenagrionidae,BOLD:ADK6267,Italy,658,False
ZPLOD196-20,Coenagrion caerulescens,Coenagrion,Coenagrionidae,BOLD:ADK6267,Italy,658,False
AODON405-20,Coenagrion hastulatum,Coenagrion,Coenagrionidae,BOLD:ACH0316,Austria,656,True
AODON425-20,Coenagrion hastulatum,Coenagrion,Coenagrionidae,BOLD:ACH0316,Austria,656,True
AODON426-20,Coenagrion hastulatum,Coenagrion,Coenagrionidae,BOLD:ACH0316,Austria,656,True
AODON483-20,Coenagrion hastulatum,Coenagrion,Coenagrionidae,BOLD:ACH0316,Austria,683,False
AODON485-20,Coenagrion hastulatum,Coenagrion,Coenagrionidae,BOLD:ACH0316,Austria,656,True
AODON676-20,Coenagrion hastulatum,Coenagrion,Coenagrionidae,BOLD:ACH0316,Austria,663,False
AODON858-22,Coenagrion hastulatum,Coenagrion,Coenagrionidae,BOLD:ACH0316,Austria,657,False
AODON859-22,Coenagrion hastulatum,Coenagrion,Coenagrionidae,BOLD:ACH0316,Austria,657,False
AODON912-22,Coenagrion hastulatum,Coenagrion,Coenagrionidae,BOLD:ACH0316,Austria,683,False
AODON946-22,Coenagrion hastulatum,Coenagrion,Coenagrionidae,BOLD:ACH0316,Austria,683,False
FBAQU556-10,Coenagrion hastulatum,Coenagrion,Coenagrionidae,BOLD:ACH0316,Germany,658,False
GBMNC60714-20,Coenagrion hastulatum,Coenagrion,Coenagrionidae,BOLD:ACH0316,France,693,False
LEFIJ15493-21,Coenagrion hastulatum,Coenagrion,Coenagrionidae,BOLD:ACH0316,Finland,653,False
ODOBP5474-16,Coenagrion hastulatum,Coenagrion,Coenagrionidae,BOLD:ACH0316,Netherlands,658,False
ODOPL072-19,Coenagrion hastulatum,Coenagrion,Coenagrionidae,BOLD:ACH0316,Poland,636,False
ODTRI004-14,Coenagrion hastulatum,Coenagrion,Coenagrionidae,BOLD:ACH0316,Norway,631,False
ODTRI006-14,Coenagrion hastulatum,Coenagrion,Coenagrionidae,BOLD:ACH0316,Norway,621,False
PLSW010-20,Coenagrion hastulatum,Coenagrion,Coenagrionidae,BOLD:ACH0316,Poland,618,False
TRDOD042-14,Coenagrion hastulatum,Coenagrion,Coenagrionidae,BOLD:ACH0316,Norway,658,False
TRDOD075-14,Coenagrion hastulatum,Coenagrion,Coenagrionidae,BOLD:ACH0316,Norway,630,False
TRDOD076-14,Coenagrion hastulatum,Coenagrion,Coenagrionidae,BOLD:ACH0316,Norway,630,False
ZPLOD202-20,Coenagrion hastulatum,Coenagrion,Coenagrionidae,BOLD:ACH0316,Italy,658,False
LEFIJ29508-22,Coenagrion johanssoni,Coenagrion,Coenagrionidae,BOLD:AFF9728,Finland,654,False
ODTRI007-14,Coenagrion johanssoni,Coenagrion,Coenagrionidae,BOLD:ACM5448,Norway,621,False
TRDOD005-14,Coenagrion johanssoni,Coenagrion,Coenagrionidae,BOLD:ACM5448,Norway,658,False
LEFIJ29511-22,Coenagrion lunulatum,Coenagrion,Coenagrionidae,BOLD:ACG0288,Finland,650,False
LEFIJ7811-18,Coenagrion lunulatum,Coenagrion,Coenagrionidae,BOLD:ADU4718,Finland,640,False
ODOBP5327-16,Coenagrion lunulatum,Coenagrion,Coenagrionidae,BOLD:ACG0288,Netherlands,658,False
ODOBP5328-16,Coenagrion lunulatum,Coenagrion,Coenagrionidae,BOLD:ACG0288,Netherlands,658,False
AODON907-22,Coenagrion mercuriale,Coenagrion,Coenagrionidae,BOLD:ACG0797,Austria,683,False
AODON917-22,Coenagrion mercuriale,Coenagrion,Coenagrionidae,BOLD:ADS2145,Austria,683,False
FBAQU1429-13,Coenagrion mercuriale,Coenagrion,Coenagrionidae,BOLD:ACG0797,Germany,658,False
GBMIN88583-17,Coenagrion mercuriale,Coenagrion,Coenagrionidae,BOLD:ADK3511,Italy,685,False
GBMIN88584-17,Coenagrion mercuriale,Coenagrion,Coenagrionidae,BOLD:ADK3511,Italy,687,False
GBMIN88586-17,Coenagrion mercuriale,Coenagrion,Coenagrionidae,BOLD:ADK3511,Italy,628,False
ZPLOD203-20,Coenagrion mercuriale,Coenagrion,Coenagrionidae,BOLD:ADK3511,Italy,658,False
ZPLOD208-20,Coenagrion mercuriale,Coenagrion,Coenagrionidae,BOLD:ADK3511,Italy,658,False
AODON427-20,Coenagrion ornatum,Coenagrion,Coenagrionidae,BOLD:AAJ0782,Austria,658,True
AODON667-20,Coenagrion ornatum,Coenagrion,Coenagrionidae,BOLD:AAJ0782,Austria,658,True
AODON944-22,Coenagrion ornatum,Coenagrion,Coenagrionidae,BOLD:AAJ0782,Austria,683,False
FBAQU1446-13,Coenagrion ornatum,Coenagrion,Coenagrionidae,BOLD:AAJ0782,Germany,658,False
ZPLOD212-20,Coenagrion ornatum,Coenagrion,Coenagrionidae,BOLD:AAJ0782,Italy,658,False
ANBIO202-19,Coenagrion puella,Coenagrion,Coenagrionidae,BOLD:AAJ0782,United Kingdom,658,False
AODON007-20,Coenagrion puella,Coenagrion,Coenagrionidae,BOLD:AAJ0782,Austria,658,True
AODON020-20,Coenagrion puella,Coenagrion,Coenagrionidae,BOLD:AAJ0782,Austria,658,True
AODON058-20,Coenagrion puella,Coenagrion,Coenagrionidae,BOLD:AAJ0782,Austria,637,True
AODON062-20,Coenagrion puella,Coenagrion,Coenagrionidae,BOLD:AAJ0782,Austria,658,True
AODON172-20,Coenagrion puella,Coenagrion,Coenagrionidae,BOLD:AAJ0782,Austria,695,False
AODON179-20,Coenagrion puella,Coenagrion,Coenagrionidae,BOLD:AAJ0782,Austria,685,False
AODON187-20,Coenagrion puella,Coenagrion,Coenagrionidae,BOLD:AAJ0782,Austria,658,True
AODON229-20,Coenagrion puella,Coenagrion,Coenagrionidae,BOLD:AAJ0782,Austria,658,True
AODON343-20,Coenagrion puella,Coenagrion,Coenagrionidae,BOLD:AAJ0782,Austria,658,True
AODON349-20,Coenagrion puella,Coenagrion,Coenagrionidae,BOLD:AAJ0782,Austria,658,True
AODON423-20,Coenagrion puella,Coenagrion,Coenagrionidae,BOLD:AAJ0782,Austria,683,False
AODON484-20,Coenagrion puella,Coenagrion,Coenagrionidae,BOLD:AAJ0782,Austria,640,False
AODON518-20,Coenagrion puella,Coenagrion,Coenagrionidae,BOLD:AAJ0782,Austria,658,True
AODON530-20,Coenagrion puella,Coenagrion,Coenagrionidae,BOLD:AAJ0782,Austria,696,False
AODON531-20,Coenagrion puella,Coenagrion,Coenagrionidae,BOLD:AAJ0782,Austria,689,False
AODON620-20,Coenagrion puella,Coenagrion,Coenagrionidae,BOLD:AAJ0782,Austria,683,False
AODON861-22,Coenagrion puella,Coenagrion,Coenagrionidae,BOLD:AAJ0782,Austria,657,False
AODON902-22,Coenagrion puella,Coenagrion,Coenagrionidae,BOLD:AAJ0782,Austria,649,False
DTNHM13000-24,Coenagrion puella,Coenagrion,Coenagrionidae,BOLD:AAJ0782,United Kingdom,658,False
FBAQU528-10,Coenagrion puella,Coenagrion,Coenagrionidae,BOLD:AAJ0782,Germany,616,False
GBMIN88590-17,Coenagrion puella,Coenagrion,Coenagrionidae,BOLD:AAJ0782,Portugal,611,False
GBMIN88593-17,Coenagrion puella,Coenagrion,Coenagrionidae,BOLD:AAJ0782,North Macedonia,611,False
GBMIN88597-17,Coenagrion puella,Coenagrion,Coenagrionidae,BOLD:AAJ0782,Netherlands,611,False
GBMNA38105-19,Coenagrion puella,Coenagrion,Coenagrionidae,BOLD:AAJ0782,Belgium,682,False
GBODO037-18,Coenagrion puella,Coenagrion,Coenagrionidae,BOLD:AAJ0782,Germany,658,False
GBODO068-18,Coenagrion puella,Coenagrion,Coenagrionidae,BOLD:AAJ0782,Germany,658,False
GBODO069-18,Coenagrion puella,Coenagrion,Coenagrionidae,BOLD:AAJ0782,Germany,655,False
GBODO078-18,Coenagrion puella,Coenagrion,Coenagrionidae,,Germany,658,False
GBODO079-18,Coenagrion puella,Coenagrion,Coenagrionidae,BOLD:AAJ0782,Germany,658,False
GBODO125-18,Coenagrion puella,Coenagrion,Coenagrionidae,,Germany,658,False
GBODO176-18,Coenagrion puella,Coenagrion,Coenagrionidae,BOLD:AAJ0782,Germany,658,False
GBODO186-18,Coenagrion puella,Coenagrion,Coenagrionidae,BOLD:AAJ0782,Germany,658,False
GODO029-18,Coenagrion puella,Coenagrion,Coenagrionidae,BOLD:AAJ0782,Germany,658,False
GODO035-18,Coenagrion puella,Coenagrion,Coenagrionidae,BOLD:AAJ0782,Germany,658,False
HMYZ210-23,Coenagrion puella,Coenagrion,Coenagrionidae,BOLD:AAJ0782,Slovakia,700,False
LEFIJ15497-21,Coenagrion puella,Coenagrion,Coenagrionidae,BOLD:AAJ0782,Finland,641,False
LEFIJ7804-18,Coenagrion puella,Coenagrion,Coenagrionidae,BOLD:AAJ0782,Finland,651,False
LEFIJ7808-18,Coenagrion puella,Coenagrion,Coenagrionidae,BOLD:AAJ0782,Finland,653,False
ODOPL069-19,Coenagrion puella,Coenagrion,Coenagrionidae,BOLD:AAJ0782,Poland,635,False
ODOPL070-19,Coenagrion puella,Coenagrion,Coenagrionidae,BOLD:AAJ0782,Poland,635,False
ODOPL071-19,Coenagrion puella,Coenagrion,Coenagrionidae,BOLD:AAJ0782,Poland,631,False
ODOPL104-19,Coenagrion puella,Coenagrion,Coenagrionidae,BOLD:AAJ0782,Poland,641,False
PLSW008-20,Coenagrion puella,Coenagrion,Coenagrionidae,BOLD:AAJ0782,Poland,658,False
ZPLOD218-20,Coenagrion puella,Coenagrion,Coenagrionidae,BOLD:AAJ0782,Italy,655,False
ZPLOD221-20,Coenagrion puella,Coenagrion,Coenagrionidae,BOLD:AAJ0782,Italy,658,False
ZPLOD227-20,Coenagrion puella,Coenagrion,Coenagrionidae,BOLD:AAJ0782,Italy,658,False
ZPLOD233-20,Coenagrion puella,Coenagrion,Coenagrionidae,BOLD:AAJ0782,Italy,658,False
ZPLOD234-20,Coenagrion puella,Coenagrion,Coenagrionidae,BOLD:AAJ0782,Italy,658,False
AODON004-20,Coenagrion pulchellum,Coenagrion,Coenagrionidae,BOLD:AAJ0782,Austria,658,True
AODON005-20,Coenagrion pulchellum,Coenagrion,Coenagrionidae,BOLD:AAJ0782,Austria,658,True
AODON009-20,Coenagrion pulchellum,Coenagrion,Coenagrionidae,BOLD:AAJ0782,Austria,658,True
AODON036-20,Coenagrion pulchellum,Coenagrion,Coenagrionidae,BOLD:AAJ0782,Austria,658,True
AODON186-20,Coenagrion pulchellum,Coenagrion,Coenagrionidae,BOLD:AAJ0782,Austria,660,False
AODON364-20,Coenagrion pulchellum,Coenagrion,Coenagrionidae,BOLD:AAJ0782,Austria,683,False
AODON365-20,Coenagrion pulchellum,Coenagrion,Coenagrionidae,BOLD:AAJ0782,Austria,668,False
AODON381-20,Coenagrion pulchellum,Coenagrion,Coenagrionidae,BOLD:AAJ0782,Austria,683,False
AODON390-20,Coenagrion pulchellum,Coenagrion,Coenagrionidae,BOLD:AAJ0782,Austria,631,False
AODON398-20,Coenagrion pulchellum,Coenagrion,Coenagrionidae,BOLD:AAJ0782,Austria,658,True
AODON399-20,Coenagrion pulchellum,Coenagrion,Coenagrionidae,BOLD:AAJ0782,Austria,633,False
AODON499-20,Coenagrion pulchellum,Coenagrion,Coenagrionidae,BOLD:AAJ0782,Austria,654,True
AODON666-20,Coenagrion pulchellum,Coenagrion,Coenagrionidae,BOLD:AAJ0782,Austria,683,False
AODON856-22,Coenagrion pulchellum,Coenagrion,Coenagrionidae,BOLD:AAJ0782,Austria,657,False
AODON883-22,Coenagrion pulchellum,Coenagrion,Coenagrionidae,BOLD:AAJ0782,Austria,657,False
AODON924-22,Coenagrion pulchellum,Coenagrion,Coenagrionidae,BOLD:AAJ0782,Austria,683,False
AODON938-22,Coenagrion pulchellum,Coenagrion,Coenagrionidae,BOLD:AAJ0782,Austria,674,False
BGEPL3245-25,Coenagrion pulchellum,Coenagrion,Coenagrionidae,BOLD:AAJ0782,Poland,658,False
DTNHM8462-23,Coenagrion pulchellum,Coenagrion,Coenagrionidae,BOLD:AAJ0782,United Kingdom,658,False
GBABA1023-26,Coenagrion pulchellum,Coenagrion,Coenagrionidae,BOLD:AAJ0782,Denmark,658,False
GBEPT903-14,Coenagrion pulchellum,Coenagrion,Coenagrionidae,BOLD:AAJ0782,Germany,658,False
GBODO157-18,Coenagrion pulchellum,Coenagrion,Coenagrionidae,BOLD:AAJ0782,Germany,658,False
GBODO188-18,Coenagrion pulchellum,Coenagrion,Coenagrionidae,BOLD:AAJ0782,Germany,647,False
KURS023-21,Coenagrion pulchellum,Coenagrion,Coenagrionidae,BOLD:AAJ0782,Norway,621,False
LEFIJ15498-21,Coenagrion pulchellum,Coenagrion,Coenagrionidae,BOLD:AAJ0782,Finland,654,False
LEFIJ5908-17,Coenagrion pulchellum,Coenagrion,Coenagrionidae,BOLD:AAJ0782,Finland,628,False
LEFIJ7807-18,Coenagrion pulchellum,Coenagrion,Coenagrionidae,BOLD:AAJ0782,Finland,653,False
ODOBP3585-16,Coenagrion pulchellum,Coenagrion,Coenagrionidae,BOLD:AAJ0782,Netherlands,658,False
ODOBP3586-16,Coenagrion pulchellum,Coenagrion,Coenagrionidae,BOLD:AAJ0782,Netherlands,658,False
ODTRI008-14,Coenagrion pulchellum,Coenagrion,Coenagrionidae,BOLD:AAJ0782,Norway,622,False
ODTRI009-14,Coenagrion pulchellum,Coenagrion,Coenagrionidae,BOLD:AAJ0782,Norway,658,False
PLSW019-20,Coenagrion pulchellum,Coenagrion,Coenagrionidae,BOLD:AAJ0782,Poland,658,False
ZPLOD252-20,Coenagrion pulchellum,Coenagrion,Coenagrionidae,BOLD:AAJ0782,Italy,658,False
ZPLOD256-20,Coenagrion pulchellum,Coenagrion,Coenagrionidae,BOLD:AAJ0782,Italy,658,False
ZPLOD262-20,Coenagrion pulchellum,Coenagrion,Coenagrionidae,BOLD:AAJ0782,Italy,658,False
AODON180-20,Coenagrion scitulum,Coenagrion,Coenagrionidae,BOLD:ACP4983,Austria,656,True
EDF007-18,Coenagrion scitulum,Coenagrion,Coenagrionidae,BOLD:ACP4983,Austria,658,False
GBEPT907-14,Coenagrion scitulum,Coenagrion,Coenagrionidae,BOLD:ACP4983,Austria,658,False
TRSKA2839-20,Coenagrion scitulum,Coenagrion,Coenagrionidae,BOLD:ACP4983,Albania,652,False
TRSKA2840-20,Coenagrion scitulum,Coenagrion,Coenagrionidae,BOLD:ACP4983,Albania,652,False
TRSKA2841-20,Coenagrion scitulum,Coenagrion,Coenagrionidae,BOLD:ACP4983,Albania,654,False
TRSKA2848-20,Coenagrion scitulum,Coenagrion,Coenagrionidae,BOLD:ACP4983,Albania,654,False
ZPLOD266-20,Coenagrion scitulum,Coenagrion,Coenagrionidae,BOLD:ACP4983,Italy,658,False
ZPLOD275-20,Coenagrion scitulum,Coenagrion,Coenagrionidae,BOLD:ACP4983,Italy,658,False
AODON025-20,Enallagma cyathigerum,Enallagma,Coenagrionidae,BOLD:AAA2218,Austria,656,True
AODON110-20,Enallagma cyathigerum,Enallagma,Coenagrionidae,BOLD:AAA2218,Austria,656,True
AODON149-20,Enallagma cyathigerum,Enallagma,Coenagrionidae,BOLD:AAA2218,Austria,656,True
AODON254-20,Enallagma cyathigerum,Enallagma,Coenagrionidae,BOLD:AAA2218,Austria,656,True
AODON283-20,Enallagma cyathigerum,Enallagma,Coenagrionidae,BOLD:AAA2218,Austria,656,True
AODON288-20,Enallagma cyathigerum,Enallagma,Coenagrionidae,BOLD:AAA2218,Austria,656,True
AODON360-20,Enallagma cyathigerum,Enallagma,Coenagrionidae,BOLD:AAA2218,Austria,685,False
AODON384-20,Enallagma cyathigerum,Enallagma,Coenagrionidae,BOLD:AAA2218,Austria,683,False
AODON424-20,Enallagma cyathigerum,Enallagma,Coenagrionidae,BOLD:AAA2218,Austria,683,False
AODON438-20,Enallagma cyathigerum,Enallagma,Coenagrionidae,BOLD:AAA2218,Austria,656,True
AODON542-20,Enallagma cyathigerum,Enallagma,Coenagrionidae,BOLD:AAA2218,Austria,700,False
AODON593-20,Enallagma cyathigerum,Enallagma,Coenagrionidae,BOLD:AAA2218,Austria,683,False
AODON774-20,Enallagma cyathigerum,Enallagma,Coenagrionidae,BOLD:AAA2218,Croatia,656,True
AODON864-22,Enallagma cyathigerum,Enallagma,Coenagrionidae,BOLD:AAA2218,Austria,657,False
AODON874-22,Enallagma cyathigerum,Enallagma,Coenagrionidae,BOLD:AAA2218,Austria,651,False
AODON911-22,Enallagma cyathigerum,Enallagma,Coenagrionidae,BOLD:AAA2218,Austria,616,False
AODON937-22,Enallagma cyathigerum,Enallagma,Coenagrionidae,BOLD:AAA2218,Austria,699,False
AODON945-22,Enallagma cyathigerum,Enallagma,Coenagrionidae,BOLD:AAA2218,Austria,683,False
BGEPL1717-25,Enallagma cyathigerum,Enallagma,Coenagrionidae,BOLD:AAA2218,Poland,658,False
BGEPL1745-25,Enallagma cyathigerum,Enallagma,Coenagrionidae,BOLD:AAA2218,Poland,658,False
BGEPL3207-25,Enallagma cyathigerum,Enallagma,Coenagrionidae,BOLD:AAA2218,Poland,658,False
BGEPL3214-25,Enallagma cyathigerum,Enallagma,Coenagrionidae,BOLD:AAA2218,Poland,658,False
BGEPL3226-25,Enallagma cyathigerum,Enallagma,Coenagrionidae,BOLD:AAA2218,Poland,658,False
BGEPL3233-25,Enallagma cyathigerum,Enallagma,Coenagrionidae,BOLD:AAA2218,Poland,658,False
BGEPL3243-25,Enallagma cyathigerum,Enallagma,Coenagrionidae,BOLD:AAA2218,Poland,658,False
DTNHM2304-21,Enallagma cyathigerum,Enallagma,Coenagrionidae,BOLD:AAA2218,United Kingdom,633,False
DTNHM5531-23,Enallagma cyathigerum,Enallagma,Coenagrionidae,BOLD:AAA2218,United Kingdom,658,False
FBAQU015-09,Enallagma cyathigerum,Enallagma,Coenagrionidae,BOLD:AAA2218,Germany,644,False
FBAQU490-10,Enallagma cyathigerum,Enallagma,Coenagrionidae,BOLD:AAA2218,Germany,616,False
FBAQU532-10,Enallagma cyathigerum,Enallagma,Coenagrionidae,BOLD:AAA2218,Germany,658,False
GBODO024-18,Enallagma cyathigerum,Enallagma,Coenagrionidae,BOLD:AAA2218,Germany,658,False
GBODO040-18,Enallagma cyathigerum,Enallagma,Coenagrionidae,BOLD:AAA2218,Germany,658,False
GBODO052-18,Enallagma cyathigerum,Enallagma,Coenagrionidae,BOLD:AAA2218,Germany,658,False
GBODO054-18,Enallagma cyathigerum,Enallagma,Coenagrionidae,BOLD:AAA2218,Germany,658,False
GBODO076-18,Enallagma cyathigerum,Enallagma,Coenagrionidae,BOLD:AAA2218,Germany,658,False
GBODO096-18,Enallagma cyathigerum,Enallagma,Coenagrionidae,BOLD:AAA2218,Germany,658,False
GBODO172-18,Enallagma cyathigerum,Enallagma,Coenagrionidae,BOLD:AAA2218,Germany,658,False
GODO011-18,Enallagma cyathigerum,Enallagma,Coenagrionidae,BOLD:AAA2218,Germany,658,False
GODO013-18,Enallagma cyathigerum,Enallagma,Coenagrionidae,BOLD:AAA2218,Germany,658,False
HETFI049-11,Enallagma cyathigerum,Enallagma,Coenagrionidae,BOLD:AAA2218,Norway,658,False
HMYZ240-23,Enallagma cyathigerum,Enallagma,Coenagrionidae,BOLD:AAA2218,Slovakia,690,False
LEFIJ15502-21,Enallagma cyathigerum,Enallagma,Coenagrionidae,BOLD:AAA2218,Finland,655,False
LEFIJ15503-21,Enallagma cyathigerum,Enallagma,Coenagrionidae,BOLD:AAA2218,Finland,653,False
LEFIJ15504-21,Enallagma cyathigerum,Enallagma,Coenagrionidae,BOLD:AAA2218,Finland,655,False
LEFIJ5909-17,Enallagma cyathigerum,Enallagma,Coenagrionidae,BOLD:AAA2218,Finland,645,False
LEFIJ7803-18,Enallagma cyathigerum,Enallagma,Coenagrionidae,BOLD:AAA2218,Finland,651,False
LEFIJ7815-18,Enallagma cyathigerum,Enallagma,Coenagrionidae,BOLD:AAA2218,Finland,654,False
ODOPL100-19,Enallagma cyathigerum,Enallagma,Coenagrionidae,BOLD:AAA2218,Poland,636,False
ODOPL101-19,Enallagma cyathigerum,Enallagma,Coenagrionidae,BOLD:AAA2218,Poland,634,False
ODOPL126-19,Enallagma cyathigerum,Enallagma,Coenagrionidae,BOLD:AAA2218,Poland,640,False
ODTRI011-14,Enallagma cyathigerum,Enallagma,Coenagrionidae,BOLD:AAA2218,Norway,602,False
ODTRI012-14,Enallagma cyathigerum,Enallagma,Coenagrionidae,BOLD:AAA2218,Norway,611,False
PLSW073-20,Enallagma cyathigerum,Enallagma,Coenagrionidae,BOLD:AAA2218,Poland,633,False
ZPLOD348-20,Enallagma cyathigerum,Enallagma,Coenagrionidae,BOLD:AAA2218,Italy,658,False
AODON441-20,Erythromma lindenii,Erythromma,Coenagrionidae,BOLD:AAL4439,Germany,657,True
AODON730-20,Erythromma lindenii,Erythromma,Coenagrionidae,BOLD:AAL4439,Austria,658,False
AODON773-20,Erythromma lindenii,Erythromma,Coenagrionidae,BOLD:AAL4439,Croatia,657,True
AODON926-22,Erythromma lindenii,Erythromma,Coenagrionidae,BOLD:AAL4439,Austria,683,False
FBAQU491-10,Erythromma lindenii,Erythromma,Coenagrionidae,BOLD:AAL4439,Germany,627,False
GBAAW63064-24,Erythromma lindenii,Erythromma,Coenagrionidae,BOLD:AAL4439,Portugal,629,False
GBMHO3409-19,Erythromma lindenii,Erythromma,Coenagrionidae,BOLD:AAL4439,France,634,False
GBMND63119-21,Erythromma lindenii,Erythromma,Coenagrionidae,BOLD:AAL4439,Austria,657,False
ODOBP3573-16,Erythromma lindenii,Erythromma,Coenagrionidae,BOLD:AAL4439,Spain,658,False
ODOBP3575-16,Erythromma lindenii,Erythromma,Coenagrionidae,BOLD:AAL4439,Spain,658,False
ODOBP5490-16,Erythromma lindenii,Erythromma,Coenagrionidae,BOLD:AAL4439,France,658,False
TRSKA2006-20,Erythromma lindenii,Erythromma,Coenagrionidae,BOLD:AEC5518,Montenegro,654,False
TRSKA2008-20,Erythromma lindenii,Erythromma,Coenagrionidae,BOLD:AEC5518,Montenegro,653,False
TRSKA2010-20,Erythromma lindenii,Erythromma,Coenagrionidae,BOLD:AEC5518,Montenegro,654,False
TRSKA2050-20,Erythromma lindenii,Erythromma,Coenagrionidae,BOLD:AEC5518,Montenegro,654,False
TRSKA2051-20,Erythromma lindenii,Erythromma,Coenagrionidae,BOLD:AEC5518,Montenegro,655,False
TRSKA2053-20,Erythromma lindenii,Erythromma,Coenagrionidae,BOLD:AEC5518,Montenegro,655,False
TRSKA2054-20,Erythromma lindenii,Erythromma,Coenagrionidae,BOLD:AEC5518,Montenegro,656,False
TRSKA2614-20,Erythromma lindenii,Erythromma,Coenagrionidae,BOLD:AEC5518,Montenegro,652,False
TRSKA2661-20,Erythromma lindenii,Erythromma,Coenagrionidae,BOLD:AEC5518,Montenegro,654,False
TRSKA2664-20,Erythromma lindenii,Erythromma,Coenagrionidae,BOLD:AEC5518,Montenegro,669,False
TRSKA2724-20,Erythromma lindenii,Erythromma,Coenagrionidae,BOLD:AEC5518,Montenegro,655,False
TRSKA2725-20,Erythromma lindenii,Erythromma,Coenagrionidae,BOLD:AEC5518,Montenegro,653,False
TRSKA2727-20,Erythromma lindenii,Erythromma,Coenagrionidae,BOLD:AEC5518,Montenegro,657,False
TRSKA2728-20,Erythromma lindenii,Erythromma,Coenagrionidae,BOLD:AEC5518,Montenegro,656,False
TRSKA2757-20,Erythromma lindenii,Erythromma,Coenagrionidae,BOLD:AEC5518,Albania,655,False
TRSKA2770-20,Erythromma lindenii,Erythromma,Coenagrionidae,BOLD:AEC5518,Montenegro,655,False
TRSKA2777-20,Erythromma lindenii,Erythromma,Coenagrionidae,BOLD:AEC5518,Montenegro,655,False
TRSKA2778-20,Erythromma lindenii,Erythromma,Coenagrionidae,BOLD:AEC5518,Montenegro,657,False
TRSKA2810-20,Erythromma lindenii,Erythromma,Coenagrionidae,BOLD:AEC5518,Montenegro,655,False
ZPLOD358-20,Erythromma lindenii,Erythromma,Coenagrionidae,BOLD:AAL4439,Italy,658,False
ZPLOD365-20,Erythromma lindenii,Erythromma,Coenagrionidae,BOLD:AEC5518,Italy,658,False
ZPLOD366-20,Erythromma lindenii,Erythromma,Coenagrionidae,BOLD:AEC5518,Italy,658,False
ZPLOD367-20,Erythromma lindenii,Erythromma,Coenagrionidae,BOLD:AEC5518,Italy,658,False
ZPLOD378-20,Erythromma lindenii,Erythromma,Coenagrionidae,BOLD:AAL4439,Italy,658,False
ZPLOD379-20,Erythromma lindenii,Erythromma,Coenagrionidae,BOLD:AAL4439,Italy,658,False
ZPLOD380-20,Erythromma lindenii,Erythromma,Coenagrionidae,BOLD:AEC5518,Italy,658,False
ZPLOD383-20,Erythromma lindenii,Erythromma,Coenagrionidae,BOLD:AAL4439,Italy,658,False
ZPLOD385-20,Erythromma lindenii,Erythromma,Coenagrionidae,BOLD:AEC5518,Italy,658,False
ZPLOD387-20,Erythromma lindenii,Erythromma,Coenagrionidae,BOLD:AAL4439,Italy,658,False
ZPLOD392-20,Erythromma lindenii,Erythromma,Coenagrionidae,BOLD:AAL4439,Italy,658,False
ZPLOD394-20,Erythromma lindenii,Erythromma,Coenagrionidae,BOLD:AAL4439,Italy,658,False
ZPLOD399-20,Erythromma lindenii,Erythromma,Coenagrionidae,BOLD:AAL4439,Italy,658,False
ZPLOD823-20,Erythromma lindenii,Erythromma,Coenagrionidae,BOLD:AEC5518,Montenegro,658,False
AODON032-20,Erythromma najas,Erythromma,Coenagrionidae,BOLD:AAA4234,Austria,658,True
AODON049-20,Erythromma najas,Erythromma,Coenagrionidae,BOLD:AAA4234,Austria,647,True
AODON050-20,Erythromma najas,Erythromma,Coenagrionidae,BOLD:AAA4234,Austria,646,True
AODON076-20,Erythromma najas,Erythromma,Coenagrionidae,BOLD:AAA4234,Austria,658,True
AODON284-20,Erythromma najas,Erythromma,Coenagrionidae,BOLD:AAA4234,Austria,658,True
AODON495-20,Erythromma najas,Erythromma,Coenagrionidae,BOLD:AAA4234,Austria,698,False
AODON516-20,Erythromma najas,Erythromma,Coenagrionidae,BOLD:AAA4234,Austria,683,False
AODON617-20,Erythromma najas,Erythromma,Coenagrionidae,BOLD:AAA4234,Austria,623,True
AODON618-20,Erythromma najas,Erythromma,Coenagrionidae,BOLD:AAA4234,Austria,683,False
AODON619-20,Erythromma najas,Erythromma,Coenagrionidae,BOLD:AAA4234,Austria,621,False
AODON700-20,Erythromma najas,Erythromma,Coenagrionidae,BOLD:AAA4234,Austria,658,True
BARCO010-14,Erythromma najas,Erythromma,Coenagrionidae,BOLD:AAA4234,Norway,658,False
DTNHM2303-21,Erythromma najas,Erythromma,Coenagrionidae,BOLD:AAA4234,United Kingdom,658,False
FBAQU492-10,Erythromma najas,Erythromma,Coenagrionidae,BOLD:AAA4234,Germany,600,False
GBMH3354-07,Erythromma najas,Erythromma,Coenagrionidae,BOLD:AAA4234,United Kingdom,615,True
GBMH3357-07,Erythromma najas,Erythromma,Coenagrionidae,BOLD:AAA4234,Belarus,615,True
GBMH3358-07,Erythromma najas,Erythromma,Coenagrionidae,BOLD:AAA4234,Belarus,615,True
GBMH3359-07,Erythromma najas,Erythromma,Coenagrionidae,BOLD:AAA4234,Belarus,615,True
GBMH3361-07,Erythromma najas,Erythromma,Coenagrionidae,BOLD:AAA4234,Belarus,615,True
GBMH3362-07,Erythromma najas,Erythromma,Coenagrionidae,BOLD:AAA4234,Belarus,615,True
GBMH3363-07,Erythromma najas,Erythromma,Coenagrionidae,BOLD:AAA4234,Belarus,615,True
GBMH3375-07,Erythromma najas,Erythromma,Coenagrionidae,BOLD:AAA4234,Belarus,615,True
GBMH3376-07,Erythromma najas,Erythromma,Coenagrionidae,BOLD:AAA4234,Belarus,615,True
GBMH3391-07,Erythromma najas,Erythromma,Coenagrionidae,BOLD:AAA4234,Belarus,615,True
GBMH3396-07,Erythromma najas,Erythromma,Coenagrionidae,BOLD:AAA4234,Belarus,612,True
GBMH3398-07,Erythromma najas,Erythromma,Coenagrionidae,BOLD:AAA4234,Ukraine,615,True
GBMH3412-07,Erythromma najas,Erythromma,Coenagrionidae,BOLD:AAA4234,Belarus,615,True
GBMH3414-07,Erythromma najas,Erythromma,Coenagrionidae,BOLD:AAA4234,Belarus,615,True
GBMH3421-07,Erythromma najas,Erythromma,Coenagrionidae,BOLD:AAA4234,Ukraine,615,True
GBMH3434-07,Erythromma najas,Erythromma,Coenagrionidae,BOLD:AAA4234,Belarus,615,True
GBMH6702-09,Erythromma najas,Erythromma,Coenagrionidae,BOLD:AAA4234,United Kingdom,615,True
LEFIJ15499-21,Erythromma najas,Erythromma,Coenagrionidae,BOLD:AAA4234,Finland,653,False
LEFIJ15500-21,Erythromma najas,Erythromma,Coenagrionidae,BOLD:AEM0825,Finland,658,False
LEFIJ15501-21,Erythromma najas,Erythromma,Coenagrionidae,BOLD:AAA4234,Finland,653,False
LEFIJ7810-18,Erythromma najas,Erythromma,Coenagrionidae,BOLD:AAA4234,Finland,655,False
ODOBP5367-16,Erythromma najas,Erythromma,Coenagrionidae,BOLD:AAA4234,Netherlands,658,False
ODOPL010-18,Erythromma najas,Erythromma,Coenagrionidae,BOLD:AAA4234,Poland,622,False
ODOPL030-19,Erythromma najas,Erythromma,Coenagrionidae,BOLD:AAA4234,Poland,631,False
ODOPL031-19,Erythromma najas,Erythromma,Coenagrionidae,BOLD:AAA4234,Poland,627,False
ODOPL044-19,Erythromma najas,Erythromma,Coenagrionidae,BOLD:AAA4234,Poland,629,False
ODOPL046-19,Erythromma najas,Erythromma,Coenagrionidae,BOLD:AAA4234,Poland,631,False
SHAP981-23,Erythromma najas,Erythromma,Coenagrionidae,BOLD:AAA4234,United Kingdom,659,False
TRSKA2812-20,Erythromma najas,Erythromma,Coenagrionidae,BOLD:AAA4234,Montenegro,655,False
ZPLOD406-20,Erythromma najas,Erythromma,Coenagrionidae,BOLD:AAA4234,Italy,658,False
ZPLOD407-20,Erythromma najas,Erythromma,Coenagrionidae,BOLD:AAA4234,Italy,658,False
AODON092-20,Erythromma viridulum,Erythromma,Coenagrionidae,BOLD:AAL4437,Austria,658,True
AODON093-20,Erythromma viridulum,Erythromma,Coenagrionidae,BOLD:AAL4437,Austria,658,True
AODON113-20,Erythromma viridulum,Erythromma,Coenagrionidae,BOLD:AAL4437,Austria,658,True
AODON386-20,Erythromma viridulum,Erythromma,Coenagrionidae,BOLD:AAL4437,Austria,658,True
AODON387-20,Erythromma viridulum,Erythromma,Coenagrionidae,BOLD:AAL4437,Austria,658,True
AODON388-20,Erythromma viridulum,Erythromma,Coenagrionidae,BOLD:AAL4437,Austria,658,True
AODON389-20,Erythromma viridulum,Erythromma,Coenagrionidae,BOLD:AAL4437,Austria,658,True
AODON392-20,Erythromma viridulum,Erythromma,Coenagrionidae,BOLD:AAL4437,Austria,658,True
AODON396-20,Erythromma viridulum,Erythromma,Coenagrionidae,BOLD:AAL4437,Austria,658,True
AODON507-20,Erythromma viridulum,Erythromma,Coenagrionidae,BOLD:AAL4437,Austria,683,False
AODON541-20,Erythromma viridulum,Erythromma,Coenagrionidae,BOLD:AAL4437,Austria,693,False
AODON744-20,Erythromma viridulum,Erythromma,Coenagrionidae,BOLD:AAL4437,Austria,658,True
AODON939-22,Erythromma viridulum,Erythromma,Coenagrionidae,BOLD:AAL4437,Austria,683,False
BGEPL3206-25,Erythromma viridulum,Erythromma,Coenagrionidae,BOLD:AAL4437,Poland,658,False
BGEPL3209-25,Erythromma viridulum,Erythromma,Coenagrionidae,BOLD:AAL4437,Poland,658,False
GBMIX949-14,Erythromma viridulum,Erythromma,Coenagrionidae,BOLD:AAL4437,Germany,630,False
GBMNE32985-21,Erythromma viridulum,Erythromma,Coenagrionidae,BOLD:AAL4437,Romania,624,False
GBUPS192-14,Erythromma viridulum,Erythromma,Coenagrionidae,BOLD:AAL4437,Germany,662,False
PGCBG7107-20,Erythromma viridulum,Erythromma,Coenagrionidae,BOLD:AAL4437,Montenegro,654,False
PLSW076-20,Erythromma viridulum,Erythromma,Coenagrionidae,BOLD:AAL4437,Poland,637,False
TRSKA2662-20,Erythromma viridulum,Erythromma,Coenagrionidae,BOLD:AAL4437,Montenegro,655,False
TRSKA2665-20,Erythromma viridulum,Erythromma,Coenagrionidae,BOLD:AAL4437,Montenegro,655,False
TRSKA2677-20,Erythromma viridulum,Erythromma,Coenagrionidae,BOLD:AAL4437,Montenegro,654,False
TRSKA2680-20,Erythromma viridulum,Erythromma,Coenagrionidae,BOLD:AAL4437,Montenegro,653,False
TRSKA2682-20,Erythromma viridulum,Erythromma,Coenagrionidae,BOLD:AAL4437,Montenegro,653,False
TRSKA2683-20,Erythromma viridulum,Erythromma,Coenagrionidae,BOLD:AAL4437,Montenegro,658,False
TRSKA2688-20,Erythromma viridulum,Erythromma,Coenagrionidae,BOLD:AAL4437,Montenegro,654,False
TRSKA2690-20,Erythromma viridulum,Erythromma,Coenagrionidae,BOLD:AAL4437,Montenegro,654,False
TRSKA2693-20,Erythromma viridulum,Erythromma,Coenagrionidae,BOLD:AAL4437,Montenegro,655,False
ZPLOD409-20,Erythromma viridulum,Erythromma,Coenagrionidae,BOLD:AAL4437,Italy,658,False
ZPLOD419-20,Erythromma viridulum,Erythromma,Coenagrionidae,BOLD:AAL4437,Italy,658,False
ZPLOD422-20,Erythromma viridulum,Erythromma,Coenagrionidae,BOLD:AAL4437,Italy,658,False
ANBIO150-19,Ischnura elegans,Ischnura,Coenagrionidae,BOLD:AAE5570,United Kingdom,658,False
ANBIO195-19,Ischnura elegans,Ischnura,Coenagrionidae,BOLD:AAE5570,United Kingdom,658,False
ANBIO203-19,Ischnura elegans,Ischnura,Coenagrionidae,BOLD:AAE5570,United Kingdom,658,False
AODON017-20,Ischnura elegans,Ischnura,Coenagrionidae,BOLD:AAE5570,Austria,656,True
AODON184-20,Ischnura elegans,Ischnura,Coenagrionidae,BOLD:AAE5570,Austria,656,True
AODON199-20,Ischnura elegans,Ischnura,Coenagrionidae,BOLD:AAE5570,Austria,656,True
AODON223-20,Ischnura elegans,Ischnura,Coenagrionidae,BOLD:AAE5570,Austria,656,True
AODON359-20,Ischnura elegans,Ischnura,Coenagrionidae,BOLD:AAE5570,Austria,697,False
AODON393-20,Ischnura elegans,Ischnura,Coenagrionidae,BOLD:AAE5570,Austria,683,False
AODON784-20,Ischnura elegans,Ischnura,Coenagrionidae,BOLD:AAE5570,Bosnia and Herzegovina,656,True
AODON798-20,Ischnura elegans,Ischnura,Coenagrionidae,BOLD:AAE5570,Albania,656,True
AODON868-22,Ischnura elegans,Ischnura,Coenagrionidae,BOLD:AAE5570,Austria,657,False
AODON916-22,Ischnura elegans,Ischnura,Coenagrionidae,BOLD:AAE5570,Austria,683,False
BCAI157-26,Ischnura elegans,Ischnura,Coenagrionidae,BOLD:AAE5570,Czechia,658,False
BGEPL1697-25,Ischnura elegans,Ischnura,Coenagrionidae,BOLD:AAE5570,Poland,658,False
DTNHM5532-23,Ischnura elegans,Ischnura,Coenagrionidae,BOLD:AAE5570,United Kingdom,658,False
DTNHM5533-23,Ischnura elegans,Ischnura,Coenagrionidae,BOLD:AAE5570,United Kingdom,618,False
FBAQU172-09,Ischnura elegans,Ischnura,Coenagrionidae,BOLD:AAE5570,Germany,654,False
FBAQU495-10,Ischnura elegans,Ischnura,Coenagrionidae,BOLD:AAE5570,Germany,601,False
FBAQU535-10,Ischnura elegans,Ischnura,Coenagrionidae,BOLD:AAE5570,Germany,614,False
GBAAM36860-25,Ischnura elegans,Ischnura,Coenagrionidae,BOLD:AAE5570,Portugal,641,False
GBCAB37650-24,Ischnura elegans,Ischnura,Coenagrionidae,BOLD:AAE5570,Portugal,662,False
GBMHO3410-19,Ischnura elegans,Ischnura,Coenagrionidae,BOLD:AAE5570,France,634,False
GBMIX1779-15,Ischnura elegans,Ischnura,Coenagrionidae,,Italy,658,False
GBMNA38097-19,Ischnura elegans,Ischnura,Coenagrionidae,BOLD:AAE5570,Belgium,681,False
GBMND4311-21,Ischnura elegans,Ischnura,Coenagrionidae,BOLD:AAE5570,Finland,625,False
GBMND4314-21,Ischnura elegans,Ischnura,Coenagrionidae,BOLD:AAE5570,Finland,625,False
GBMND4316-21,Ischnura elegans,Ischnura,Coenagrionidae,BOLD:AAE5570,Sweden,625,False
GBODO021-18,Ischnura elegans,Ischnura,Coenagrionidae,BOLD:AAE5570,Germany,658,False
GBODO061-18,Ischnura elegans,Ischnura,Coenagrionidae,BOLD:AAE5570,Germany,658,False
GBODO063-18,Ischnura elegans,Ischnura,Coenagrionidae,BOLD:AAE5570,Germany,658,False
GBODO131-18,Ischnura elegans,Ischnura,Coenagrionidae,BOLD:AAE5570,Germany,658,False
GBUPS191-14,Ischnura elegans,Ischnura,Coenagrionidae,BOLD:AAE5570,Germany,684,False
GBUPS193-14,Ischnura elegans,Ischnura,Coenagrionidae,BOLD:AAE5570,Germany,683,False
GBUPS194-14,Ischnura elegans,Ischnura,Coenagrionidae,BOLD:AAE5570,Germany,657,False
GBUPS195-14,Ischnura elegans,Ischnura,Coenagrionidae,BOLD:AAE5570,Germany,668,False
GBUPS197-14,Ischnura elegans,Ischnura,Coenagrionidae,BOLD:AAE5570,Germany,669,False
GBUPS201-14,Ischnura elegans,Ischnura,Coenagrionidae,BOLD:AAE5570,Germany,646,False
GBUPS202-14,Ischnura elegans,Ischnura,Coenagrionidae,BOLD:AAE5570,Germany,674,False
GBUPS206-14,Ischnura elegans,Ischnura,Coenagrionidae,BOLD:AAE5570,Germany,615,False
HMYZ211-23,Ischnura elegans,Ischnura,Coenagrionidae,BOLD:AAE5570,Slovakia,700,False
HMYZ310-23,Ischnura elegans,Ischnura,Coenagrionidae,BOLD:AAE5570,Slovakia,693,False
LEFIJ15505-21,Ischnura elegans,Ischnura,Coenagrionidae,BOLD:AAE5570,Finland,654,False
LEFIJ15506-21,Ischnura elegans,Ischnura,Coenagrionidae,BOLD:AAE5570,Finland,652,False
LEFIJ5910-17,Ischnura elegans,Ischnura,Coenagrionidae,BOLD:AAE5570,Finland,658,False
ODOBP5339-16,Ischnura elegans,Ischnura,Coenagrionidae,BOLD:AAE5570,Netherlands,658,False
ODOPL013-18,Ischnura elegans,Ischnura,Coenagrionidae,BOLD:AAE5570,Poland,626,False
ODOPL014-18,Ischnura elegans,Ischnura,Coenagrionidae,BOLD:AAE5570,Poland,627,False
ODOPL015-18,Ischnura elegans,Ischnura,Coenagrionidae,BOLD:AAE5570,Poland,626,False
ODOPL026-19,Ischnura elegans,Ischnura,Coenagrionidae,BOLD:AAE5570,Poland,638,False
ODOPL027-19,Ischnura elegans,Ischnura,Coenagrionidae,BOLD:AAE5570,Poland,630,False
ODOPL028-19,Ischnura elegans,Ischnura,Coenagrionidae,BOLD:AAE5570,Poland,641,False
ODOPL048-19,Ischnura elegans,Ischnura,Coenagrionidae,BOLD:AAE5570,Poland,633,False
ODOPL049-19,Ischnura elegans,Ischnura,Coenagrionidae,BOLD:AAE5570,Poland,629,False
ODOPL059-19,Ischnura elegans,Ischnura,Coenagrionidae,BOLD:AAE5570,Poland,633,False
ODOPL061-19,Ischnura elegans,Ischnura,Coenagrionidae,BOLD:AAE5570,Poland,630,False
ODOPL087-19,Ischnura elegans,Ischnura,Coenagrionidae,BOLD:AAE5570,Poland,633,False
ODOPL088-19,Ischnura elegans,Ischnura,Coenagrionidae,BOLD:AAE5570,Poland,636,False
ODOPL089-19,Ischnura elegans,Ischnura,Coenagrionidae,BOLD:AAE5570,Poland,636,False
ZPLOD431-20,Ischnura elegans,Ischnura,Coenagrionidae,BOLD:AAE5570,Italy,658,False
ZPLOD452-20,Ischnura genei,Ischnura,Coenagrionidae,BOLD:AAE5570,Italy,658,False
ZPLOD454-20,Ischnura genei,Ischnura,Coenagrionidae,BOLD:AAE5570,Italy,658,False
ZPLOD457-20,Ischnura genei,Ischnura,Coenagrionidae,BOLD:AAE5570,Italy,658,False
AODON039-20,Ischnura pumilio,Ischnura,Coenagrionidae,BOLD:AAE5571,Austria,656,True
AODON430-20,Ischnura pumilio,Ischnura,Coenagrionidae,BOLD:AAE5571,Austria,656,True
AODON519-20,Ischnura pumilio,Ischnura,Coenagrionidae,BOLD:AAE5571,Austria,683,False
BGEPL3219-25,Ischnura pumilio,Ischnura,Coenagrionidae,BOLD:AAE5571,Poland,658,False
FBAQU496-10,Ischnura pumilio,Ischnura,Coenagrionidae,BOLD:AAE5571,Germany,614,False
GBMNA38100-19,Ischnura pumilio,Ischnura,Coenagrionidae,BOLD:AAE5571,Belgium,686,False
LEFIJ15510-21,Ischnura pumilio,Ischnura,Coenagrionidae,BOLD:AAE5571,Finland,652,False
LEFIJ15512-21,Ischnura pumilio,Ischnura,Coenagrionidae,BOLD:AAE5571,Finland,653,False
LEFIJ33977-23,Ischnura pumilio,Ischnura,Coenagrionidae,BOLD:AAE5571,Finland,653,False
LEFIJ7824-18,Ischnura pumilio,Ischnura,Coenagrionidae,BOLD:AAE5571,Finland,652,False
GBAAM37383-25,Ischnura saharensis,Ischnura,Coenagrionidae,BOLD:AAE5570,Portugal,630,False
GBAAM37491-25,Ischnura saharensis,Ischnura,Coenagrionidae,BOLD:AAE5570,Portugal,636,False
GBAAW69083-24,Ischnura saharensis,Ischnura,Coenagrionidae,BOLD:AAE5570,Portugal,634,False
GBAAW69084-24,Ischnura saharensis,Ischnura,Coenagrionidae,BOLD:AAE5570,Portugal,642,False
GBAAW69085-24,Ischnura saharensis,Ischnura,Coenagrionidae,BOLD:AAE5570,Portugal,642,False
GBMNE33017-21,Ischnura saharensis,Ischnura,Coenagrionidae,BOLD:AAE5570,Romania,610,False
AODON696-20,Nehalennia speciosa,Nehalennia,Coenagrionidae,BOLD:AAC3125,Austria,671,False
AODON697-20,Nehalennia speciosa,Nehalennia,Coenagrionidae,BOLD:AAC3125,Austria,651,False
AODON708-20,Nehalennia speciosa,Nehalennia,Coenagrionidae,BOLD:AAC3125,Austria,659,False
AODON718-20,Nehalennia speciosa,Nehalennia,Coenagrionidae,BOLD:AAC3125,Austria,657,True
AODON905-22,Nehalennia speciosa,Nehalennia,Coenagrionidae,BOLD:AAC3125,Austria,683,False
BGEPL3307-25,Nehalennia speciosa,Nehalennia,Coenagrionidae,BOLD:AAC3125,Poland,658,False
FBAQU1428-13,Nehalennia speciosa,Nehalennia,Coenagrionidae,BOLD:AAC3125,Germany,651,False
FBAQU541-10,Nehalennia speciosa,Nehalennia,Coenagrionidae,BOLD:AAC3125,Germany,610,False
ZPLOD560-20,Nehalennia speciosa,Nehalennia,Coenagrionidae,BOLD:AAC3125,Italy,658,False
GBMHO1829-19,Pyrrhosoma elisabethae,Pyrrhosoma,Coenagrionidae,BOLD:AFB7889,Albania,641,False
GBMIN88626-17,Pyrrhosoma elisabethae,Pyrrhosoma,Coenagrionidae,BOLD:AFB7889,Greece,636,False
GBMIN88627-17,Pyrrhosoma elisabethae,Pyrrhosoma,Coenagrionidae,BOLD:AFB7889,Greece,638,False
AODON003-20,Pyrrhosoma nymphula,Pyrrhosoma,Coenagrionidae,BOLD:AAD5734,Austria,657,True
AODON013-20,Pyrrhosoma nymphula,Pyrrhosoma,Coenagrionidae,BOLD:AAD5734,Austria,657,True
AODON170-20,Pyrrhosoma nymphula,Pyrrhosoma,Coenagrionidae,BOLD:AAD5734,Austria,657,True
AODON278-20,Pyrrhosoma nymphula,Pyrrhosoma,Coenagrionidae,BOLD:AAD5734,Austria,657,True
AODON342-20,Pyrrhosoma nymphula,Pyrrhosoma,Coenagrionidae,BOLD:AAD5734,Austria,694,False
AODON348-20,Pyrrhosoma nymphula,Pyrrhosoma,Coenagrionidae,BOLD:AAD5734,Austria,679,False
AODON401-20,Pyrrhosoma nymphula,Pyrrhosoma,Coenagrionidae,BOLD:AAD5734,Austria,683,False
AODON413-20,Pyrrhosoma nymphula,Pyrrhosoma,Coenagrionidae,BOLD:AAD5734,Austria,657,True
AODON414-20,Pyrrhosoma nymphula,Pyrrhosoma,Coenagrionidae,BOLD:AAD5734,Austria,657,True
AODON419-20,Pyrrhosoma nymphula,Pyrrhosoma,Coenagrionidae,BOLD:AAD5734,Austria,657,True
AODON949-22,Pyrrhosoma nymphula,Pyrrhosoma,Coenagrionidae,BOLD:AAD5734,Austria,683,False
ARISE3190-26,Pyrrhosoma nymphula,Pyrrhosoma,Coenagrionidae,BOLD:AAD5734,Netherlands,658,False
FBAQU202-09,Pyrrhosoma nymphula,Pyrrhosoma,Coenagrionidae,BOLD:AAD5734,Germany,658,False
FBAQU321-09,Pyrrhosoma nymphula,Pyrrhosoma,Coenagrionidae,BOLD:AAD5734,Germany,658,False
FBAQU509-10,Pyrrhosoma nymphula,Pyrrhosoma,Coenagrionidae,BOLD:AAD5734,Germany,612,False
FBAQU510-10,Pyrrhosoma nymphula,Pyrrhosoma,Coenagrionidae,BOLD:AAD5734,Germany,612,False
GBAAW56259-24,Pyrrhosoma nymphula,Pyrrhosoma,Coenagrionidae,BOLD:AAD5734,Portugal,627,False
GBAAW56261-24,Pyrrhosoma nymphula,Pyrrhosoma,Coenagrionidae,BOLD:AAD5734,Portugal,642,False
GBAAW56262-24,Pyrrhosoma nymphula,Pyrrhosoma,Coenagrionidae,BOLD:AAD5734,Portugal,647,False
GBMIN88634-17,Pyrrhosoma nymphula,Pyrrhosoma,Coenagrionidae,BOLD:AAD5734,Portugal,631,False
GBMIN88635-17,Pyrrhosoma nymphula,Pyrrhosoma,Coenagrionidae,BOLD:AAD5734,Portugal,641,False
GBMIN88636-17,Pyrrhosoma nymphula,Pyrrhosoma,Coenagrionidae,BOLD:AAD5734,North Macedonia,641,False
GBMIN88641-17,Pyrrhosoma nymphula,Pyrrhosoma,Coenagrionidae,BOLD:AAD5734,Belgium,640,False
GBMIN88642-17,Pyrrhosoma nymphula,Pyrrhosoma,Coenagrionidae,BOLD:AAD5734,Portugal,641,False
GBODO152-18,Pyrrhosoma nymphula,Pyrrhosoma,Coenagrionidae,BOLD:AAD5734,Germany,658,False
GBUPS203-14,Pyrrhosoma nymphula,Pyrrhosoma,Coenagrionidae,BOLD:AAD5734,Germany,683,False
GBUPS204-14,Pyrrhosoma nymphula,Pyrrhosoma,Coenagrionidae,BOLD:AAD5734,Germany,684,False
HMYZ137-21,Pyrrhosoma nymphula,Pyrrhosoma,Coenagrionidae,BOLD:AAD5734,Slovakia,687,False
LEFIJ29497-22,Pyrrhosoma nymphula,Pyrrhosoma,Coenagrionidae,BOLD:AAD5734,Finland,653,False
ODTRI002-14,Pyrrhosoma nymphula,Pyrrhosoma,Coenagrionidae,BOLD:AAD5734,Norway,621,False
ODTRI003-14,Pyrrhosoma nymphula,Pyrrhosoma,Coenagrionidae,BOLD:AAD5734,Norway,624,False
ROMAC863-22,Pyrrhosoma nymphula,Pyrrhosoma,Coenagrionidae,BOLD:AAD5734,Romania,658,False
ZPLOD696-20,Pyrrhosoma nymphula,Pyrrhosoma,Coenagrionidae,BOLD:AFB7889,Italy,658,False
AODON059-20,Crocothemis erythraea,Crocothemis,Libellulidae,BOLD:AEX9418,Austria,657,True
AODON068-20,Crocothemis erythraea,Crocothemis,Libellulidae,BOLD:AEX9418,Austria,657,True
AODON097-20,Crocothemis erythraea,Crocothemis,Libellulidae,BOLD:AEX9418,Austria,657,True
AODON114-20,Crocothemis erythraea,Crocothemis,Libellulidae,BOLD:AEX9418,Austria,657,True
AODON168-20,Crocothemis erythraea,Crocothemis,Libellulidae,BOLD:AEX9418,Austria,657,True
AODON174-20,Crocothemis erythraea,Crocothemis,Libellulidae,BOLD:AEX9418,Austria,657,True
AODON275-20,Crocothemis erythraea,Crocothemis,Libellulidae,BOLD:AEX9418,Austria,657,True
AODON371-20,Crocothemis erythraea,Crocothemis,Libellulidae,BOLD:AEX9418,Austria,657,True
AODON373-20,Crocothemis erythraea,Crocothemis,Libellulidae,BOLD:AEX9418,Austria,657,True
FBAQU312-09,Crocothemis erythraea,Crocothemis,Libellulidae,BOLD:AEX9418,Germany,658,False
GBAAW80743-24,Crocothemis erythraea,Crocothemis,Libellulidae,,Portugal,649,False
GBAAW80744-24,Crocothemis erythraea,Crocothemis,Libellulidae,BOLD:AEX9418,Portugal,627,False
GBAAW80745-24,Crocothemis erythraea,Crocothemis,Libellulidae,BOLD:AEX9418,Portugal,631,False
GBEPT947-14,Crocothemis erythraea,Crocothemis,Libellulidae,BOLD:AEX9418,Austria,633,False
GODO042-19,Crocothemis erythraea,Crocothemis,Libellulidae,BOLD:AEX9418,Germany,658,False
ODOBP9083-23,Crocothemis erythraea,Crocothemis,Libellulidae,BOLD:AEX9418,Netherlands,658,False
PLSW069-20,Crocothemis erythraea,Crocothemis,Libellulidae,BOLD:AEX9418,Poland,658,False
PLSW070-20,Crocothemis erythraea,Crocothemis,Libellulidae,BOLD:AEX9418,Poland,658,False
PLSW071-20,Crocothemis erythraea,Crocothemis,Libellulidae,BOLD:AEX9418,Poland,647,False
TRSKA2100-20,Crocothemis erythraea,Crocothemis,Libellulidae,BOLD:AEX9418,Montenegro,654,False
TRSKA2101-20,Crocothemis erythraea,Crocothemis,Libellulidae,BOLD:AEX9418,Montenegro,655,False
ZPLOD320-20,Crocothemis erythraea,Crocothemis,Libellulidae,BOLD:AEX9418,Italy,658,False
ZPLOD328-20,Crocothemis erythraea,Crocothemis,Libellulidae,BOLD:AEX9418,Italy,658,False
ZPLOD331-20,Crocothemis erythraea,Crocothemis,Libellulidae,BOLD:AEX9418,Italy,658,False
ZPLOD332-20,Crocothemis erythraea,Crocothemis,Libellulidae,BOLD:AEX9418,Italy,658,False
ZPLOD333-20,Crocothemis erythraea,Crocothemis,Libellulidae,BOLD:AEX9418,Italy,658,False
ZPLOD822-20,Crocothemis erythraea,Crocothemis,Libellulidae,BOLD:AEX9418,Montenegro,658,False
AODON681-20,Leucorrhinia caudalis,Leucorrhinia,Libellulidae,BOLD:ADC4475,Austria,657,True
AODON682-20,Leucorrhinia caudalis,Leucorrhinia,Libellulidae,BOLD:ADC4475,Austria,657,True
EDF006-18,Leucorrhinia caudalis,Leucorrhinia,Libellulidae,BOLD:ADC4475,Austria,658,False
ODOBP5342-16,Leucorrhinia caudalis,Leucorrhinia,Libellulidae,BOLD:ADC4475,Netherlands,658,False
AODON147-20,Leucorrhinia dubia,Leucorrhinia,Libellulidae,BOLD:AAJ2437,Austria,657,True
AODON480-20,Leucorrhinia dubia,Leucorrhinia,Libellulidae,BOLD:AAJ2437,Austria,623,False
AODON693-20,Leucorrhinia dubia,Leucorrhinia,Libellulidae,BOLD:AAJ2437,Austria,657,True
AODON703-20,Leucorrhinia dubia,Leucorrhinia,Libellulidae,BOLD:AAJ2437,Austria,657,True
AODON903-22,Leucorrhinia dubia,Leucorrhinia,Libellulidae,BOLD:AAJ2437,Austria,683,False
DTNHM5774-23,Leucorrhinia dubia,Leucorrhinia,Libellulidae,,United Kingdom,658,False
DTNHM5775-23,Leucorrhinia dubia,Leucorrhinia,Libellulidae,,United Kingdom,658,False
FBAQU500-10,Leucorrhinia dubia,Leucorrhinia,Libellulidae,BOLD:AAJ2437,Germany,600,False
GBEPT900-14,Leucorrhinia dubia,Leucorrhinia,Libellulidae,BOLD:AAJ2437,Germany,658,False
GBEPT901-14,Leucorrhinia dubia,Leucorrhinia,Libellulidae,BOLD:AAJ2437,Germany,654,False
GBODO036-18,Leucorrhinia dubia,Leucorrhinia,Libellulidae,BOLD:AAJ2437,Germany,658,False
LEFIJ7816-18,Leucorrhinia dubia,Leucorrhinia,Libellulidae,BOLD:AAJ2437,Finland,652,False
ODOBP2877-16,Leucorrhinia dubia,Leucorrhinia,Libellulidae,BOLD:AAJ2437,Netherlands,658,False
ODOBP5350-16,Leucorrhinia dubia,Leucorrhinia,Libellulidae,BOLD:AAJ2437,Netherlands,658,False
ODOBP5352-16,Leucorrhinia dubia,Leucorrhinia,Libellulidae,BOLD:AAJ2437,Netherlands,658,False
ODOPL099-19,Leucorrhinia dubia,Leucorrhinia,Libellulidae,BOLD:AAJ2437,Poland,635,False
ROMAC866-22,Leucorrhinia dubia,Leucorrhinia,Libellulidae,BOLD:AAJ2437,Romania,658,False
ZPLOD515-20,Leucorrhinia dubia,Leucorrhinia,Libellulidae,BOLD:AAJ2437,Italy,658,False
ZPLOD828-20,Leucorrhinia dubia,Leucorrhinia,Libellulidae,BOLD:AAJ2437,Montenegro,658,False
AODON080-20,Leucorrhinia pectoralis,Leucorrhinia,Libellulidae,BOLD:ADC3719,Austria,657,True
ODOBP5354-16,Leucorrhinia pectoralis,Leucorrhinia,Libellulidae,BOLD:ADC3719,Netherlands,658,False
ODOPL024-19,Leucorrhinia pectoralis,Leucorrhinia,Libellulidae,BOLD:ADC3719,Poland,625,False
PLSW051-20,Leucorrhinia pectoralis,Leucorrhinia,Libellulidae,BOLD:ADC3719,Poland,650,False
PLSW053-20,Leucorrhinia pectoralis,Leucorrhinia,Libellulidae,BOLD:ADC3719,Poland,658,False
AODON668-20,Leucorrhinia rubicunda,Leucorrhinia,Libellulidae,BOLD:ADC1709,Austria,657,True
AODON670-20,Leucorrhinia rubicunda,Leucorrhinia,Libellulidae,BOLD:ADC1709,Austria,657,True
LEFIJ15521-21,Leucorrhinia rubicunda,Leucorrhinia,Libellulidae,BOLD:ADC1709,Finland,652,False
ODOBP5324-16,Leucorrhinia rubicunda,Leucorrhinia,Libellulidae,BOLD:ADC1709,Netherlands,658,False
ANBIO098-19,Libellula depressa,Libellula,Libellulidae,BOLD:AAJ2758,United Kingdom,658,False
AODON028-20,Libellula depressa,Libellula,Libellulidae,BOLD:AAJ2758,Austria,657,True
AODON429-20,Libellula depressa,Libellula,Libellulidae,BOLD:AAJ2758,Austria,657,True
AODON898-22,Libellula depressa,Libellula,Libellulidae,BOLD:AAJ2758,Austria,683,False
DTNHM13434-24,Libellula depressa,Libellula,Libellulidae,BOLD:AAJ2758,United Kingdom,658,False
FBAQU502-10,Libellula depressa,Libellula,Libellulidae,BOLD:AAJ2758,Germany,658,False
LEFIJ29477-22,Libellula depressa,Libellula,Libellulidae,BOLD:AAJ2758,Finland,652,False
LEFIJ5929-17,Libellula depressa,Libellula,Libellulidae,BOLD:AAJ2758,Finland,658,False
LEFIJ7806-18,Libellula depressa,Libellula,Libellulidae,BOLD:AAJ2758,Finland,653,False
ODOBP9079-23,Libellula depressa,Libellula,Libellulidae,BOLD:AAJ2758,Netherlands,658,False
PLSW148-20,Libellula depressa,Libellula,Libellulidae,BOLD:AAJ2758,Poland,649,False
TRSKA2843-20,Libellula depressa,Libellula,Libellulidae,BOLD:AAJ2758,Albania,658,False
ZPLOD526-20,Libellula depressa,Libellula,Libellulidae,BOLD:AAJ2758,Italy,658,False
ZPLOD534-20,Libellula depressa,Libellula,Libellulidae,BOLD:AAJ2758,Italy,658,False
AODON072-20,Libellula fulva,Libellula,Libellulidae,BOLD:ACP3530,Austria,656,True
AODON515-20,Libellula fulva,Libellula,Libellulidae,BOLD:ACP3530,Austria,656,True
AODON701-20,Libellula fulva,Libellula,Libellulidae,BOLD:ACP3530,Austria,656,True
GBEPT944-14,Libellula fulva,Libellula,Libellulidae,BOLD:ACP3530,Austria,658,False
LEFIJ5931-17,Libellula fulva,Libellula,Libellulidae,BOLD:ACP3530,Finland,647,False
ODOBP5353-16,Libellula fulva,Libellula,Libellulidae,BOLD:ACP3530,Netherlands,658,False
ODOBP5363-16,Libellula fulva,Libellula,Libellulidae,BOLD:ACP3530,Netherlands,658,False
PLSW033-20,Libellula fulva,Libellula,Libellulidae,BOLD:ACP3530,Poland,658,False
PLSW034-20,Libellula fulva,Libellula,Libellulidae,BOLD:ACP3530,Poland,658,False
UKAN813-22,Libellula fulva,Libellula,Libellulidae,BOLD:ACP3530,United Kingdom,658,False
ZPLOD535-20,Libellula fulva,Libellula,Libellulidae,BOLD:ACP3530,Italy,658,False
ZPLOD536-20,Libellula fulva,Libellula,Libellulidae,BOLD:ACP3530,Italy,658,False
ZPLOD543-20,Libellula fulva,Libellula,Libellulidae,BOLD:ACP3530,Italy,658,False
AODON001-20,Libellula quadrimaculata,Libellula,Libellulidae,BOLD:AEY0197,Austria,657,True
AODON048-20,Libellula quadrimaculata,Libellula,Libellulidae,BOLD:AEY0197,Austria,657,True
AODON060-20,Libellula quadrimaculata,Libellula,Libellulidae,BOLD:AEY0197,Austria,657,True
AODON248-20,Libellula quadrimaculata,Libellula,Libellulidae,BOLD:AEY0197,Austria,657,True
AODON363-20,Libellula quadrimaculata,Libellula,Libellulidae,BOLD:AEY0197,Austria,641,False
AODON433-20,Libellula quadrimaculata,Libellula,Libellulidae,BOLD:AEY0197,Austria,657,True
AODON482-20,Libellula quadrimaculata,Libellula,Libellulidae,BOLD:AEY0197,Austria,683,False
AODON555-20,Libellula quadrimaculata,Libellula,Libellulidae,BOLD:AEY0197,Austria,657,True
AODON613-20,Libellula quadrimaculata,Libellula,Libellulidae,BOLD:AEY0197,Austria,683,False
DTNHM10238-24,Libellula quadrimaculata,Libellula,Libellulidae,BOLD:AEY0197,United Kingdom,658,False
DTNHM8415-23,Libellula quadrimaculata,Libellula,Libellulidae,BOLD:AEY0197,United Kingdom,658,False
DTNHM9343-23,Libellula quadrimaculata,Libellula,Libellulidae,BOLD:AEY0197,United Kingdom,658,False
FBAQU503-10,Libellula quadrimaculata,Libellula,Libellulidae,BOLD:AEY0197,Germany,618,False
GBODO031-18,Libellula quadrimaculata,Libellula,Libellulidae,,Germany,658,False
GODO043-19,Libellula quadrimaculata,Libellula,Libellulidae,BOLD:AEY0197,Germany,658,False
LEFIJ15543-21,Libellula quadrimaculata,Libellula,Libellulidae,BOLD:AEY0197,Finland,640,False
ODOBP5331-16,Libellula quadrimaculata,Libellula,Libellulidae,BOLD:AEY0197,Netherlands,658,False
ODOPL096-19,Libellula quadrimaculata,Libellula,Libellulidae,BOLD:AEY0197,Poland,644,False
ODOPL097-19,Libellula quadrimaculata,Libellula,Libellulidae,BOLD:AEY0197,Poland,643,False
ODOPL098-19,Libellula quadrimaculata,Libellula,Libellulidae,BOLD:AEY0197,Poland,639,False
ODOPL122-19,Libellula quadrimaculata,Libellula,Libellulidae,BOLD:AEY0197,Poland,637,False
PLSW031-20,Libellula quadrimaculata,Libellula,Libellulidae,BOLD:AEY0197,Poland,658,False
PLSW032-20,Libellula quadrimaculata,Libellula,Libellulidae,BOLD:AEY0197,Poland,658,False
TRDOD003-14,Libellula quadrimaculata,Libellula,Libellulidae,BOLD:AEY0197,Norway,658,False
TRDOD028-14,Libellula quadrimaculata,Libellula,Libellulidae,BOLD:AEY0197,Norway,658,False
TRDOD051-14,Libellula quadrimaculata,Libellula,Libellulidae,BOLD:AEY0197,Norway,658,False
TRDOD057-14,Libellula quadrimaculata,Libellula,Libellulidae,BOLD:AEY0197,Norway,658,False
ZPLOD544-20,Libellula quadrimaculata,Libellula,Libellulidae,BOLD:AEY0197,Italy,658,False
ZPLOD549-20,Libellula quadrimaculata,Libellula,Libellulidae,BOLD:AEY0197,Italy,658,False
ZPLOD829-20,Libellula quadrimaculata,Libellula,Libellulidae,BOLD:AEY0197,Montenegro,658,False
AODON041-20,Orthetrum albistylum,Orthetrum,Libellulidae,BOLD:AED4117,Austria,657,True
AODON042-20,Orthetrum albistylum,Orthetrum,Libellulidae,BOLD:AED4117,Austria,657,True
AODON370-20,Orthetrum albistylum,Orthetrum,Libellulidae,BOLD:AED4117,Austria,665,False
EDF010-18,Orthetrum albistylum,Orthetrum,Libellulidae,BOLD:AED4117,Austria,658,False
HUAQM020-20,Orthetrum albistylum,Orthetrum,Libellulidae,BOLD:AED4117,Hungary,613,False
AODON100-20,Orthetrum brunneum,Orthetrum,Libellulidae,BOLD:AAK5997,Austria,657,True
AODON169-20,Orthetrum brunneum,Orthetrum,Libellulidae,BOLD:AAK5997,Austria,665,False
AODON217-20,Orthetrum brunneum,Orthetrum,Libellulidae,BOLD:AAK5997,Austria,657,True
AODON454-20,Orthetrum brunneum,Orthetrum,Libellulidae,BOLD:AAK5997,Austria,657,True
AODON521-20,Orthetrum brunneum,Orthetrum,Libellulidae,BOLD:AAK5997,Austria,700,False
AODON893-22,Orthetrum brunneum,Orthetrum,Libellulidae,BOLD:AAK5997,Austria,683,False
FBAQU319-09,Orthetrum brunneum,Orthetrum,Libellulidae,BOLD:AAK5997,Germany,658,False
GBODO060-18,Orthetrum brunneum,Orthetrum,Libellulidae,BOLD:AAK5997,Germany,658,False
HUAQM025-20,Orthetrum brunneum,Orthetrum,Libellulidae,BOLD:AAK5997,Hungary,658,False
HUAQM026-20,Orthetrum brunneum,Orthetrum,Libellulidae,BOLD:AAK5997,Hungary,658,False
SBAM011-22,Orthetrum brunneum,Orthetrum,Libellulidae,BOLD:AAK5997,Italy,670,False
ZPLOD600-20,Orthetrum brunneum,Orthetrum,Libellulidae,BOLD:AAK5997,Italy,658,False
ZPLOD609-20,Orthetrum brunneum,Orthetrum,Libellulidae,BOLD:AAK5997,Italy,658,False
ZPLOD610-20,Orthetrum brunneum,Orthetrum,Libellulidae,BOLD:AAK5997,Italy,658,False
AODON040-20,Orthetrum cancellatum,Orthetrum,Libellulidae,BOLD:AAK5996,Austria,657,True
AODON065-20,Orthetrum cancellatum,Orthetrum,Libellulidae,BOLD:AAK5996,Austria,657,True
AODON066-20,Orthetrum cancellatum,Orthetrum,Libellulidae,BOLD:AAK5996,Austria,657,True
AODON102-20,Orthetrum cancellatum,Orthetrum,Libellulidae,BOLD:AAK5996,Austria,657,True
AODON354-20,Orthetrum cancellatum,Orthetrum,Libellulidae,BOLD:AAK5996,Austria,656,False
AODON369-20,Orthetrum cancellatum,Orthetrum,Libellulidae,BOLD:AAK5996,Austria,626,False
AODON614-20,Orthetrum cancellatum,Orthetrum,Libellulidae,BOLD:AAK5996,Austria,657,True
AODON635-20,Orthetrum cancellatum,Orthetrum,Libellulidae,BOLD:AAK5996,Austria,657,True
AODON636-20,Orthetrum cancellatum,Orthetrum,Libellulidae,BOLD:AAK5996,Austria,657,True
AODON895-22,Orthetrum cancellatum,Orthetrum,Libellulidae,BOLD:AAK5996,Austria,683,False
AODON929-22,Orthetrum cancellatum,Orthetrum,Libellulidae,BOLD:AAK5996,Austria,657,False
DTNHM8460-23,Orthetrum cancellatum,Orthetrum,Libellulidae,BOLD:AAK5996,United Kingdom,658,False
FBAQU505-10,Orthetrum cancellatum,Orthetrum,Libellulidae,BOLD:AAK5996,Germany,646,False
GBAAX10184-24,Orthetrum cancellatum,Orthetrum,Libellulidae,BOLD:AAK5996,Spain,658,False
GBAAX10185-24,Orthetrum cancellatum,Orthetrum,Libellulidae,BOLD:AAK5996,Denmark,658,False
GBAAY74652-24,Orthetrum cancellatum,Orthetrum,Libellulidae,BOLD:AAK5996,France,658,False
GBAAY74655-24,Orthetrum cancellatum,Orthetrum,Libellulidae,BOLD:AAK5996,France,658,False
GBAAY74656-24,Orthetrum cancellatum,Orthetrum,Libellulidae,BOLD:AAK5996,Norway,658,False
GBAAY74660-24,Orthetrum cancellatum,Orthetrum,Libellulidae,BOLD:AAK5996,Denmark,658,False
GBAAY74663-24,Orthetrum cancellatum,Orthetrum,Libellulidae,BOLD:AAK5996,Croatia,658,False
GBAAY74664-24,Orthetrum cancellatum,Orthetrum,Libellulidae,BOLD:AAK5996,France,658,False
GBAAY74666-24,Orthetrum cancellatum,Orthetrum,Libellulidae,BOLD:AAK5996,Denmark,658,False
GBAAY74668-24,Orthetrum cancellatum,Orthetrum,Libellulidae,BOLD:AAK5996,Croatia,658,False
GBAAY74676-24,Orthetrum cancellatum,Orthetrum,Libellulidae,BOLD:AAK5996,France,658,False
GBAAY74681-24,Orthetrum cancellatum,Orthetrum,Libellulidae,BOLD:AAK5996,Croatia,658,False
GBAAY74684-24,Orthetrum cancellatum,Orthetrum,Libellulidae,BOLD:AAK5996,Denmark,658,False
GODO038-18,Orthetrum cancellatum,Orthetrum,Libellulidae,BOLD:AAK5996,Germany,658,False
ODOBP2891-16,Orthetrum cancellatum,Orthetrum,Libellulidae,BOLD:AAK5996,Netherlands,658,False
ODOPL051-19,Orthetrum cancellatum,Orthetrum,Libellulidae,BOLD:AAK5996,Poland,633,False
ODOPL052-19,Orthetrum cancellatum,Orthetrum,Libellulidae,BOLD:AAK5996,Poland,633,False
ODOPL127-19,Orthetrum cancellatum,Orthetrum,Libellulidae,BOLD:AAK5996,Poland,635,False
ODOPL128-19,Orthetrum cancellatum,Orthetrum,Libellulidae,BOLD:AAK5996,Poland,623,False
TRSKA2115-20,Orthetrum cancellatum,Orthetrum,Libellulidae,BOLD:AAK5996,Montenegro,655,False
ZPLOD613-20,Orthetrum cancellatum,Orthetrum,Libellulidae,BOLD:AAK5996,Italy,658,False
ZPLOD618-20,Orthetrum cancellatum,Orthetrum,Libellulidae,BOLD:AAK5996,Italy,658,False
ZPLOD619-20,Orthetrum cancellatum,Orthetrum,Libellulidae,BOLD:AAK5996,Italy,658,False
ZPLOD620-20,Orthetrum cancellatum,Orthetrum,Libellulidae,BOLD:AAK5996,Italy,658,False
ZPLOD623-20,Orthetrum cancellatum,Orthetrum,Libellulidae,BOLD:AAK5996,Italy,658,False
ZPLOD832-20,Orthetrum cancellatum,Orthetrum,Libellulidae,BOLD:AAK5996,Montenegro,658,False
AODON071-20,Orthetrum coerulescens,Orthetrum,Libellulidae,BOLD:AAI2353,Austria,658,True
AODON099-20,Orthetrum coerulescens,Orthetrum,Libellulidae,BOLD:AAI2353,Austria,658,True
AODON261-20,Orthetrum coerulescens,Orthetrum,Libellulidae,BOLD:AAI2353,Austria,658,True
AODON263-20,Orthetrum coerulescens,Orthetrum,Libellulidae,BOLD:AAI2353,Austria,658,True
AODON512-20,Orthetrum coerulescens,Orthetrum,Libellulidae,BOLD:AAI2353,Austria,606,True
AODON520-20,Orthetrum coerulescens,Orthetrum,Libellulidae,BOLD:AAI2353,Austria,659,False
AODON887-22,Orthetrum coerulescens,Orthetrum,Libellulidae,BOLD:AAI2353,Austria,683,False
DTNHM10237-24,Orthetrum coerulescens,Orthetrum,Libellulidae,BOLD:AAI2353,United Kingdom,658,False
DTNHM2609-21,Orthetrum coerulescens,Orthetrum,Libellulidae,,United Kingdom,633,False
DTNHM5971-23,Orthetrum coerulescens,Orthetrum,Libellulidae,BOLD:AAI2353,United Kingdom,658,False
FBAQU506-10,Orthetrum coerulescens,Orthetrum,Libellulidae,BOLD:AAI2353,Germany,641,False
GBAAW78360-24,Orthetrum coerulescens,Orthetrum,Libellulidae,BOLD:AAI2353,Portugal,642,False
GBAAW78361-24,Orthetrum coerulescens,Orthetrum,Libellulidae,BOLD:AAI2353,Portugal,621,False
GBAAW78362-24,Orthetrum coerulescens,Orthetrum,Libellulidae,BOLD:AAI2353,Portugal,628,False
GBAAX3578-24,Orthetrum coerulescens,Orthetrum,Libellulidae,BOLD:AAI2353,Bulgaria,658,False
GBAAX3579-24,Orthetrum coerulescens,Orthetrum,Libellulidae,BOLD:AAI2353,Denmark,658,False
GBAAX3580-24,Orthetrum coerulescens,Orthetrum,Libellulidae,BOLD:AAI2353,Denmark,658,False
GBAAY36359-24,Orthetrum coerulescens,Orthetrum,Libellulidae,BOLD:AAI2353,Norway,658,False
GBAAY36361-24,Orthetrum coerulescens,Orthetrum,Libellulidae,BOLD:AAI2353,Spain,658,False
GBAAY36362-24,Orthetrum coerulescens,Orthetrum,Libellulidae,BOLD:AAI2353,Greece,658,False
GBAAY36363-24,Orthetrum coerulescens,Orthetrum,Libellulidae,BOLD:AAI2353,France,658,False
GBAAY36369-24,Orthetrum coerulescens,Orthetrum,Libellulidae,BOLD:AAI2353,Norway,658,False
GBAAY36375-24,Orthetrum coerulescens,Orthetrum,Libellulidae,BOLD:AAI2353,Denmark,658,False
GBAAY36381-24,Orthetrum coerulescens,Orthetrum,Libellulidae,BOLD:AAI2353,Greece,658,False
GBAAY36382-24,Orthetrum coerulescens,Orthetrum,Libellulidae,BOLD:AAI2353,Bulgaria,658,False
GBAAY36383-24,Orthetrum coerulescens,Orthetrum,Libellulidae,BOLD:AAI2353,Greece,658,False
GBAAY36391-24,Orthetrum coerulescens,Orthetrum,Libellulidae,BOLD:AAI2353,Spain,658,False
LEFIJ29522-22,Orthetrum coerulescens,Orthetrum,Libellulidae,BOLD:AAI2353,Finland,651,False
LEFIJ29523-22,Orthetrum coerulescens,Orthetrum,Libellulidae,BOLD:AAI2353,Finland,651,False
ODOBP2887-16,Orthetrum coerulescens,Orthetrum,Libellulidae,BOLD:AAI2353,Netherlands,658,False
PLSW049-20,Orthetrum coerulescens,Orthetrum,Libellulidae,BOLD:AAI2353,Poland,658,False
ZMBN329-16,Orthetrum coerulescens,Orthetrum,Libellulidae,BOLD:AAI2353,Norway,658,False
ZPLOD626-20,Orthetrum coerulescens,Orthetrum,Libellulidae,BOLD:AAI2353,Italy,658,False
ZPLOD639-20,Orthetrum coerulescens,Orthetrum,Libellulidae,BOLD:AAI2353,Italy,658,False
ZPLOD651-20,Orthetrum coerulescens,Orthetrum,Libellulidae,BOLD:AAI2353,Italy,658,False
ZPLOD833-20,Orthetrum coerulescens,Orthetrum,Libellulidae,BOLD:AAI2353,Montenegro,658,False
ZPLOD700-20,Selysiothemis nigra,Selysiothemis,Libellulidae,BOLD:AAE9139,Italy,658,False
ZPLOD701-20,Selysiothemis nigra,Selysiothemis,Libellulidae,BOLD:AAE9139,Italy,658,False
ZPLOD703-20,Selysiothemis nigra,Selysiothemis,Libellulidae,BOLD:AAE9139,Italy,658,False
AODON260-20,Sympetrum danae,Sympetrum,Libellulidae,BOLD:AAA3766,Austria,658,True
AODON298-20,Sympetrum danae,Sympetrum,Libellulidae,BOLD:AAA3766,Austria,658,True
AODON301-20,Sympetrum danae,Sympetrum,Libellulidae,BOLD:AAA3766,Austria,658,True
AODON302-20,Sympetrum danae,Sympetrum,Libellulidae,BOLD:AAA3766,Austria,658,True
AODON523-20,Sympetrum danae,Sympetrum,Libellulidae,BOLD:AAA3766,Austria,670,False
AODON525-20,Sympetrum danae,Sympetrum,Libellulidae,BOLD:AAA3766,Austria,658,True
AODON596-20,Sympetrum danae,Sympetrum,Libellulidae,BOLD:AAA3766,Austria,658,True
AODON748-20,Sympetrum danae,Sympetrum,Libellulidae,BOLD:AAA3766,Austria,658,True
FBAQU516-10,Sympetrum danae,Sympetrum,Libellulidae,BOLD:AAA3766,Germany,643,False
PLSW003-20,Sympetrum danae,Sympetrum,Libellulidae,BOLD:AAA3766,Poland,653,False
AODON723-20,Sympetrum depressiusculum,Sympetrum,Libellulidae,BOLD:ACQ1493,Austria,658,True
AODON724-20,Sympetrum depressiusculum,Sympetrum,Libellulidae,BOLD:ACQ1493,Austria,658,True
AODON877-22,Sympetrum depressiusculum,Sympetrum,Libellulidae,BOLD:ACQ1493,Austria,657,False
EDF020-20,Sympetrum depressiusculum,Sympetrum,Libellulidae,BOLD:ACQ1493,Austria,658,True
BGEPL1787-25,Sympetrum flaveolum,Sympetrum,Libellulidae,BOLD:ADI4820,Poland,658,False
LEFIJ29530-22,Sympetrum flaveolum,Sympetrum,Libellulidae,BOLD:ADI4820,Finland,652,False
ZPLOD758-20,Sympetrum flaveolum,Sympetrum,Libellulidae,BOLD:ADI4820,Italy,658,False
ZPLOD838-20,Sympetrum flaveolum,Sympetrum,Libellulidae,BOLD:ADI4820,Montenegro,658,False
AODON201-20,Sympetrum fonscolombii,Sympetrum,Libellulidae,BOLD:AAI0218,Austria,621,False
AODON356-20,Sympetrum fonscolombii,Sympetrum,Libellulidae,BOLD:AAI0218,Austria,657,True
AODON380-20,Sympetrum fonscolombii,Sympetrum,Libellulidae,BOLD:AAI0218,Austria,657,True
AODON688-20,Sympetrum fonscolombii,Sympetrum,Libellulidae,BOLD:AAI0218,Austria,657,True
AODON689-20,Sympetrum fonscolombii,Sympetrum,Libellulidae,BOLD:AAI0218,Austria,657,True
FBAQU517-10,Sympetrum fonscolombii,Sympetrum,Libellulidae,BOLD:AAI0218,Germany,606,False
FBAQU552-10,Sympetrum fonscolombii,Sympetrum,Libellulidae,BOLD:AAI0218,Germany,626,False
ODOBP3557-16,Sympetrum fonscolombii,Sympetrum,Libellulidae,BOLD:AAI0218,Spain,658,False
PLSW086-20,Sympetrum fonscolombii,Sympetrum,Libellulidae,BOLD:AAI0218,Poland,658,False
PLSW087-20,Sympetrum fonscolombii,Sympetrum,Libellulidae,BOLD:AAI0218,Poland,658,False
PLSW088-20,Sympetrum fonscolombii,Sympetrum,Libellulidae,BOLD:AAI0218,Poland,658,False
UMAAI1417-22,Sympetrum fonscolombii,Sympetrum,Libellulidae,,France,641,False
AODON372-20,Sympetrum meridionale,Sympetrum,Libellulidae,BOLD:AAD8296,Austria,657,True
AODON374-20,Sympetrum meridionale,Sympetrum,Libellulidae,BOLD:AAD8296,Austria,657,True
AODON377-20,Sympetrum meridionale,Sympetrum,Libellulidae,BOLD:AAD8296,Austria,657,True
AODON777-20,Sympetrum meridionale,Sympetrum,Libellulidae,BOLD:AAD8296,Bosnia and Herzegovina,657,True
GBEPT950-14,Sympetrum meridionale,Sympetrum,Libellulidae,BOLD:AAK1015,Austria,651,False
ODOBP3565-16,Sympetrum meridionale,Sympetrum,Libellulidae,BOLD:AAD8296,Spain,658,False
ODOBP5470-16,Sympetrum meridionale,Sympetrum,Libellulidae,BOLD:AAD8296,Greece,658,False
TRSKA2057-20,Sympetrum meridionale,Sympetrum,Libellulidae,BOLD:AAD8296,Montenegro,652,False
TRSKA2068-20,Sympetrum meridionale,Sympetrum,Libellulidae,BOLD:AAD8296,Montenegro,655,False
TRSKA2113-20,Sympetrum meridionale,Sympetrum,Libellulidae,BOLD:AAD8296,Montenegro,653,False
TRSKA2790-20,Sympetrum meridionale,Sympetrum,Libellulidae,BOLD:AAD8296,Montenegro,654,False
ZPLOD772-20,Sympetrum meridionale,Sympetrum,Libellulidae,BOLD:AAD8296,Italy,658,False
ZPLOD839-20,Sympetrum meridionale,Sympetrum,Libellulidae,BOLD:AAD8296,Montenegro,658,False
AODON116-20,Sympetrum pedemontanum,Sympetrum,Libellulidae,BOLD:AAK1022,Austria,658,True
AODON141-20,Sympetrum pedemontanum,Sympetrum,Libellulidae,BOLD:AAK1022,Austria,658,True
AODON300-20,Sympetrum pedemontanum,Sympetrum,Libellulidae,BOLD:AAK1022,Austria,658,True
AODON876-22,Sympetrum pedemontanum,Sympetrum,Libellulidae,BOLD:AAK1022,Austria,644,False
AODON878-22,Sympetrum pedemontanum,Sympetrum,Libellulidae,BOLD:AAK1022,Austria,613,False
GBMIX944-14,Sympetrum pedemontanum,Sympetrum,Libellulidae,,Germany,633,False
ZPLOD781-20,Sympetrum pedemontanum,Sympetrum,Libellulidae,BOLD:AAK1022,Italy,658,False
AODON091-20,Sympetrum sanguineum,Sympetrum,Libellulidae,BOLD:AAB2237,Austria,657,True
AODON112-20,Sympetrum sanguineum,Sympetrum,Libellulidae,BOLD:AAB2237,Austria,657,True
AODON161-20,Sympetrum sanguineum,Sympetrum,Libellulidae,BOLD:AAB2237,Austria,657,True
AODON241-20,Sympetrum sanguineum,Sympetrum,Libellulidae,BOLD:AAB2237,Austria,657,True
AODON327-20,Sympetrum sanguineum,Sympetrum,Libellulidae,BOLD:AAB2237,Austria,658,False
AODON353-20,Sympetrum sanguineum,Sympetrum,Libellulidae,BOLD:AAB2237,Austria,673,False
AODON538-20,Sympetrum sanguineum,Sympetrum,Libellulidae,BOLD:AAB2237,Austria,662,False
AODON539-20,Sympetrum sanguineum,Sympetrum,Libellulidae,BOLD:AAB2237,Austria,657,True
AODON547-20,Sympetrum sanguineum,Sympetrum,Libellulidae,BOLD:AAB2237,Austria,657,True
AODON875-22,Sympetrum sanguineum,Sympetrum,Libellulidae,BOLD:AAB2237,Austria,649,False
AODON882-22,Sympetrum sanguineum,Sympetrum,Libellulidae,BOLD:AAB2237,Austria,643,False
AODON884-22,Sympetrum sanguineum,Sympetrum,Libellulidae,BOLD:AAB2237,Austria,657,False
AODON889-22,Sympetrum sanguineum,Sympetrum,Libellulidae,BOLD:AAB2237,Austria,683,False
FBAQU518-10,Sympetrum sanguineum,Sympetrum,Libellulidae,BOLD:AAB2237,Germany,631,False
FBAQU554-10,Sympetrum sanguineum,Sympetrum,Libellulidae,BOLD:AAB2237,Germany,658,False
HMYZ206-23,Sympetrum sanguineum,Sympetrum,Libellulidae,BOLD:AAB2237,Slovakia,699,False
ODOBP2889-16,Sympetrum sanguineum,Sympetrum,Libellulidae,BOLD:AAB2237,Netherlands,658,False
ODOBP2890-16,Sympetrum sanguineum,Sympetrum,Libellulidae,BOLD:AAB2237,Netherlands,658,False
PLSW067-20,Sympetrum sanguineum,Sympetrum,Libellulidae,BOLD:AAB2237,Poland,632,False
PLSW068-20,Sympetrum sanguineum,Sympetrum,Libellulidae,BOLD:AAB2237,Poland,658,False
ZPLOD783-20,Sympetrum sanguineum,Sympetrum,Libellulidae,BOLD:AAB2237,Italy,658,False
ZPLOD790-20,Sympetrum sanguineum,Sympetrum,Libellulidae,BOLD:AAB2237,Italy,658,False
ZPLOD840-20,Sympetrum sanguineum,Sympetrum,Libellulidae,BOLD:AAB2237,Montenegro,658,False
ANBIO101-19,Sympetrum striolatum,Sympetrum,Libellulidae,BOLD:AAB2237,United Kingdom,658,False
AODON129-20,Sympetrum striolatum,Sympetrum,Libellulidae,BOLD:AAB2236,Austria,657,True
AODON139-20,Sympetrum striolatum,Sympetrum,Libellulidae,BOLD:AAB2236,Austria,657,True
AODON321-20,Sympetrum striolatum,Sympetrum,Libellulidae,BOLD:AAB2236,Austria,683,False
AODON329-20,Sympetrum striolatum,Sympetrum,Libellulidae,BOLD:AAB2236,Austria,683,False
AODON376-20,Sympetrum striolatum,Sympetrum,Libellulidae,BOLD:AAB2236,Austria,657,True
AODON629-20,Sympetrum striolatum,Sympetrum,Libellulidae,BOLD:AAB2236,Austria,657,True
AODON637-20,Sympetrum striolatum,Sympetrum,Libellulidae,BOLD:AAB2236,Austria,657,True
AODON881-22,Sympetrum striolatum,Sympetrum,Libellulidae,BOLD:AAB2236,Austria,657,False
DTNHM5528-23,Sympetrum striolatum,Sympetrum,Libellulidae,BOLD:AAB2236,United Kingdom,604,False
FBAQU325-09,Sympetrum striolatum,Sympetrum,Libellulidae,BOLD:AAB2236,Germany,658,False
FBAQU519-10,Sympetrum striolatum,Sympetrum,Libellulidae,BOLD:AAB2236,Germany,641,False
GBAAW72239-24,Sympetrum striolatum,Sympetrum,Libellulidae,BOLD:AAB2236,Portugal,640,False
GBAAW72240-24,Sympetrum striolatum,Sympetrum,Libellulidae,BOLD:AAB2236,Portugal,637,False
LEFIJ29526-22,Sympetrum striolatum,Sympetrum,Libellulidae,BOLD:AFG1851,Finland,651,False
ODOBP9073-23,Sympetrum striolatum,Sympetrum,Libellulidae,BOLD:AAB2236,Netherlands,658,False
ODOBP9074-23,Sympetrum striolatum,Sympetrum,Libellulidae,BOLD:AAB2236,Netherlands,658,False
TRDOD086-14,Sympetrum striolatum,Sympetrum,Libellulidae,BOLD:AAB2236,Norway,658,False
TRSKA2739-20,Sympetrum striolatum,Sympetrum,Libellulidae,BOLD:AAB2236,Montenegro,654,False
TRSKA2788-20,Sympetrum striolatum,Sympetrum,Libellulidae,BOLD:AAB2236,Montenegro,652,False
ZMBN328-16,Sympetrum striolatum,Sympetrum,Libellulidae,BOLD:AAB2236,Norway,658,False
ZPLOD800-20,Sympetrum striolatum,Sympetrum,Libellulidae,BOLD:AAB2236,Italy,658,False
AODON111-20,Sympetrum vulgatum,Sympetrum,Libellulidae,BOLD:AAE2658,Austria,658,True
AODON118-20,Sympetrum vulgatum,Sympetrum,Libellulidae,BOLD:AAE2658,Austria,658,True
AODON272-20,Sympetrum vulgatum,Sympetrum,Libellulidae,BOLD:AAE2658,Austria,658,True
AODON273-20,Sympetrum vulgatum,Sympetrum,Libellulidae,BOLD:AAE2658,Austria,658,True
AODON355-20,Sympetrum vulgatum,Sympetrum,Libellulidae,BOLD:AAE2658,Austria,660,False
AODON379-20,Sympetrum vulgatum,Sympetrum,Libellulidae,BOLD:AAE2658,Austria,658,True
AODON631-20,Sympetrum vulgatum,Sympetrum,Libellulidae,BOLD:AAE2658,Austria,658,True
AODON713-20,Sympetrum vulgatum,Sympetrum,Libellulidae,BOLD:AAE2658,Austria,683,False
AODON763-20,Sympetrum vulgatum,Sympetrum,Libellulidae,BOLD:AAE2658,Austria,658,True
AODON879-22,Sympetrum vulgatum,Sympetrum,Libellulidae,BOLD:AAE2658,Austria,657,False
GBMHO3209-19,Sympetrum vulgatum,Sympetrum,Libellulidae,BOLD:AAE2658,France,676,False
GBMHO3210-19,Sympetrum vulgatum,Sympetrum,Libellulidae,BOLD:AAE2658,France,676,False
GBMHO3212-19,Sympetrum vulgatum,Sympetrum,Libellulidae,BOLD:AAE2658,Finland,676,False
GBMHO3213-19,Sympetrum vulgatum,Sympetrum,Libellulidae,BOLD:AAE2658,Spain,631,False
GBMHO3214-19,Sympetrum vulgatum,Sympetrum,Libellulidae,BOLD:AAE2658,Spain,616,False
GBMHO3215-19,Sympetrum vulgatum,Sympetrum,Libellulidae,BOLD:AAE2658,Spain,610,False
GBMHO3216-19,Sympetrum vulgatum,Sympetrum,Libellulidae,BOLD:AAE2658,Spain,676,False
GBMHO3217-19,Sympetrum vulgatum,Sympetrum,Libellulidae,BOLD:AAE2658,Spain,624,False
GBMHO3219-19,Sympetrum vulgatum,Sympetrum,Libellulidae,BOLD:AAE2658,Spain,676,False
GBODO113-18,Sympetrum vulgatum,Sympetrum,Libellulidae,BOLD:AAE2658,Germany,658,False
LEFIJ29531-22,Sympetrum vulgatum,Sympetrum,Libellulidae,BOLD:AAE2658,Finland,651,False
LEFIJ29532-22,Sympetrum vulgatum,Sympetrum,Libellulidae,BOLD:AAE2658,Finland,652,False
LEFIJ5933-17,Sympetrum vulgatum,Sympetrum,Libellulidae,BOLD:AAE2658,Finland,639,False
PLSW082-20,Sympetrum vulgatum,Sympetrum,Libellulidae,BOLD:AAE2658,Poland,658,False
ZPLOD804-20,Trithemis annulata,Trithemis,Libellulidae,BOLD:ABA9471,Italy,658,False
ZPLOD805-20,Trithemis annulata,Trithemis,Libellulidae,BOLD:ABA9471,Italy,658,False
ZPLOD811-20,Trithemis annulata,Trithemis,Libellulidae,BOLD:ABA9471,Italy,658,False
