query_id,true_species,true_genus,query_type,nj_predicted_species,nj_predicted_genus,nj_ref_species_in_clade,knn_k4_predicted_species,knn_k4_confidence,knn_k4_flagged_unknown,knn_k4_flagged_at_90,knn_k4_flagged_at_95,knn_k4_flagged_at_99,rf_k4_predicted_species,rf_k4_confidence,rf_k4_flagged_unknown,rf_k4_flagged_at_90,rf_k4_flagged_at_95,rf_k4_flagged_at_99,knn_k6_predicted_species,knn_k6_confidence,knn_k6_flagged_unknown,knn_k6_flagged_at_90,knn_k6_flagged_at_95,knn_k6_flagged_at_99,rf_k6_predicted_species,rf_k6_confidence,rf_k6_flagged_unknown,rf_k6_flagged_at_90,rf_k6_flagged_at_95,rf_k6_flagged_at_99
ODOBP2894-16,Ceriagrion tenellum,Ceriagrion,known,Ceriagrion tenellum,Ceriagrion,Ceriagrion tenellum,Ceriagrion tenellum,-0.0053,False,False,False,False,Ceriagrion tenellum,0.93,False,False,False,False,Ceriagrion tenellum,-0.0065,False,False,False,False,Ceriagrion tenellum,0.98,False,False,False,False
ZPLOD129-20,Ceriagrion tenellum,Ceriagrion,known,Ceriagrion tenellum,Ceriagrion,Ceriagrion tenellum,Ceriagrion tenellum,-0.0043,False,False,False,False,Ceriagrion tenellum,0.978,False,False,False,False,Ceriagrion tenellum,-0.0053,False,False,False,False,Ceriagrion tenellum,0.998,False,False,False,False
TRDOD016-14,Coenagrion armatum,Coenagrion,known,Coenagrion armatum,Coenagrion,Coenagrion armatum,Coenagrion armatum,-0.004,False,False,False,False,Coenagrion armatum,0.488,False,True,False,False,Coenagrion armatum,-0.0041,False,False,False,False,Coenagrion armatum,0.656,False,False,False,False
ZPLOD196-20,Coenagrion caerulescens,Coenagrion,known,Coenagrion caerulescens,Coenagrion,Coenagrion caerulescens,Coenagrion caerulescens,-0.0043,False,False,False,False,Coenagrion caerulescens,0.938,False,False,False,False,Coenagrion caerulescens,-0.0053,False,False,False,False,Coenagrion caerulescens,0.98,False,False,False,False
ZPLOD190-20,Coenagrion caerulescens,Coenagrion,known,Coenagrion caerulescens,Coenagrion,Coenagrion caerulescens,Coenagrion caerulescens,-0.0154,True,True,True,True,Coenagrion caerulescens,0.724,False,False,False,False,Coenagrion caerulescens,-0.0176,True,True,True,True,Coenagrion caerulescens,0.798,False,False,False,False
AODON426-20,Coenagrion hastulatum,Coenagrion,known,Coenagrion hastulatum,Coenagrion,Coenagrion hastulatum,Coenagrion hastulatum,-0.0043,False,False,False,False,Coenagrion hastulatum,0.928,False,False,False,False,Coenagrion hastulatum,-0.0053,False,False,False,False,Coenagrion hastulatum,0.954,False,False,False,False
ZPLOD202-20,Coenagrion hastulatum,Coenagrion,known,Coenagrion hastulatum,Coenagrion,Coenagrion hastulatum,Coenagrion hastulatum,-0.0043,False,False,False,False,Coenagrion hastulatum,0.924,False,False,False,False,Coenagrion hastulatum,-0.0053,False,False,False,False,Coenagrion hastulatum,0.95,False,False,False,False
GBMNC60714-20,Coenagrion hastulatum,Coenagrion,known,Coenagrion hastulatum,Coenagrion,Coenagrion hastulatum,Coenagrion hastulatum,-0.0057,False,False,False,False,Coenagrion hastulatum,0.914,False,False,False,False,Coenagrion hastulatum,-0.0059,False,False,False,False,Coenagrion hastulatum,0.93,False,False,False,False
PLSW010-20,Coenagrion hastulatum,Coenagrion,known,Coenagrion hastulatum,Coenagrion,Coenagrion hastulatum,Coenagrion hastulatum,-0.0044,False,False,False,False,Coenagrion hastulatum,0.906,False,False,False,False,Coenagrion hastulatum,-0.0049,False,False,False,False,Coenagrion hastulatum,0.878,False,False,False,False
AODON483-20,Coenagrion hastulatum,Coenagrion,known,Coenagrion hastulatum,Coenagrion,Coenagrion hastulatum,Coenagrion hastulatum,-0.0072,False,False,False,False,Coenagrion hastulatum,0.868,False,False,False,False,Coenagrion hastulatum,-0.0088,False,False,False,False,Coenagrion hastulatum,0.92,False,False,False,False
AODON859-22,Coenagrion hastulatum,Coenagrion,known,Coenagrion hastulatum,Coenagrion,Coenagrion hastulatum,Coenagrion hastulatum,-0.0059,False,False,False,False,Coenagrion hastulatum,0.99,False,False,False,False,Coenagrion hastulatum,-0.0077,False,False,False,False,Coenagrion hastulatum,0.972,False,False,False,False
LEFIJ15493-21,Coenagrion hastulatum,Coenagrion,known,Coenagrion hastulatum,Coenagrion,Coenagrion hastulatum,Coenagrion hastulatum,-0.0027,False,False,False,False,Coenagrion hastulatum,0.964,False,False,False,False,Coenagrion hastulatum,-0.0027,False,False,False,False,Coenagrion hastulatum,0.998,False,False,False,False
LEFIJ29508-22,Coenagrion johanssoni,Coenagrion,known,Coenagrion johanssoni,Coenagrion,Coenagrion johanssoni,Coenagrion johanssoni,-0.0245,True,True,True,True,Coenagrion johanssoni,0.172,True,True,True,True,Coenagrion johanssoni,-0.0279,True,True,True,True,Coenagrion johanssoni,0.26,True,True,True,True
LEFIJ29511-22,Coenagrion lunulatum,Coenagrion,known,Coenagrion lunulatum,Coenagrion,Coenagrion lunulatum,Coenagrion lunulatum,-0.0082,False,False,False,False,Coenagrion lunulatum,0.666,False,False,False,False,Coenagrion lunulatum,-0.0098,False,False,False,False,Coenagrion lunulatum,0.734,False,False,False,False
ZPLOD203-20,Coenagrion mercuriale,Coenagrion,known,Coenagrion mercuriale,Coenagrion,Coenagrion mercuriale,Coenagrion mercuriale,-0.0043,False,False,False,False,Coenagrion mercuriale,0.97,False,False,False,False,Coenagrion mercuriale,-0.0053,False,False,False,False,Coenagrion mercuriale,0.956,False,False,False,False
FBAQU1429-13,Coenagrion mercuriale,Coenagrion,known,Coenagrion mercuriale,Coenagrion,Coenagrion mercuriale,Coenagrion mercuriale,-0.0079,False,False,False,False,Coenagrion mercuriale,0.5,False,True,False,False,Coenagrion mercuriale,-0.0074,False,False,False,False,Coenagrion mercuriale,0.55,False,True,False,False
AODON427-20,Coenagrion ornatum,Coenagrion,known,ambiguous,Coenagrion,Coenagrion puella;Coenagrion pulchellum,Coenagrion pulchellum,-0.0,False,False,False,False,Coenagrion puella,0.5248,False,False,False,False,Coenagrion pulchellum,-0.0,False,False,False,False,Coenagrion puella,0.483,True,True,True,False
FBAQU1446-13,Coenagrion ornatum,Coenagrion,known,ambiguous,Coenagrion,Coenagrion ornatum;Coenagrion puella;Coenagrion pulchellum,Coenagrion puella,-0.0043,False,False,False,False,Coenagrion puella,0.4745,False,True,False,False,Coenagrion puella,-0.0053,False,False,False,False,Coenagrion puella,0.473,True,True,True,False
ODOPL070-19,Coenagrion puella,Coenagrion,known,Coenagrion pulchellum,Coenagrion,Coenagrion pulchellum,Coenagrion puella,-0.0039,False,False,False,False,Coenagrion puella,0.7237,False,False,False,False,Coenagrion puella,-0.005,False,False,False,False,Coenagrion puella,0.726,False,False,False,False
GBODO037-18,Coenagrion puella,Coenagrion,known,ambiguous,Coenagrion,Coenagrion ornatum;Coenagrion puella,Coenagrion puella,-0.0031,False,False,False,False,Coenagrion puella,0.789,False,False,False,False,Coenagrion puella,-0.0038,False,False,False,False,Coenagrion puella,0.762,False,False,False,False
GBODO125-18,Coenagrion puella,Coenagrion,known,Coenagrion puella,Coenagrion,Coenagrion puella,Coenagrion puella,-0.0077,False,False,False,False,Coenagrion puella,0.646,False,False,False,False,Coenagrion puella,-0.0092,False,False,False,False,Coenagrion puella,0.5778,False,False,False,False
ODOPL104-19,Coenagrion puella,Coenagrion,known,Coenagrion puella,Coenagrion,Coenagrion puella,Coenagrion puella,-0.0045,False,False,False,False,Coenagrion puella,0.7319,False,False,False,False,Coenagrion puella,-0.0039,False,False,False,False,Coenagrion puella,0.76,False,False,False,False
AODON229-20,Coenagrion puella,Coenagrion,known,Coenagrion puella,Coenagrion,Coenagrion puella,Coenagrion puella,-0.0048,False,False,False,False,Coenagrion puella,0.5239,False,False,False,False,Coenagrion puella,-0.0057,False,False,False,False,Coenagrion puella,0.472,True,True,True,False
FBAQU528-10,Coenagrion puella,Coenagrion,known,Coenagrion puella,Coenagrion,Coenagrion puella,Coenagrion puella,-0.0094,False,False,False,False,Coenagrion puella,0.503,False,True,False,False,Coenagrion puella,-0.0101,False,False,False,False,Coenagrion puella,0.552,False,True,False,False
GBMIN88593-17,Coenagrion puella,Coenagrion,known,Coenagrion puella,Coenagrion,Coenagrion puella,Coenagrion puella,-0.0047,False,False,False,False,Coenagrion puella,0.719,False,False,False,False,Coenagrion puella,-0.0057,False,False,False,False,Coenagrion puella,0.733,False,False,False,False
LEFIJ15497-21,Coenagrion puella,Coenagrion,known,Coenagrion puella,Coenagrion,Coenagrion puella,Coenagrion puella,-0.0051,False,False,False,False,Coenagrion puella,0.722,False,False,False,False,Coenagrion puella,-0.0054,False,False,False,False,Coenagrion puella,0.7083,False,False,False,False
HMYZ210-23,Coenagrion puella,Coenagrion,known,Coenagrion puella,Coenagrion,Coenagrion puella,Coenagrion puella,-0.0075,False,False,False,False,Coenagrion puella,0.6086,False,False,False,False,Coenagrion puella,-0.008,False,False,False,False,Coenagrion puella,0.6888,False,False,False,False
ODOPL071-19,Coenagrion puella,Coenagrion,known,Coenagrion pulchellum,Coenagrion,Coenagrion pulchellum,Coenagrion puella,-0.0038,False,False,False,False,Coenagrion puella,0.5526,False,False,False,False,Coenagrion puella,-0.0039,False,False,False,False,Coenagrion puella,0.542,False,True,False,False
ZPLOD234-20,Coenagrion puella,Coenagrion,known,Coenagrion puella,Coenagrion,Coenagrion puella,Coenagrion pulchellum,-0.0043,False,False,False,False,Coenagrion ornatum,0.7178,False,False,False,False,Coenagrion pulchellum,-0.0053,False,False,False,False,Coenagrion ornatum,0.8285,False,False,False,False
AODON518-20,Coenagrion puella,Coenagrion,known,Coenagrion puella,Coenagrion,Coenagrion puella,Coenagrion puella,-0.0043,False,False,False,False,Coenagrion puella,0.5607,False,False,False,False,Coenagrion puella,-0.0053,False,False,False,False,Coenagrion puella,0.5358,False,True,False,False
AODON172-20,Coenagrion puella,Coenagrion,known,Coenagrion ornatum,Coenagrion,Coenagrion ornatum,Coenagrion puella,-0.0085,False,False,False,False,Coenagrion puella,0.4752,False,True,False,False,Coenagrion puella,-0.0093,False,False,False,False,Coenagrion puella,0.5821,False,False,False,False
LEFIJ7804-18,Coenagrion puella,Coenagrion,known,Coenagrion puella,Coenagrion,Coenagrion puella,Coenagrion puella,-0.0037,False,False,False,False,Coenagrion puella,0.7277,False,False,False,False,Coenagrion puella,-0.0038,False,False,False,False,Coenagrion puella,0.7557,False,False,False,False
AODON020-20,Coenagrion puella,Coenagrion,known,Coenagrion puella,Coenagrion,Coenagrion puella,Coenagrion pulchellum,-0.0,False,False,False,False,Coenagrion puella,0.5248,False,False,False,False,Coenagrion pulchellum,-0.0,False,False,False,False,Coenagrion puella,0.483,True,True,True,False
AODON399-20,Coenagrion pulchellum,Coenagrion,known,Coenagrion pulchellum,Coenagrion,Coenagrion pulchellum,Coenagrion pulchellum,-0.0103,False,True,False,False,Coenagrion pulchellum,0.6167,False,False,False,False,Coenagrion pulchellum,-0.0122,False,True,False,False,Coenagrion pulchellum,0.7133,False,False,False,False
AODON924-22,Coenagrion pulchellum,Coenagrion,known,Coenagrion ornatum,Coenagrion,Coenagrion ornatum,Coenagrion puella,-0.0,False,False,False,False,Coenagrion ornatum,0.9029,False,False,False,False,Coenagrion ornatum,-0.0,False,False,False,False,Coenagrion ornatum,0.9029,False,False,False,False
AODON381-20,Coenagrion pulchellum,Coenagrion,known,Coenagrion pulchellum,Coenagrion,Coenagrion pulchellum,Coenagrion pulchellum,-0.007,False,False,False,False,Coenagrion pulchellum,0.736,False,False,False,False,Coenagrion pulchellum,-0.0068,False,False,False,False,Coenagrion pulchellum,0.75,False,False,False,False
AODON186-20,Coenagrion pulchellum,Coenagrion,known,Coenagrion pulchellum,Coenagrion,Coenagrion pulchellum,Coenagrion pulchellum,-0.0098,False,False,False,False,Coenagrion pulchellum,0.5863,False,False,False,False,Coenagrion pulchellum,-0.0097,False,False,False,False,Coenagrion pulchellum,0.8065,False,False,False,False
AODON499-20,Coenagrion pulchellum,Coenagrion,known,Coenagrion puella,Coenagrion,Coenagrion puella,Coenagrion puella,-0.0,False,False,False,False,Coenagrion puella,0.8177,False,False,False,False,Coenagrion puella,-0.0,False,False,False,False,Coenagrion puella,0.8007,False,False,False,False
ZPLOD262-20,Coenagrion pulchellum,Coenagrion,known,Coenagrion pulchellum,Coenagrion,Coenagrion pulchellum,Coenagrion pulchellum,-0.0043,False,False,False,False,Coenagrion pulchellum,0.5398,False,False,False,False,Coenagrion pulchellum,-0.0043,False,False,False,False,Coenagrion pulchellum,0.4681,True,True,True,False
ODOBP3585-16,Coenagrion pulchellum,Coenagrion,known,Coenagrion puella,Coenagrion,Coenagrion puella,Coenagrion pulchellum,-0.0043,False,False,False,False,Coenagrion ornatum,0.8031,False,False,False,False,Coenagrion pulchellum,-0.0053,False,False,False,False,Coenagrion ornatum,0.792,False,False,False,False
AODON004-20,Coenagrion pulchellum,Coenagrion,known,Coenagrion pulchellum,Coenagrion,Coenagrion pulchellum,Coenagrion pulchellum,-0.0072,False,False,False,False,Coenagrion pulchellum,0.8283,False,False,False,False,Coenagrion pulchellum,-0.0075,False,False,False,False,Coenagrion pulchellum,0.8586,False,False,False,False
AODON036-20,Coenagrion pulchellum,Coenagrion,known,Coenagrion pulchellum,Coenagrion,Coenagrion pulchellum,Coenagrion pulchellum,-0.0043,False,False,False,False,Coenagrion pulchellum,0.9086,False,False,False,False,Coenagrion pulchellum,-0.0053,False,False,False,False,Coenagrion pulchellum,0.9069,False,False,False,False
AODON365-20,Coenagrion pulchellum,Coenagrion,known,Coenagrion pulchellum,Coenagrion,Coenagrion pulchellum,Coenagrion pulchellum,-0.0076,False,False,False,False,Coenagrion pulchellum,0.7797,False,False,False,False,Coenagrion pulchellum,-0.0085,False,False,False,False,Coenagrion pulchellum,0.8682,False,False,False,False
ZPLOD266-20,Coenagrion scitulum,Coenagrion,known,Coenagrion scitulum,Coenagrion,Coenagrion scitulum,Coenagrion scitulum,-0.0057,False,False,False,False,Coenagrion scitulum,0.864,False,False,False,False,Coenagrion scitulum,-0.0075,False,False,False,False,Coenagrion scitulum,0.92,False,False,False,False
ZPLOD275-20,Coenagrion scitulum,Coenagrion,known,Coenagrion scitulum,Coenagrion,Coenagrion scitulum,Coenagrion scitulum,-0.0043,False,False,False,False,Coenagrion scitulum,0.962,False,False,False,False,Coenagrion scitulum,-0.0053,False,False,False,False,Coenagrion scitulum,0.97,False,False,False,False
AODON180-20,Coenagrion scitulum,Coenagrion,known,Coenagrion scitulum,Coenagrion,Coenagrion scitulum,Coenagrion scitulum,-0.0021,False,False,False,False,Coenagrion scitulum,0.99,False,False,False,False,Coenagrion scitulum,-0.0022,False,False,False,False,Coenagrion scitulum,0.996,False,False,False,False
AODON373-20,Crocothemis erythraea,Crocothemis,known,Crocothemis erythraea,Crocothemis,Crocothemis erythraea,Crocothemis erythraea,-0.0061,False,False,False,False,Crocothemis erythraea,0.934,False,False,False,False,Crocothemis erythraea,-0.0075,False,False,False,False,Crocothemis erythraea,0.974,False,False,False,False
TRSKA2101-20,Crocothemis erythraea,Crocothemis,known,Crocothemis erythraea,Crocothemis,Crocothemis erythraea,Crocothemis erythraea,-0.0026,False,False,False,False,Crocothemis erythraea,0.99,False,False,False,False,Crocothemis erythraea,-0.0027,False,False,False,False,Crocothemis erythraea,0.986,False,False,False,False
AODON275-20,Crocothemis erythraea,Crocothemis,known,Crocothemis erythraea,Crocothemis,Crocothemis erythraea,Crocothemis erythraea,-0.0072,False,False,False,False,Crocothemis erythraea,0.868,False,False,False,False,Crocothemis erythraea,-0.0092,False,False,False,False,Crocothemis erythraea,0.908,False,False,False,False
GODO042-19,Crocothemis erythraea,Crocothemis,known,Crocothemis erythraea,Crocothemis,Crocothemis erythraea,Crocothemis erythraea,-0.0082,False,False,False,False,Crocothemis erythraea,0.79,False,False,False,False,Crocothemis erythraea,-0.0101,False,False,False,False,Crocothemis erythraea,0.868,False,False,False,False
FBAQU312-09,Crocothemis erythraea,Crocothemis,known,Crocothemis erythraea,Crocothemis,Crocothemis erythraea,Crocothemis erythraea,-0.0043,False,False,False,False,Crocothemis erythraea,0.95,False,False,False,False,Crocothemis erythraea,-0.0053,False,False,False,False,Crocothemis erythraea,0.98,False,False,False,False
AODON371-20,Crocothemis erythraea,Crocothemis,known,Crocothemis erythraea,Crocothemis,Crocothemis erythraea,Crocothemis erythraea,-0.0061,False,False,False,False,Crocothemis erythraea,0.926,False,False,False,False,Crocothemis erythraea,-0.0075,False,False,False,False,Crocothemis erythraea,0.974,False,False,False,False
AODON097-20,Crocothemis erythraea,Crocothemis,known,Crocothemis erythraea,Crocothemis,Crocothemis erythraea,Crocothemis erythraea,-0.0046,False,False,False,False,Crocothemis erythraea,0.974,False,False,False,False,Crocothemis erythraea,-0.0055,False,False,False,False,Crocothemis erythraea,0.938,False,False,False,False
ZPLOD822-20,Crocothemis erythraea,Crocothemis,known,Crocothemis erythraea,Crocothemis,Crocothemis erythraea,Crocothemis erythraea,-0.0043,False,False,False,False,Crocothemis erythraea,0.998,False,False,False,False,Crocothemis erythraea,-0.0053,False,False,False,False,Crocothemis erythraea,0.99,False,False,False,False
AODON438-20,Enallagma cyathigerum,Enallagma,known,Enallagma cyathigerum,Enallagma,Enallagma cyathigerum,Enallagma cyathigerum,-0.0048,False,False,False,False,Enallagma cyathigerum,0.94,False,False,False,False,Enallagma cyathigerum,-0.0057,False,False,False,False,Enallagma cyathigerum,0.952,False,False,False,False
GBODO040-18,Enallagma cyathigerum,Enallagma,known,Enallagma cyathigerum,Enallagma,Enallagma cyathigerum,Enallagma cyathigerum,-0.0031,False,False,False,False,Enallagma cyathigerum,0.95,False,False,False,False,Enallagma cyathigerum,-0.0038,False,False,False,False,Enallagma cyathigerum,0.964,False,False,False,False
DTNHM5531-23,Enallagma cyathigerum,Enallagma,known,Enallagma cyathigerum,Enallagma,Enallagma cyathigerum,Enallagma cyathigerum,-0.0031,False,False,False,False,Enallagma cyathigerum,0.968,False,False,False,False,Enallagma cyathigerum,-0.0038,False,False,False,False,Enallagma cyathigerum,0.988,False,False,False,False
ODTRI011-14,Enallagma cyathigerum,Enallagma,known,Enallagma cyathigerum,Enallagma,Enallagma cyathigerum,Enallagma cyathigerum,-0.0056,False,False,False,False,Enallagma cyathigerum,0.77,False,False,False,False,Enallagma cyathigerum,-0.005,False,False,False,False,Enallagma cyathigerum,0.938,False,False,False,False
LEFIJ7815-18,Enallagma cyathigerum,Enallagma,known,Enallagma cyathigerum,Enallagma,Enallagma cyathigerum,Enallagma cyathigerum,-0.0015,False,False,False,False,Enallagma cyathigerum,0.992,False,False,False,False,Enallagma cyathigerum,-0.0015,False,False,False,False,Enallagma cyathigerum,0.996,False,False,False,False
LEFIJ15503-21,Enallagma cyathigerum,Enallagma,known,Enallagma cyathigerum,Enallagma,Enallagma cyathigerum,Enallagma cyathigerum,-0.0021,False,False,False,False,Enallagma cyathigerum,0.972,False,False,False,False,Enallagma cyathigerum,-0.0022,False,False,False,False,Enallagma cyathigerum,0.984,False,False,False,False
GBODO096-18,Enallagma cyathigerum,Enallagma,known,Enallagma cyathigerum,Enallagma,Enallagma cyathigerum,Enallagma cyathigerum,-0.0034,False,False,False,False,Enallagma cyathigerum,0.934,False,False,False,False,Enallagma cyathigerum,-0.0041,False,False,False,False,Enallagma cyathigerum,0.954,False,False,False,False
BGEPL3226-25,Enallagma cyathigerum,Enallagma,known,Enallagma cyathigerum,Enallagma,Enallagma cyathigerum,Enallagma cyathigerum,-0.0068,False,False,False,False,Enallagma cyathigerum,0.912,False,False,False,False,Enallagma cyathigerum,-0.0081,False,False,False,False,Enallagma cyathigerum,0.946,False,False,False,False
AODON360-20,Enallagma cyathigerum,Enallagma,known,Enallagma cyathigerum,Enallagma,Enallagma cyathigerum,Enallagma cyathigerum,-0.0112,False,True,False,False,Enallagma cyathigerum,0.752,False,False,False,False,Enallagma cyathigerum,-0.0122,False,True,False,False,Enallagma cyathigerum,0.956,False,False,False,False
AODON937-22,Enallagma cyathigerum,Enallagma,known,Enallagma cyathigerum,Enallagma,Enallagma cyathigerum,Enallagma cyathigerum,-0.0073,False,False,False,False,Enallagma cyathigerum,0.844,False,False,False,False,Enallagma cyathigerum,-0.0087,False,False,False,False,Enallagma cyathigerum,0.866,False,False,False,False
GBODO172-18,Enallagma cyathigerum,Enallagma,known,Enallagma cyathigerum,Enallagma,Enallagma cyathigerum,Enallagma cyathigerum,-0.0043,False,False,False,False,Enallagma cyathigerum,0.99,False,False,False,False,Enallagma cyathigerum,-0.0053,False,False,False,False,Enallagma cyathigerum,0.988,False,False,False,False
BGEPL3233-25,Enallagma cyathigerum,Enallagma,known,Enallagma cyathigerum,Enallagma,Enallagma cyathigerum,Enallagma cyathigerum,-0.0021,False,False,False,False,Enallagma cyathigerum,0.91,False,False,False,False,Enallagma cyathigerum,-0.0022,False,False,False,False,Enallagma cyathigerum,0.986,False,False,False,False
BGEPL3243-25,Enallagma cyathigerum,Enallagma,known,Enallagma cyathigerum,Enallagma,Enallagma cyathigerum,Enallagma cyathigerum,-0.0061,False,False,False,False,Enallagma cyathigerum,0.88,False,False,False,False,Enallagma cyathigerum,-0.0075,False,False,False,False,Enallagma cyathigerum,0.93,False,False,False,False
FBAQU015-09,Enallagma cyathigerum,Enallagma,known,Enallagma cyathigerum,Enallagma,Enallagma cyathigerum,Enallagma cyathigerum,-0.0016,False,False,False,False,Enallagma cyathigerum,0.98,False,False,False,False,Enallagma cyathigerum,-0.0016,False,False,False,False,Enallagma cyathigerum,0.984,False,False,False,False
AODON384-20,Enallagma cyathigerum,Enallagma,known,Enallagma cyathigerum,Enallagma,Enallagma cyathigerum,Enallagma cyathigerum,-0.0055,False,False,False,False,Enallagma cyathigerum,0.962,False,False,False,False,Enallagma cyathigerum,-0.0072,False,False,False,False,Enallagma cyathigerum,0.968,False,False,False,False
BGEPL3207-25,Enallagma cyathigerum,Enallagma,known,Enallagma cyathigerum,Enallagma,Enallagma cyathigerum,Enallagma cyathigerum,-0.0065,False,False,False,False,Enallagma cyathigerum,0.878,False,False,False,False,Enallagma cyathigerum,-0.0078,False,False,False,False,Enallagma cyathigerum,0.974,False,False,False,False
ODOBP5490-16,Erythromma lindenii,Erythromma,known,Erythromma lindenii,Erythromma,Erythromma lindenii,Erythromma lindenii,-0.0043,False,False,False,False,Erythromma lindenii,0.934,False,False,False,False,Erythromma lindenii,-0.0053,False,False,False,False,Erythromma lindenii,0.994,False,False,False,False
ZPLOD365-20,Erythromma lindenii,Erythromma,known,Erythromma lindenii,Erythromma,Erythromma lindenii,Erythromma lindenii,-0.0043,False,False,False,False,Erythromma lindenii,0.87,False,False,False,False,Erythromma lindenii,-0.0053,False,False,False,False,Erythromma lindenii,0.936,False,False,False,False
TRSKA2777-20,Erythromma lindenii,Erythromma,known,Erythromma lindenii,Erythromma,Erythromma lindenii,Erythromma lindenii,-0.0021,False,False,False,False,Erythromma lindenii,0.884,False,False,False,False,Erythromma lindenii,-0.0022,False,False,False,False,Erythromma lindenii,0.95,False,False,False,False
TRSKA2050-20,Erythromma lindenii,Erythromma,known,Erythromma lindenii,Erythromma,Erythromma lindenii,Erythromma lindenii,-0.0015,False,False,False,False,Erythromma lindenii,0.866,False,False,False,False,Erythromma lindenii,-0.0015,False,False,False,False,Erythromma lindenii,0.95,False,False,False,False
TRSKA2727-20,Erythromma lindenii,Erythromma,known,Erythromma lindenii,Erythromma,Erythromma lindenii,Erythromma lindenii,-0.0031,False,False,False,False,Erythromma lindenii,0.88,False,False,False,False,Erythromma lindenii,-0.0031,False,False,False,False,Erythromma lindenii,0.946,False,False,False,False
ZPLOD394-20,Erythromma lindenii,Erythromma,known,Erythromma lindenii,Erythromma,Erythromma lindenii,Erythromma lindenii,-0.006,False,False,False,False,Erythromma lindenii,0.87,False,False,False,False,Erythromma lindenii,-0.007,False,False,False,False,Erythromma lindenii,0.942,False,False,False,False
ZPLOD387-20,Erythromma lindenii,Erythromma,known,Erythromma lindenii,Erythromma,Erythromma lindenii,Erythromma lindenii,-0.0015,False,False,False,False,Erythromma lindenii,0.96,False,False,False,False,Erythromma lindenii,-0.0015,False,False,False,False,Erythromma lindenii,0.96,False,False,False,False
ZPLOD367-20,Erythromma lindenii,Erythromma,known,Erythromma lindenii,Erythromma,Erythromma lindenii,Erythromma lindenii,-0.0061,False,False,False,False,Erythromma lindenii,0.79,False,False,False,False,Erythromma lindenii,-0.0075,False,False,False,False,Erythromma lindenii,0.926,False,False,False,False
ZPLOD358-20,Erythromma lindenii,Erythromma,known,Erythromma lindenii,Erythromma,Erythromma lindenii,Erythromma lindenii,-0.0101,False,False,False,False,Erythromma lindenii,0.8,False,False,False,False,Erythromma lindenii,-0.0113,False,False,False,False,Erythromma lindenii,0.852,False,False,False,False
TRSKA2725-20,Erythromma lindenii,Erythromma,known,Erythromma lindenii,Erythromma,Erythromma lindenii,Erythromma lindenii,-0.0021,False,False,False,False,Erythromma lindenii,0.862,False,False,False,False,Erythromma lindenii,-0.0022,False,False,False,False,Erythromma lindenii,0.944,False,False,False,False
TRSKA2053-20,Erythromma lindenii,Erythromma,known,Erythromma lindenii,Erythromma,Erythromma lindenii,Erythromma lindenii,-0.0015,False,False,False,False,Erythromma lindenii,0.998,False,False,False,False,Erythromma lindenii,-0.0015,False,False,False,False,Erythromma lindenii,0.998,False,False,False,False
TRSKA2054-20,Erythromma lindenii,Erythromma,known,Erythromma lindenii,Erythromma,Erythromma lindenii,Erythromma lindenii,-0.0022,False,False,False,False,Erythromma lindenii,0.988,False,False,False,False,Erythromma lindenii,-0.0022,False,False,False,False,Erythromma lindenii,0.996,False,False,False,False
TRSKA2614-20,Erythromma lindenii,Erythromma,known,Erythromma lindenii,Erythromma,Erythromma lindenii,Erythromma lindenii,-0.0021,False,False,False,False,Erythromma lindenii,0.916,False,False,False,False,Erythromma lindenii,-0.0022,False,False,False,False,Erythromma lindenii,0.97,False,False,False,False
BARCO010-14,Erythromma najas,Erythromma,known,Erythromma najas,Erythromma,Erythromma najas,Erythromma najas,-0.0051,False,False,False,False,Erythromma najas,0.928,False,False,False,False,Erythromma najas,-0.0059,False,False,False,False,Erythromma najas,0.958,False,False,False,False
ZPLOD407-20,Erythromma najas,Erythromma,known,Erythromma najas,Erythromma,Erythromma najas,Erythromma najas,-0.0056,False,False,False,False,Erythromma najas,0.85,False,False,False,False,Erythromma najas,-0.0059,False,False,False,False,Erythromma najas,0.93,False,False,False,False
GBMH3434-07,Erythromma najas,Erythromma,known,Erythromma najas,Erythromma,Erythromma najas,Erythromma najas,-0.0061,False,False,False,False,Erythromma najas,0.96,False,False,False,False,Erythromma najas,-0.007,False,False,False,False,Erythromma najas,0.964,False,False,False,False
GBMH3363-07,Erythromma najas,Erythromma,known,Erythromma najas,Erythromma,Erythromma najas,Erythromma najas,-0.0033,False,False,False,False,Erythromma najas,0.98,False,False,False,False,Erythromma najas,-0.004,False,False,False,False,Erythromma najas,1.0,False,False,False,False
AODON516-20,Erythromma najas,Erythromma,known,Erythromma najas,Erythromma,Erythromma najas,Erythromma najas,-0.0067,False,False,False,False,Erythromma najas,0.854,False,False,False,False,Erythromma najas,-0.0064,False,False,False,False,Erythromma najas,0.9,False,False,False,False
AODON076-20,Erythromma najas,Erythromma,known,Erythromma najas,Erythromma,Erythromma najas,Erythromma najas,-0.0027,False,False,False,False,Erythromma najas,0.958,False,False,False,False,Erythromma najas,-0.0027,False,False,False,False,Erythromma najas,0.97,False,False,False,False
ODOPL030-19,Erythromma najas,Erythromma,known,Erythromma najas,Erythromma,Erythromma najas,Erythromma najas,-0.0039,False,False,False,False,Erythromma najas,0.958,False,False,False,False,Erythromma najas,-0.0032,False,False,False,False,Erythromma najas,0.99,False,False,False,False
GBMH3376-07,Erythromma najas,Erythromma,known,Erythromma najas,Erythromma,Erythromma najas,Erythromma najas,-0.0052,False,False,False,False,Erythromma najas,0.92,False,False,False,False,Erythromma najas,-0.007,False,False,False,False,Erythromma najas,0.878,False,False,False,False
GBMH3396-07,Erythromma najas,Erythromma,known,Erythromma najas,Erythromma,Erythromma najas,Erythromma najas,-0.0028,False,False,False,False,Erythromma najas,0.99,False,False,False,False,Erythromma najas,-0.0028,False,False,False,False,Erythromma najas,0.95,False,False,False,False
DTNHM2303-21,Erythromma najas,Erythromma,known,Erythromma najas,Erythromma,Erythromma najas,Erythromma najas,-0.0041,False,False,False,False,Erythromma najas,0.974,False,False,False,False,Erythromma najas,-0.0038,False,False,False,False,Erythromma najas,0.988,False,False,False,False
GBMH3358-07,Erythromma najas,Erythromma,known,Erythromma najas,Erythromma,Erythromma najas,Erythromma najas,-0.0052,False,False,False,False,Erythromma najas,0.958,False,False,False,False,Erythromma najas,-0.0057,False,False,False,False,Erythromma najas,0.996,False,False,False,False
SHAP981-23,Erythromma najas,Erythromma,known,Erythromma najas,Erythromma,Erythromma najas,Erythromma najas,-0.0031,False,False,False,False,Erythromma najas,0.932,False,False,False,False,Erythromma najas,-0.0031,False,False,False,False,Erythromma najas,0.968,False,False,False,False
AODON495-20,Erythromma najas,Erythromma,known,Erythromma najas,Erythromma,Erythromma najas,Erythromma najas,-0.0072,False,False,False,False,Erythromma najas,0.774,False,False,False,False,Erythromma najas,-0.0076,False,False,False,False,Erythromma najas,0.922,False,False,False,False
AODON093-20,Erythromma viridulum,Erythromma,known,Erythromma viridulum,Erythromma,Erythromma viridulum,Erythromma viridulum,-0.003,False,False,False,False,Erythromma viridulum,0.994,False,False,False,False,Erythromma viridulum,-0.0031,False,False,False,False,Erythromma viridulum,1.0,False,False,False,False
TRSKA2682-20,Erythromma viridulum,Erythromma,known,Erythromma viridulum,Erythromma,Erythromma viridulum,Erythromma viridulum,-0.0046,False,False,False,False,Erythromma viridulum,0.95,False,False,False,False,Erythromma viridulum,-0.0056,False,False,False,False,Erythromma viridulum,0.964,False,False,False,False
TRSKA2683-20,Erythromma viridulum,Erythromma,known,Erythromma viridulum,Erythromma,Erythromma viridulum,Erythromma viridulum,-0.0022,False,False,False,False,Erythromma viridulum,0.916,False,False,False,False,Erythromma viridulum,-0.0022,False,False,False,False,Erythromma viridulum,0.962,False,False,False,False
TRSKA2690-20,Erythromma viridulum,Erythromma,known,Erythromma viridulum,Erythromma,Erythromma viridulum,Erythromma viridulum,-0.0043,False,False,False,False,Erythromma viridulum,0.954,False,False,False,False,Erythromma viridulum,-0.0053,False,False,False,False,Erythromma viridulum,0.964,False,False,False,False
AODON388-20,Erythromma viridulum,Erythromma,known,Erythromma viridulum,Erythromma,Erythromma viridulum,Erythromma viridulum,-0.0061,False,False,False,False,Erythromma viridulum,0.9,False,False,False,False,Erythromma viridulum,-0.0078,False,False,False,False,Erythromma viridulum,0.934,False,False,False,False
AODON386-20,Erythromma viridulum,Erythromma,known,Erythromma viridulum,Erythromma,Erythromma viridulum,Erythromma viridulum,-0.0043,False,False,False,False,Erythromma viridulum,0.952,False,False,False,False,Erythromma viridulum,-0.0053,False,False,False,False,Erythromma viridulum,0.968,False,False,False,False
ZPLOD409-20,Erythromma viridulum,Erythromma,known,Erythromma viridulum,Erythromma,Erythromma viridulum,Erythromma viridulum,-0.0043,False,False,False,False,Erythromma viridulum,0.96,False,False,False,False,Erythromma viridulum,-0.0053,False,False,False,False,Erythromma viridulum,0.926,False,False,False,False
GBMNE32985-21,Erythromma viridulum,Erythromma,known,Erythromma viridulum,Erythromma,Erythromma viridulum,Erythromma viridulum,-0.0079,False,False,False,False,Erythromma viridulum,0.898,False,False,False,False,Erythromma viridulum,-0.0085,False,False,False,False,Erythromma viridulum,0.95,False,False,False,False
ZPLOD419-20,Erythromma viridulum,Erythromma,known,Erythromma viridulum,Erythromma,Erythromma viridulum,Erythromma viridulum,-0.0057,False,False,False,False,Erythromma viridulum,0.932,False,False,False,False,Erythromma viridulum,-0.0078,False,False,False,False,Erythromma viridulum,0.962,False,False,False,False
TRSKA2693-20,Erythromma viridulum,Erythromma,known,Erythromma viridulum,Erythromma,Erythromma viridulum,Erythromma viridulum,-0.0043,False,False,False,False,Erythromma viridulum,0.882,False,False,False,False,Erythromma viridulum,-0.0053,False,False,False,False,Erythromma viridulum,0.962,False,False,False,False
GBODO021-18,Ischnura elegans,Ischnura,known,Ischnura elegans,Ischnura,Ischnura elegans,Ischnura elegans,-0.0031,False,False,False,False,Ischnura elegans,0.9508,False,False,False,False,Ischnura elegans,-0.0038,False,False,False,False,Ischnura elegans,0.965,False,False,False,False
GBODO063-18,Ischnura elegans,Ischnura,known,Ischnura elegans,Ischnura,Ischnura elegans,Ischnura elegans,-0.0043,False,False,False,False,Ischnura elegans,0.9031,False,False,False,False,Ischnura elegans,-0.0054,False,False,False,False,Ischnura elegans,0.6723,False,False,False,False
GBUPS193-14,Ischnura elegans,Ischnura,known,Ischnura elegans,Ischnura,Ischnura elegans,Ischnura elegans,-0.0053,False,False,False,False,Ischnura elegans,0.8396,False,False,False,False,Ischnura elegans,-0.0065,False,False,False,False,Ischnura elegans,0.924,False,False,False,False
FBAQU495-10,Ischnura elegans,Ischnura,known,Ischnura elegans,Ischnura,Ischnura elegans,Ischnura elegans,-0.0058,False,False,False,False,Ischnura elegans,0.514,False,False,False,False,Ischnura elegans,-0.006,False,False,False,False,Ischnura elegans,0.6544,False,False,False,False
GBMHO3410-19,Ischnura elegans,Ischnura,known,ambiguous,Ischnura,Ischnura elegans;Ischnura genei;Ischnura saharensis,Ischnura elegans,-0.0049,False,False,False,False,Ischnura saharensis,0.79,False,False,False,False,Ischnura elegans,-0.005,False,False,False,False,Ischnura saharensis,0.838,False,False,False,False
ODOPL026-19,Ischnura elegans,Ischnura,known,Ischnura elegans,Ischnura,Ischnura elegans,Ischnura elegans,-0.0032,False,False,False,False,Ischnura elegans,0.532,False,False,False,False,Ischnura elegans,-0.0027,False,False,False,False,Ischnura saharensis,0.51,False,True,False,False
ODOPL087-19,Ischnura elegans,Ischnura,known,Ischnura elegans,Ischnura,Ischnura elegans,Ischnura elegans,-0.0052,False,False,False,False,Ischnura elegans,0.558,False,False,False,False,Ischnura elegans,-0.0058,False,False,False,False,Ischnura elegans,0.546,False,True,False,False
AODON393-20,Ischnura elegans,Ischnura,known,Ischnura elegans,Ischnura,Ischnura elegans,Ischnura elegans,-0.0057,False,False,False,False,Ischnura elegans,0.863,False,False,False,False,Ischnura elegans,-0.0057,False,False,False,False,Ischnura elegans,0.954,False,False,False,False
ODOPL014-18,Ischnura elegans,Ischnura,known,Ischnura elegans,Ischnura,Ischnura elegans,Ischnura elegans,-0.0016,False,False,False,False,Ischnura elegans,0.79,False,False,False,False,Ischnura elegans,-0.0016,False,False,False,False,Ischnura elegans,0.796,False,False,False,False
GBUPS197-14,Ischnura elegans,Ischnura,known,Ischnura elegans,Ischnura,Ischnura elegans,Ischnura elegans,-0.0078,False,False,False,False,Ischnura elegans,0.6092,False,False,False,False,Ischnura elegans,-0.0092,False,False,False,False,Ischnura elegans,0.8303,False,False,False,False
GBODO061-18,Ischnura elegans,Ischnura,known,Ischnura elegans,Ischnura,Ischnura elegans,Ischnura elegans,-0.003,False,False,False,False,Ischnura elegans,0.9228,False,False,False,False,Ischnura elegans,-0.0038,False,False,False,False,Ischnura elegans,0.965,False,False,False,False
GBMND4311-21,Ischnura elegans,Ischnura,known,Ischnura elegans,Ischnura,Ischnura elegans,Ischnura elegans,-0.0033,False,False,False,False,Ischnura elegans,0.6187,False,False,False,False,Ischnura elegans,-0.004,False,False,False,False,Ischnura elegans,0.6948,False,False,False,False
ODOPL061-19,Ischnura elegans,Ischnura,known,Ischnura elegans,Ischnura,Ischnura elegans,Ischnura elegans,-0.0028,False,False,False,False,Ischnura elegans,0.69,False,False,False,False,Ischnura elegans,-0.0028,False,False,False,False,Ischnura elegans,0.654,False,False,False,False
ODOPL049-19,Ischnura elegans,Ischnura,known,Ischnura elegans,Ischnura,Ischnura elegans,Ischnura elegans,-0.0048,False,False,False,False,Ischnura elegans,0.592,False,False,False,False,Ischnura elegans,-0.0058,False,False,False,False,Ischnura elegans,0.742,False,False,False,False
AODON798-20,Ischnura elegans,Ischnura,known,Ischnura elegans,Ischnura,Ischnura elegans,Ischnura elegans,-0.0048,False,False,False,False,Ischnura elegans,0.6276,False,False,False,False,Ischnura elegans,-0.0057,False,False,False,False,Ischnura elegans,0.7298,False,False,False,False
AODON199-20,Ischnura elegans,Ischnura,known,ambiguous,Ischnura,Ischnura elegans;Ischnura genei;Ischnura saharensis,Ischnura elegans,-0.0043,False,False,False,False,Ischnura elegans,0.7852,False,False,False,False,Ischnura elegans,-0.0053,False,False,False,False,Ischnura elegans,0.8507,False,False,False,False
ANBIO150-19,Ischnura elegans,Ischnura,known,Ischnura elegans,Ischnura,Ischnura elegans,Ischnura elegans,-0.0041,False,False,False,False,Ischnura elegans,0.7385,False,False,False,False,Ischnura elegans,-0.0047,False,False,False,False,Ischnura elegans,0.5608,False,True,False,False
AODON223-20,Ischnura elegans,Ischnura,known,ambiguous,Ischnura,Ischnura elegans;Ischnura genei;Ischnura saharensis,Ischnura elegans,-0.0057,False,False,False,False,Ischnura elegans,0.8252,False,False,False,False,Ischnura elegans,-0.0053,False,False,False,False,Ischnura elegans,0.8117,False,False,False,False
ZPLOD452-20,Ischnura genei,Ischnura,known,Ischnura elegans,Ischnura,Ischnura elegans,Ischnura elegans,-0.0,False,False,False,False,Ischnura genei,0.6677,False,False,False,False,Ischnura elegans,-0.0,False,False,False,False,Ischnura genei,0.6539,False,False,False,False
BGEPL3219-25,Ischnura pumilio,Ischnura,known,Ischnura pumilio,Ischnura,Ischnura pumilio,Ischnura pumilio,-0.0021,False,False,False,False,Ischnura pumilio,0.966,False,False,False,False,Ischnura pumilio,-0.0022,False,False,False,False,Ischnura pumilio,0.986,False,False,False,False
FBAQU496-10,Ischnura pumilio,Ischnura,known,Ischnura pumilio,Ischnura,Ischnura pumilio,Ischnura pumilio,-0.0099,False,False,False,False,Ischnura pumilio,0.642,False,False,False,False,Ischnura pumilio,-0.0101,False,False,False,False,Ischnura pumilio,0.854,False,False,False,False
LEFIJ33977-23,Ischnura pumilio,Ischnura,known,Ischnura pumilio,Ischnura,Ischnura pumilio,Ischnura pumilio,-0.0015,False,False,False,False,Ischnura pumilio,1.0,False,False,False,False,Ischnura pumilio,-0.0015,False,False,False,False,Ischnura pumilio,0.998,False,False,False,False
GBAAM37383-25,Ischnura saharensis,Ischnura,known,Ischnura elegans,Ischnura,Ischnura elegans,Ischnura elegans,-0.0035,False,False,False,False,Ischnura elegans,0.582,False,False,False,False,Ischnura elegans,-0.0027,False,False,False,False,Ischnura elegans,0.628,False,False,False,False
GBAAW69084-24,Ischnura saharensis,Ischnura,known,Ischnura elegans,Ischnura,Ischnura elegans,Ischnura elegans,-0.0042,False,False,False,False,Ischnura saharensis,0.806,False,False,False,False,Ischnura elegans,-0.0038,False,False,False,False,Ischnura saharensis,0.838,False,False,False,False
AODON681-20,Leucorrhinia caudalis,Leucorrhinia,known,Leucorrhinia caudalis,Leucorrhinia,Leucorrhinia caudalis,Leucorrhinia caudalis,-0.0046,False,False,False,False,Leucorrhinia caudalis,0.894,False,False,False,False,Leucorrhinia caudalis,-0.0055,False,False,False,False,Leucorrhinia caudalis,0.92,False,False,False,False
AODON703-20,Leucorrhinia dubia,Leucorrhinia,known,Leucorrhinia dubia,Leucorrhinia,Leucorrhinia dubia,Leucorrhinia dubia,-0.0043,False,False,False,False,Leucorrhinia dubia,0.998,False,False,False,False,Leucorrhinia dubia,-0.0053,False,False,False,False,Leucorrhinia dubia,0.998,False,False,False,False
GBODO036-18,Leucorrhinia dubia,Leucorrhinia,known,Leucorrhinia dubia,Leucorrhinia,Leucorrhinia dubia,Leucorrhinia dubia,-0.0081,False,False,False,False,Leucorrhinia dubia,0.794,False,False,False,False,Leucorrhinia dubia,-0.0103,False,False,False,False,Leucorrhinia dubia,0.882,False,False,False,False
ODOPL099-19,Leucorrhinia dubia,Leucorrhinia,known,Leucorrhinia dubia,Leucorrhinia,Leucorrhinia dubia,Leucorrhinia dubia,-0.0111,False,True,False,False,Leucorrhinia dubia,0.584,False,False,False,False,Leucorrhinia dubia,-0.013,True,True,True,False,Leucorrhinia dubia,0.842,False,False,False,False
FBAQU500-10,Leucorrhinia dubia,Leucorrhinia,known,Leucorrhinia dubia,Leucorrhinia,Leucorrhinia dubia,Leucorrhinia dubia,-0.0072,False,False,False,False,Leucorrhinia dubia,0.734,False,False,False,False,Leucorrhinia dubia,-0.0078,False,False,False,False,Leucorrhinia dubia,0.852,False,False,False,False
ODOBP2877-16,Leucorrhinia dubia,Leucorrhinia,known,Leucorrhinia dubia,Leucorrhinia,Leucorrhinia dubia,Leucorrhinia dubia,-0.0043,False,False,False,False,Leucorrhinia dubia,1.0,False,False,False,False,Leucorrhinia dubia,-0.0053,False,False,False,False,Leucorrhinia dubia,1.0,False,False,False,False
LEFIJ7816-18,Leucorrhinia dubia,Leucorrhinia,known,Leucorrhinia dubia,Leucorrhinia,Leucorrhinia dubia,Leucorrhinia dubia,-0.0083,False,False,False,False,Leucorrhinia dubia,0.906,False,False,False,False,Leucorrhinia dubia,-0.0092,False,False,False,False,Leucorrhinia dubia,0.93,False,False,False,False
ODOBP5354-16,Leucorrhinia pectoralis,Leucorrhinia,known,Leucorrhinia pectoralis,Leucorrhinia,Leucorrhinia pectoralis,Leucorrhinia pectoralis,-0.003,False,False,False,False,Leucorrhinia pectoralis,0.75,False,False,False,False,Leucorrhinia pectoralis,-0.0038,False,False,False,False,Leucorrhinia pectoralis,0.76,False,False,False,False
AODON080-20,Leucorrhinia pectoralis,Leucorrhinia,known,Leucorrhinia pectoralis,Leucorrhinia,Leucorrhinia pectoralis,Leucorrhinia pectoralis,-0.0034,False,False,False,False,Leucorrhinia pectoralis,0.742,False,False,False,False,Leucorrhinia pectoralis,-0.0041,False,False,False,False,Leucorrhinia pectoralis,0.764,False,False,False,False
AODON670-20,Leucorrhinia rubicunda,Leucorrhinia,known,Leucorrhinia rubicunda,Leucorrhinia,Leucorrhinia rubicunda,Leucorrhinia rubicunda,-0.0057,False,False,False,False,Leucorrhinia rubicunda,0.736,False,False,False,False,Leucorrhinia rubicunda,-0.0065,False,False,False,False,Leucorrhinia rubicunda,0.944,False,False,False,False
ZPLOD526-20,Libellula depressa,Libellula,known,Libellula depressa,Libellula,Libellula depressa,Libellula depressa,-0.0043,False,False,False,False,Libellula depressa,0.958,False,False,False,False,Libellula depressa,-0.0053,False,False,False,False,Libellula depressa,0.968,False,False,False,False
TRSKA2843-20,Libellula depressa,Libellula,known,Libellula depressa,Libellula,Libellula depressa,Libellula depressa,-0.0015,False,False,False,False,Libellula depressa,0.984,False,False,False,False,Libellula depressa,-0.0015,False,False,False,False,Libellula depressa,0.986,False,False,False,False
AODON429-20,Libellula depressa,Libellula,known,Libellula depressa,Libellula,Libellula depressa,Libellula depressa,-0.0043,False,False,False,False,Libellula depressa,0.96,False,False,False,False,Libellula depressa,-0.0053,False,False,False,False,Libellula depressa,0.99,False,False,False,False
DTNHM13434-24,Libellula depressa,Libellula,known,Libellula depressa,Libellula,Libellula depressa,Libellula depressa,-0.0048,False,False,False,False,Libellula depressa,0.964,False,False,False,False,Libellula depressa,-0.0053,False,False,False,False,Libellula depressa,0.982,False,False,False,False
PLSW034-20,Libellula fulva,Libellula,known,Libellula fulva,Libellula,Libellula fulva,Libellula fulva,-0.0022,False,False,False,False,Libellula fulva,0.998,False,False,False,False,Libellula fulva,-0.0022,False,False,False,False,Libellula fulva,1.0,False,False,False,False
UKAN813-22,Libellula fulva,Libellula,known,Libellula fulva,Libellula,Libellula fulva,Libellula fulva,-0.0043,False,False,False,False,Libellula fulva,0.956,False,False,False,False,Libellula fulva,-0.0057,False,False,False,False,Libellula fulva,0.968,False,False,False,False
GBEPT944-14,Libellula fulva,Libellula,known,Libellula fulva,Libellula,Libellula fulva,Libellula fulva,-0.0022,False,False,False,False,Libellula fulva,0.996,False,False,False,False,Libellula fulva,-0.0022,False,False,False,False,Libellula fulva,0.996,False,False,False,False
ZPLOD536-20,Libellula fulva,Libellula,known,Libellula fulva,Libellula,Libellula fulva,Libellula fulva,-0.0043,False,False,False,False,Libellula fulva,0.946,False,False,False,False,Libellula fulva,-0.0053,False,False,False,False,Libellula fulva,0.97,False,False,False,False
DTNHM8415-23,Libellula quadrimaculata,Libellula,known,Libellula quadrimaculata,Libellula,Libellula quadrimaculata,Libellula quadrimaculata,-0.0031,False,False,False,False,Libellula quadrimaculata,1.0,False,False,False,False,Libellula quadrimaculata,-0.0031,False,False,False,False,Libellula quadrimaculata,1.0,False,False,False,False
ZPLOD549-20,Libellula quadrimaculata,Libellula,known,Libellula quadrimaculata,Libellula,Libellula quadrimaculata,Libellula quadrimaculata,-0.0043,False,False,False,False,Libellula quadrimaculata,0.964,False,False,False,False,Libellula quadrimaculata,-0.0053,False,False,False,False,Libellula quadrimaculata,0.976,False,False,False,False
DTNHM10238-24,Libellula quadrimaculata,Libellula,known,Libellula quadrimaculata,Libellula,Libellula quadrimaculata,Libellula quadrimaculata,-0.0102,False,False,False,False,Libellula quadrimaculata,0.818,False,False,False,False,Libellula quadrimaculata,-0.0113,False,True,False,False,Libellula quadrimaculata,0.852,False,False,False,False
AODON433-20,Libellula quadrimaculata,Libellula,known,Libellula quadrimaculata,Libellula,Libellula quadrimaculata,Libellula quadrimaculata,-0.0051,False,False,False,False,Libellula quadrimaculata,0.968,False,False,False,False,Libellula quadrimaculata,-0.0059,False,False,False,False,Libellula quadrimaculata,0.942,False,False,False,False
AODON555-20,Libellula quadrimaculata,Libellula,known,Libellula quadrimaculata,Libellula,Libellula quadrimaculata,Libellula quadrimaculata,-0.0059,False,False,False,False,Libellula quadrimaculata,0.976,False,False,False,False,Libellula quadrimaculata,-0.0063,False,False,False,False,Libellula quadrimaculata,0.998,False,False,False,False
ZPLOD544-20,Libellula quadrimaculata,Libellula,known,Libellula quadrimaculata,Libellula,Libellula quadrimaculata,Libellula quadrimaculata,-0.0072,False,False,False,False,Libellula quadrimaculata,0.862,False,False,False,False,Libellula quadrimaculata,-0.0092,False,False,False,False,Libellula quadrimaculata,0.876,False,False,False,False
LEFIJ15543-21,Libellula quadrimaculata,Libellula,known,Libellula quadrimaculata,Libellula,Libellula quadrimaculata,Libellula quadrimaculata,-0.0082,False,False,False,False,Libellula quadrimaculata,0.912,False,False,False,False,Libellula quadrimaculata,-0.0084,False,False,False,False,Libellula quadrimaculata,0.952,False,False,False,False
AODON001-20,Libellula quadrimaculata,Libellula,known,Libellula quadrimaculata,Libellula,Libellula quadrimaculata,Libellula quadrimaculata,-0.0027,False,False,False,False,Libellula quadrimaculata,1.0,False,False,False,False,Libellula quadrimaculata,-0.0027,False,False,False,False,Libellula quadrimaculata,1.0,False,False,False,False
DTNHM9343-23,Libellula quadrimaculata,Libellula,known,Libellula quadrimaculata,Libellula,Libellula quadrimaculata,Libellula quadrimaculata,-0.0051,False,False,False,False,Libellula quadrimaculata,0.924,False,False,False,False,Libellula quadrimaculata,-0.0061,False,False,False,False,Libellula quadrimaculata,0.974,False,False,False,False
AODON718-20,Nehalennia speciosa,Nehalennia,known,Nehalennia speciosa,Nehalennia,Nehalennia speciosa,Nehalennia speciosa,-0.0068,False,False,False,False,Nehalennia speciosa,0.812,False,False,False,False,Nehalennia speciosa,-0.0081,False,False,False,False,Nehalennia speciosa,0.938,False,False,False,False
FBAQU1428-13,Nehalennia speciosa,Nehalennia,known,Nehalennia speciosa,Nehalennia,Nehalennia speciosa,Nehalennia speciosa,-0.0046,False,False,False,False,Nehalennia speciosa,0.912,False,False,False,False,Nehalennia speciosa,-0.0041,False,False,False,False,Nehalennia speciosa,0.962,False,False,False,False
AODON697-20,Nehalennia speciosa,Nehalennia,known,Nehalennia speciosa,Nehalennia,Nehalennia speciosa,Nehalennia speciosa,-0.0042,False,False,False,False,Nehalennia speciosa,0.79,False,False,False,False,Nehalennia speciosa,-0.0043,False,False,False,False,Nehalennia speciosa,0.922,False,False,False,False
AODON370-20,Orthetrum albistylum,Orthetrum,known,Orthetrum albistylum,Orthetrum,Orthetrum albistylum,Orthetrum albistylum,-0.0042,False,False,False,False,Orthetrum albistylum,0.828,False,False,False,False,Orthetrum albistylum,-0.0043,False,False,False,False,Orthetrum albistylum,0.804,False,False,False,False
EDF010-18,Orthetrum albistylum,Orthetrum,known,Orthetrum albistylum,Orthetrum,Orthetrum albistylum,Orthetrum albistylum,-0.0015,False,False,False,False,Orthetrum albistylum,0.912,False,False,False,False,Orthetrum albistylum,-0.0015,False,False,False,False,Orthetrum albistylum,0.83,False,False,False,False
FBAQU319-09,Orthetrum brunneum,Orthetrum,known,Orthetrum brunneum,Orthetrum,Orthetrum brunneum,Orthetrum brunneum,-0.0015,False,False,False,False,Orthetrum brunneum,0.998,False,False,False,False,Orthetrum brunneum,-0.0015,False,False,False,False,Orthetrum brunneum,1.0,False,False,False,False
ZPLOD609-20,Orthetrum brunneum,Orthetrum,known,Orthetrum brunneum,Orthetrum,Orthetrum brunneum,Orthetrum brunneum,-0.007,False,False,False,False,Orthetrum brunneum,0.93,False,False,False,False,Orthetrum brunneum,-0.0067,False,False,False,False,Orthetrum brunneum,0.944,False,False,False,False
AODON893-22,Orthetrum brunneum,Orthetrum,known,Orthetrum brunneum,Orthetrum,Orthetrum brunneum,Orthetrum brunneum,-0.0078,False,False,False,False,Orthetrum brunneum,0.852,False,False,False,False,Orthetrum brunneum,-0.0075,False,False,False,False,Orthetrum brunneum,0.948,False,False,False,False
AODON521-20,Orthetrum brunneum,Orthetrum,known,Orthetrum brunneum,Orthetrum,Orthetrum brunneum,Orthetrum brunneum,-0.0098,False,False,False,False,Orthetrum brunneum,0.796,False,False,False,False,Orthetrum brunneum,-0.0093,False,False,False,False,Orthetrum brunneum,0.934,False,False,False,False
AODON895-22,Orthetrum cancellatum,Orthetrum,known,Orthetrum cancellatum,Orthetrum,Orthetrum cancellatum,Orthetrum cancellatum,-0.0077,False,False,False,False,Orthetrum cancellatum,0.86,False,False,False,False,Orthetrum cancellatum,-0.0075,False,False,False,False,Orthetrum cancellatum,0.916,False,False,False,False
AODON065-20,Orthetrum cancellatum,Orthetrum,known,Orthetrum cancellatum,Orthetrum,Orthetrum cancellatum,Orthetrum cancellatum,-0.0015,False,False,False,False,Orthetrum cancellatum,0.894,False,False,False,False,Orthetrum cancellatum,-0.0015,False,False,False,False,Orthetrum cancellatum,0.92,False,False,False,False
GBAAY74681-24,Orthetrum cancellatum,Orthetrum,known,Orthetrum cancellatum,Orthetrum,Orthetrum cancellatum,Orthetrum cancellatum,-0.0043,False,False,False,False,Orthetrum cancellatum,0.882,False,False,False,False,Orthetrum cancellatum,-0.0053,False,False,False,False,Orthetrum cancellatum,0.912,False,False,False,False
ODOPL128-19,Orthetrum cancellatum,Orthetrum,known,Orthetrum cancellatum,Orthetrum,Orthetrum cancellatum,Orthetrum cancellatum,-0.0085,False,False,False,False,Orthetrum cancellatum,0.744,False,False,False,False,Orthetrum cancellatum,-0.0094,False,False,False,False,Orthetrum cancellatum,0.932,False,False,False,False
ODOPL052-19,Orthetrum cancellatum,Orthetrum,known,Orthetrum cancellatum,Orthetrum,Orthetrum cancellatum,Orthetrum cancellatum,-0.0045,False,False,False,False,Orthetrum cancellatum,0.89,False,False,False,False,Orthetrum cancellatum,-0.0039,False,False,False,False,Orthetrum cancellatum,0.948,False,False,False,False
ZPLOD618-20,Orthetrum cancellatum,Orthetrum,known,Orthetrum cancellatum,Orthetrum,Orthetrum cancellatum,Orthetrum cancellatum,-0.0073,False,False,False,False,Orthetrum cancellatum,0.92,False,False,False,False,Orthetrum cancellatum,-0.0093,False,False,False,False,Orthetrum cancellatum,0.898,False,False,False,False
AODON102-20,Orthetrum cancellatum,Orthetrum,known,Orthetrum cancellatum,Orthetrum,Orthetrum cancellatum,Orthetrum cancellatum,-0.0043,False,False,False,False,Orthetrum cancellatum,0.87,False,False,False,False,Orthetrum cancellatum,-0.0053,False,False,False,False,Orthetrum cancellatum,0.92,False,False,False,False
GBAAY74666-24,Orthetrum cancellatum,Orthetrum,known,Orthetrum cancellatum,Orthetrum,Orthetrum cancellatum,Orthetrum cancellatum,-0.0043,False,False,False,False,Orthetrum cancellatum,0.88,False,False,False,False,Orthetrum cancellatum,-0.0053,False,False,False,False,Orthetrum cancellatum,0.93,False,False,False,False
ODOBP2891-16,Orthetrum cancellatum,Orthetrum,known,Orthetrum cancellatum,Orthetrum,Orthetrum cancellatum,Orthetrum cancellatum,-0.0043,False,False,False,False,Orthetrum cancellatum,0.982,False,False,False,False,Orthetrum cancellatum,-0.0053,False,False,False,False,Orthetrum cancellatum,0.992,False,False,False,False
GBAAX10185-24,Orthetrum cancellatum,Orthetrum,known,Orthetrum cancellatum,Orthetrum,Orthetrum cancellatum,Orthetrum cancellatum,-0.0043,False,False,False,False,Orthetrum cancellatum,0.97,False,False,False,False,Orthetrum cancellatum,-0.0053,False,False,False,False,Orthetrum cancellatum,0.99,False,False,False,False
GBAAY74684-24,Orthetrum cancellatum,Orthetrum,known,Orthetrum cancellatum,Orthetrum,Orthetrum cancellatum,Orthetrum cancellatum,-0.0043,False,False,False,False,Orthetrum cancellatum,0.898,False,False,False,False,Orthetrum cancellatum,-0.0053,False,False,False,False,Orthetrum cancellatum,0.956,False,False,False,False
GBAAY74664-24,Orthetrum cancellatum,Orthetrum,known,Orthetrum cancellatum,Orthetrum,Orthetrum cancellatum,Orthetrum cancellatum,-0.0043,False,False,False,False,Orthetrum cancellatum,0.924,False,False,False,False,Orthetrum cancellatum,-0.0053,False,False,False,False,Orthetrum cancellatum,0.968,False,False,False,False
GBAAW78360-24,Orthetrum coerulescens,Orthetrum,known,Orthetrum coerulescens,Orthetrum,Orthetrum coerulescens,Orthetrum coerulescens,-0.0087,False,False,False,False,Orthetrum coerulescens,0.852,False,False,False,False,Orthetrum coerulescens,-0.0092,False,False,False,False,Orthetrum coerulescens,0.954,False,False,False,False
DTNHM2609-21,Orthetrum coerulescens,Orthetrum,known,Orthetrum coerulescens,Orthetrum,Orthetrum coerulescens,Orthetrum coerulescens,-0.0332,True,True,True,True,Orthetrum coerulescens,0.17,True,True,True,True,Orthetrum coerulescens,-0.0348,True,True,True,True,Orthetrum coerulescens,0.284,True,True,True,True
ZPLOD833-20,Orthetrum coerulescens,Orthetrum,known,Orthetrum coerulescens,Orthetrum,Orthetrum coerulescens,Orthetrum coerulescens,-0.0048,False,False,False,False,Orthetrum coerulescens,0.968,False,False,False,False,Orthetrum coerulescens,-0.0053,False,False,False,False,Orthetrum coerulescens,0.838,False,False,False,False
GBAAX3580-24,Orthetrum coerulescens,Orthetrum,known,Orthetrum coerulescens,Orthetrum,Orthetrum coerulescens,Orthetrum coerulescens,-0.0048,False,False,False,False,Orthetrum coerulescens,0.896,False,False,False,False,Orthetrum coerulescens,-0.0053,False,False,False,False,Orthetrum coerulescens,0.892,False,False,False,False
ODOBP2887-16,Orthetrum coerulescens,Orthetrum,known,Orthetrum coerulescens,Orthetrum,Orthetrum coerulescens,Orthetrum coerulescens,-0.0061,False,False,False,False,Orthetrum coerulescens,0.876,False,False,False,False,Orthetrum coerulescens,-0.0075,False,False,False,False,Orthetrum coerulescens,0.934,False,False,False,False
LEFIJ29522-22,Orthetrum coerulescens,Orthetrum,known,Orthetrum coerulescens,Orthetrum,Orthetrum coerulescens,Orthetrum coerulescens,-0.0069,False,False,False,False,Orthetrum coerulescens,0.872,False,False,False,False,Orthetrum coerulescens,-0.0085,False,False,False,False,Orthetrum coerulescens,0.934,False,False,False,False
GBAAY36375-24,Orthetrum coerulescens,Orthetrum,known,Orthetrum coerulescens,Orthetrum,Orthetrum coerulescens,Orthetrum coerulescens,-0.0043,False,False,False,False,Orthetrum coerulescens,0.912,False,False,False,False,Orthetrum coerulescens,-0.0053,False,False,False,False,Orthetrum coerulescens,0.896,False,False,False,False
AODON263-20,Orthetrum coerulescens,Orthetrum,known,Orthetrum coerulescens,Orthetrum,Orthetrum coerulescens,Orthetrum coerulescens,-0.0043,False,False,False,False,Orthetrum coerulescens,0.878,False,False,False,False,Orthetrum coerulescens,-0.0053,False,False,False,False,Orthetrum coerulescens,0.972,False,False,False,False
ZPLOD639-20,Orthetrum coerulescens,Orthetrum,known,Orthetrum coerulescens,Orthetrum,Orthetrum coerulescens,Orthetrum coerulescens,-0.0053,False,False,False,False,Orthetrum coerulescens,0.978,False,False,False,False,Orthetrum coerulescens,-0.0075,False,False,False,False,Orthetrum coerulescens,0.964,False,False,False,False
LEFIJ29523-22,Orthetrum coerulescens,Orthetrum,known,Orthetrum coerulescens,Orthetrum,Orthetrum coerulescens,Orthetrum coerulescens,-0.006,False,False,False,False,Orthetrum coerulescens,0.9,False,False,False,False,Orthetrum coerulescens,-0.0067,False,False,False,False,Orthetrum coerulescens,0.964,False,False,False,False
GBAAY36391-24,Orthetrum coerulescens,Orthetrum,known,Orthetrum coerulescens,Orthetrum,Orthetrum coerulescens,Orthetrum coerulescens,-0.0043,False,False,False,False,Orthetrum coerulescens,0.978,False,False,False,False,Orthetrum coerulescens,-0.0053,False,False,False,False,Orthetrum coerulescens,0.982,False,False,False,False
GBMIN88627-17,Pyrrhosoma elisabethae,Pyrrhosoma,known,Pyrrhosoma elisabethae,Pyrrhosoma,Pyrrhosoma elisabethae,Pyrrhosoma elisabethae,-0.0038,False,False,False,False,Pyrrhosoma elisabethae,0.988,False,False,False,False,Pyrrhosoma elisabethae,-0.005,False,False,False,False,Pyrrhosoma elisabethae,0.99,False,False,False,False
AODON170-20,Pyrrhosoma nymphula,Pyrrhosoma,known,Pyrrhosoma nymphula,Pyrrhosoma,Pyrrhosoma nymphula,Pyrrhosoma nymphula,-0.0043,False,False,False,False,Pyrrhosoma nymphula,0.956,False,False,False,False,Pyrrhosoma nymphula,-0.0053,False,False,False,False,Pyrrhosoma nymphula,0.972,False,False,False,False
AODON401-20,Pyrrhosoma nymphula,Pyrrhosoma,known,Pyrrhosoma nymphula,Pyrrhosoma,Pyrrhosoma nymphula,Pyrrhosoma nymphula,-0.0042,False,False,False,False,Pyrrhosoma nymphula,0.976,False,False,False,False,Pyrrhosoma nymphula,-0.0051,False,False,False,False,Pyrrhosoma nymphula,0.988,False,False,False,False
GBAAW56259-24,Pyrrhosoma nymphula,Pyrrhosoma,known,Pyrrhosoma nymphula,Pyrrhosoma,Pyrrhosoma nymphula,Pyrrhosoma nymphula,-0.0059,False,False,False,False,Pyrrhosoma nymphula,0.846,False,False,False,False,Pyrrhosoma nymphula,-0.0061,False,False,False,False,Pyrrhosoma nymphula,0.896,False,False,False,False
AODON013-20,Pyrrhosoma nymphula,Pyrrhosoma,known,Pyrrhosoma nymphula,Pyrrhosoma,Pyrrhosoma nymphula,Pyrrhosoma nymphula,-0.0015,False,False,False,False,Pyrrhosoma nymphula,0.958,False,False,False,False,Pyrrhosoma nymphula,-0.0015,False,False,False,False,Pyrrhosoma nymphula,0.964,False,False,False,False
GBMIN88634-17,Pyrrhosoma nymphula,Pyrrhosoma,known,Pyrrhosoma nymphula,Pyrrhosoma,Pyrrhosoma nymphula,Pyrrhosoma nymphula,-0.0079,False,False,False,False,Pyrrhosoma nymphula,0.66,False,False,False,False,Pyrrhosoma nymphula,-0.0093,False,False,False,False,Pyrrhosoma nymphula,0.798,False,False,False,False
FBAQU510-10,Pyrrhosoma nymphula,Pyrrhosoma,known,Pyrrhosoma nymphula,Pyrrhosoma,Pyrrhosoma nymphula,Pyrrhosoma nymphula,-0.0046,False,False,False,False,Pyrrhosoma nymphula,0.81,False,False,False,False,Pyrrhosoma nymphula,-0.0057,False,False,False,False,Pyrrhosoma nymphula,0.852,False,False,False,False
ODTRI002-14,Pyrrhosoma nymphula,Pyrrhosoma,known,Pyrrhosoma nymphula,Pyrrhosoma,Pyrrhosoma nymphula,Pyrrhosoma nymphula,-0.0066,False,False,False,False,Pyrrhosoma nymphula,0.818,False,False,False,False,Pyrrhosoma nymphula,-0.0075,False,False,False,False,Pyrrhosoma nymphula,0.856,False,False,False,False
GBODO152-18,Pyrrhosoma nymphula,Pyrrhosoma,known,Pyrrhosoma nymphula,Pyrrhosoma,Pyrrhosoma nymphula,Pyrrhosoma nymphula,-0.0043,False,False,False,False,Pyrrhosoma nymphula,0.918,False,False,False,False,Pyrrhosoma nymphula,-0.0053,False,False,False,False,Pyrrhosoma nymphula,0.956,False,False,False,False
GBAAW56262-24,Pyrrhosoma nymphula,Pyrrhosoma,known,Pyrrhosoma nymphula,Pyrrhosoma,Pyrrhosoma nymphula,Pyrrhosoma nymphula,-0.0034,False,False,False,False,Pyrrhosoma nymphula,0.908,False,False,False,False,Pyrrhosoma nymphula,-0.0035,False,False,False,False,Pyrrhosoma nymphula,0.966,False,False,False,False
ODTRI003-14,Pyrrhosoma nymphula,Pyrrhosoma,known,Pyrrhosoma nymphula,Pyrrhosoma,Pyrrhosoma nymphula,Pyrrhosoma nymphula,-0.0095,False,False,False,False,Pyrrhosoma nymphula,0.762,False,False,False,False,Pyrrhosoma nymphula,-0.0091,False,False,False,False,Pyrrhosoma nymphula,0.75,False,False,False,False
ZPLOD703-20,Selysiothemis nigra,Selysiothemis,known,Selysiothemis nigra,Selysiothemis,Selysiothemis nigra,Selysiothemis nigra,-0.0043,False,False,False,False,Selysiothemis nigra,0.998,False,False,False,False,Selysiothemis nigra,-0.0053,False,False,False,False,Selysiothemis nigra,0.998,False,False,False,False
AODON260-20,Sympetrum danae,Sympetrum,known,Sympetrum danae,Sympetrum,Sympetrum danae,Sympetrum danae,-0.0043,False,False,False,False,Sympetrum danae,0.904,False,False,False,False,Sympetrum danae,-0.0053,False,False,False,False,Sympetrum danae,0.98,False,False,False,False
AODON302-20,Sympetrum danae,Sympetrum,known,Sympetrum danae,Sympetrum,Sympetrum danae,Sympetrum danae,-0.0075,False,False,False,False,Sympetrum danae,0.846,False,False,False,False,Sympetrum danae,-0.0092,False,False,False,False,Sympetrum danae,0.882,False,False,False,False
AODON748-20,Sympetrum danae,Sympetrum,known,Sympetrum danae,Sympetrum,Sympetrum danae,Sympetrum danae,-0.0043,False,False,False,False,Sympetrum danae,0.974,False,False,False,False,Sympetrum danae,-0.0053,False,False,False,False,Sympetrum danae,0.994,False,False,False,False
EDF020-20,Sympetrum depressiusculum,Sympetrum,known,Sympetrum depressiusculum,Sympetrum,Sympetrum depressiusculum,Sympetrum depressiusculum,-0.0015,False,False,False,False,Sympetrum depressiusculum,0.998,False,False,False,False,Sympetrum depressiusculum,-0.0015,False,False,False,False,Sympetrum depressiusculum,1.0,False,False,False,False
BGEPL1787-25,Sympetrum flaveolum,Sympetrum,known,Sympetrum flaveolum,Sympetrum,Sympetrum flaveolum,Sympetrum flaveolum,-0.0037,False,False,False,False,Sympetrum flaveolum,0.996,False,False,False,False,Sympetrum flaveolum,-0.0038,False,False,False,False,Sympetrum flaveolum,1.0,False,False,False,False
AODON201-20,Sympetrum fonscolombii,Sympetrum,known,Sympetrum fonscolombii,Sympetrum,Sympetrum fonscolombii,Sympetrum fonscolombii,-0.0143,True,True,True,False,Sympetrum fonscolombii,0.62,False,False,False,False,Sympetrum fonscolombii,-0.0154,True,True,True,False,Sympetrum fonscolombii,0.886,False,False,False,False
FBAQU517-10,Sympetrum fonscolombii,Sympetrum,known,Sympetrum fonscolombii,Sympetrum,Sympetrum fonscolombii,Sympetrum fonscolombii,-0.0098,False,False,False,False,Sympetrum fonscolombii,0.756,False,False,False,False,Sympetrum fonscolombii,-0.0109,False,False,False,False,Sympetrum fonscolombii,0.948,False,False,False,False
PLSW086-20,Sympetrum fonscolombii,Sympetrum,known,Sympetrum fonscolombii,Sympetrum,Sympetrum fonscolombii,Sympetrum fonscolombii,-0.0043,False,False,False,False,Sympetrum fonscolombii,0.952,False,False,False,False,Sympetrum fonscolombii,-0.0053,False,False,False,False,Sympetrum fonscolombii,0.994,False,False,False,False
ZPLOD839-20,Sympetrum meridionale,Sympetrum,known,Sympetrum meridionale,Sympetrum,Sympetrum meridionale,Sympetrum meridionale,-0.0048,False,False,False,False,Sympetrum meridionale,0.934,False,False,False,False,Sympetrum meridionale,-0.0053,False,False,False,False,Sympetrum meridionale,0.974,False,False,False,False
GBEPT950-14,Sympetrum meridionale,Sympetrum,known,Sympetrum meridionale,Sympetrum,Sympetrum meridionale,Sympetrum meridionale,-0.0206,True,True,True,True,Sympetrum meridionale,0.278,True,True,True,True,Sympetrum meridionale,-0.0226,True,True,True,True,Sympetrum meridionale,0.52,False,True,False,False
AODON377-20,Sympetrum meridionale,Sympetrum,known,Sympetrum meridionale,Sympetrum,Sympetrum meridionale,Sympetrum meridionale,-0.0043,False,False,False,False,Sympetrum meridionale,0.834,False,False,False,False,Sympetrum meridionale,-0.0053,False,False,False,False,Sympetrum meridionale,0.886,False,False,False,False
AODON777-20,Sympetrum meridionale,Sympetrum,known,Sympetrum meridionale,Sympetrum,Sympetrum meridionale,Sympetrum meridionale,-0.0043,False,False,False,False,Sympetrum meridionale,0.932,False,False,False,False,Sympetrum meridionale,-0.0053,False,False,False,False,Sympetrum meridionale,0.986,False,False,False,False
AODON300-20,Sympetrum pedemontanum,Sympetrum,known,Sympetrum pedemontanum,Sympetrum,Sympetrum pedemontanum,Sympetrum pedemontanum,-0.0043,False,False,False,False,Sympetrum pedemontanum,0.99,False,False,False,False,Sympetrum pedemontanum,-0.0053,False,False,False,False,Sympetrum pedemontanum,0.996,False,False,False,False
ZPLOD781-20,Sympetrum pedemontanum,Sympetrum,known,Sympetrum pedemontanum,Sympetrum,Sympetrum pedemontanum,Sympetrum pedemontanum,-0.0043,False,False,False,False,Sympetrum pedemontanum,0.956,False,False,False,False,Sympetrum pedemontanum,-0.0053,False,False,False,False,Sympetrum pedemontanum,0.958,False,False,False,False
PLSW068-20,Sympetrum sanguineum,Sympetrum,known,Sympetrum sanguineum,Sympetrum,Sympetrum sanguineum,Sympetrum sanguineum,-0.0063,False,False,False,False,Sympetrum sanguineum,0.926,False,False,False,False,Sympetrum sanguineum,-0.0077,False,False,False,False,Sympetrum sanguineum,0.962,False,False,False,False
AODON327-20,Sympetrum sanguineum,Sympetrum,known,Sympetrum sanguineum,Sympetrum,Sympetrum sanguineum,Sympetrum sanguineum,-0.0015,False,False,False,False,Sympetrum sanguineum,0.988,False,False,False,False,Sympetrum sanguineum,-0.0015,False,False,False,False,Sympetrum sanguineum,0.99,False,False,False,False
AODON539-20,Sympetrum sanguineum,Sympetrum,known,Sympetrum sanguineum,Sympetrum,Sympetrum sanguineum,Sympetrum sanguineum,-0.0068,False,False,False,False,Sympetrum sanguineum,0.95,False,False,False,False,Sympetrum sanguineum,-0.0065,False,False,False,False,Sympetrum sanguineum,0.962,False,False,False,False
AODON538-20,Sympetrum sanguineum,Sympetrum,known,Sympetrum sanguineum,Sympetrum,Sympetrum sanguineum,Sympetrum sanguineum,-0.0109,False,True,False,False,Sympetrum sanguineum,0.682,False,False,False,False,Sympetrum sanguineum,-0.0111,False,False,False,False,Sympetrum sanguineum,0.856,False,False,False,False
AODON884-22,Sympetrum sanguineum,Sympetrum,known,Sympetrum sanguineum,Sympetrum,Sympetrum sanguineum,Sympetrum sanguineum,-0.0022,False,False,False,False,Sympetrum sanguineum,0.992,False,False,False,False,Sympetrum sanguineum,-0.0022,False,False,False,False,Sympetrum sanguineum,1.0,False,False,False,False
AODON875-22,Sympetrum sanguineum,Sympetrum,known,Sympetrum sanguineum,Sympetrum,Sympetrum sanguineum,Sympetrum sanguineum,-0.0045,False,False,False,False,Sympetrum sanguineum,0.922,False,False,False,False,Sympetrum sanguineum,-0.0046,False,False,False,False,Sympetrum sanguineum,0.994,False,False,False,False
ODOBP2890-16,Sympetrum sanguineum,Sympetrum,known,Sympetrum sanguineum,Sympetrum,Sympetrum sanguineum,Sympetrum sanguineum,-0.0015,False,False,False,False,Sympetrum sanguineum,0.998,False,False,False,False,Sympetrum sanguineum,-0.0015,False,False,False,False,Sympetrum sanguineum,1.0,False,False,False,False
AODON629-20,Sympetrum striolatum,Sympetrum,known,Sympetrum striolatum,Sympetrum,Sympetrum striolatum,Sympetrum striolatum,-0.0048,False,False,False,False,Sympetrum striolatum,0.966,False,False,False,False,Sympetrum striolatum,-0.0057,False,False,False,False,Sympetrum striolatum,0.978,False,False,False,False
AODON321-20,Sympetrum striolatum,Sympetrum,known,Sympetrum striolatum,Sympetrum,Sympetrum striolatum,Sympetrum striolatum,-0.0074,False,False,False,False,Sympetrum striolatum,0.9,False,False,False,False,Sympetrum striolatum,-0.0075,False,False,False,False,Sympetrum striolatum,0.954,False,False,False,False
TRSKA2788-20,Sympetrum striolatum,Sympetrum,known,Sympetrum striolatum,Sympetrum,Sympetrum striolatum,Sympetrum striolatum,-0.0021,False,False,False,False,Sympetrum striolatum,0.99,False,False,False,False,Sympetrum striolatum,-0.0022,False,False,False,False,Sympetrum striolatum,1.0,False,False,False,False
FBAQU325-09,Sympetrum striolatum,Sympetrum,known,Sympetrum striolatum,Sympetrum,Sympetrum striolatum,Sympetrum striolatum,-0.0015,False,False,False,False,Sympetrum striolatum,0.982,False,False,False,False,Sympetrum striolatum,-0.0015,False,False,False,False,Sympetrum striolatum,0.988,False,False,False,False
ODOBP9074-23,Sympetrum striolatum,Sympetrum,known,Sympetrum striolatum,Sympetrum,Sympetrum striolatum,Sympetrum striolatum,-0.0043,False,False,False,False,Sympetrum striolatum,0.94,False,False,False,False,Sympetrum striolatum,-0.0053,False,False,False,False,Sympetrum striolatum,0.958,False,False,False,False
AODON129-20,Sympetrum striolatum,Sympetrum,known,Sympetrum striolatum,Sympetrum,Sympetrum striolatum,Sympetrum striolatum,-0.0021,False,False,False,False,Sympetrum striolatum,0.998,False,False,False,False,Sympetrum striolatum,-0.0022,False,False,False,False,Sympetrum striolatum,0.998,False,False,False,False
GBMHO3219-19,Sympetrum vulgatum,Sympetrum,known,Sympetrum vulgatum,Sympetrum,Sympetrum vulgatum,Sympetrum vulgatum,-0.0066,False,False,False,False,Sympetrum vulgatum,0.938,False,False,False,False,Sympetrum vulgatum,-0.0082,False,False,False,False,Sympetrum vulgatum,0.968,False,False,False,False
AODON631-20,Sympetrum vulgatum,Sympetrum,known,Sympetrum vulgatum,Sympetrum,Sympetrum vulgatum,Sympetrum vulgatum,-0.0043,False,False,False,False,Sympetrum vulgatum,0.976,False,False,False,False,Sympetrum vulgatum,-0.0053,False,False,False,False,Sympetrum vulgatum,0.994,False,False,False,False
GBMHO3216-19,Sympetrum vulgatum,Sympetrum,known,Sympetrum vulgatum,Sympetrum,Sympetrum vulgatum,Sympetrum vulgatum,-0.0059,False,False,False,False,Sympetrum vulgatum,0.952,False,False,False,False,Sympetrum vulgatum,-0.0073,False,False,False,False,Sympetrum vulgatum,0.984,False,False,False,False
PLSW082-20,Sympetrum vulgatum,Sympetrum,known,Sympetrum vulgatum,Sympetrum,Sympetrum vulgatum,Sympetrum vulgatum,-0.0043,False,False,False,False,Sympetrum vulgatum,0.986,False,False,False,False,Sympetrum vulgatum,-0.0053,False,False,False,False,Sympetrum vulgatum,0.988,False,False,False,False
AODON763-20,Sympetrum vulgatum,Sympetrum,known,Sympetrum vulgatum,Sympetrum,Sympetrum vulgatum,Sympetrum vulgatum,-0.0043,False,False,False,False,Sympetrum vulgatum,0.976,False,False,False,False,Sympetrum vulgatum,-0.0053,False,False,False,False,Sympetrum vulgatum,0.972,False,False,False,False
AODON111-20,Sympetrum vulgatum,Sympetrum,known,Sympetrum vulgatum,Sympetrum,Sympetrum vulgatum,Sympetrum vulgatum,-0.0043,False,False,False,False,Sympetrum vulgatum,0.946,False,False,False,False,Sympetrum vulgatum,-0.0053,False,False,False,False,Sympetrum vulgatum,0.988,False,False,False,False
GBMHO3215-19,Sympetrum vulgatum,Sympetrum,known,Sympetrum vulgatum,Sympetrum,Sympetrum vulgatum,Sympetrum vulgatum,-0.004,False,False,False,False,Sympetrum vulgatum,0.848,False,False,False,False,Sympetrum vulgatum,-0.004,False,False,False,False,Sympetrum vulgatum,0.956,False,False,False,False
ZPLOD811-20,Trithemis annulata,Trithemis,known,Trithemis annulata,Trithemis,Trithemis annulata,Trithemis annulata,-0.0043,False,False,False,False,Trithemis annulata,0.91,False,False,False,False,Trithemis annulata,-0.0053,False,False,False,False,Trithemis annulata,0.942,False,False,False,False
