seq_id,species,set
ODOBP2894-16,Ceriagrion tenellum,test
ZPLOD129-20,Ceriagrion tenellum,test
ZPLOD127-20,Ceriagrion tenellum,train
GBAAW68518-24,Ceriagrion tenellum,train
UMAAO073-24,Ceriagrion tenellum,train
DTNHM3572-21,Ceriagrion tenellum,train
TRDOD016-14,Coenagrion armatum,test
LEFIJ33955-23,Coenagrion armatum,train
LEFIJ29506-22,Coenagrion armatum,train
ZPLOD196-20,Coenagrion caerulescens,test
ZPLOD190-20,Coenagrion caerulescens,test
ZPLOD195-20,Coenagrion caerulescens,train
ZPLOD192-20,Coenagrion caerulescens,train
ZPLOD194-20,Coenagrion caerulescens,train
ZPLOD189-20,Coenagrion caerulescens,train
AODON426-20,Coenagrion hastulatum,test
ZPLOD202-20,Coenagrion hastulatum,test
GBMNC60714-20,Coenagrion hastulatum,test
PLSW010-20,Coenagrion hastulatum,test
AODON483-20,Coenagrion hastulatum,test
AODON859-22,Coenagrion hastulatum,test
LEFIJ15493-21,Coenagrion hastulatum,test
AODON676-20,Coenagrion hastulatum,train
AODON485-20,Coenagrion hastulatum,train
ODTRI006-14,Coenagrion hastulatum,train
ODOPL072-19,Coenagrion hastulatum,train
TRDOD075-14,Coenagrion hastulatum,train
FBAQU556-10,Coenagrion hastulatum,train
AODON425-20,Coenagrion hastulatum,train
ODTRI004-14,Coenagrion hastulatum,train
AODON405-20,Coenagrion hastulatum,train
TRDOD076-14,Coenagrion hastulatum,train
ODOBP5474-16,Coenagrion hastulatum,train
AODON912-22,Coenagrion hastulatum,train
AODON946-22,Coenagrion hastulatum,train
TRDOD042-14,Coenagrion hastulatum,train
AODON858-22,Coenagrion hastulatum,train
LEFIJ29508-22,Coenagrion johanssoni,test
TRDOD005-14,Coenagrion johanssoni,train
ODTRI007-14,Coenagrion johanssoni,train
LEFIJ29511-22,Coenagrion lunulatum,test
LEFIJ7811-18,Coenagrion lunulatum,train
ODOBP5328-16,Coenagrion lunulatum,train
ODOBP5327-16,Coenagrion lunulatum,train
ZPLOD203-20,Coenagrion mercuriale,test
FBAQU1429-13,Coenagrion mercuriale,test
AODON907-22,Coenagrion mercuriale,train
GBMIN88584-17,Coenagrion mercuriale,train
GBMIN88583-17,Coenagrion mercuriale,train
AODON917-22,Coenagrion mercuriale,train
ZPLOD208-20,Coenagrion mercuriale,train
GBMIN88586-17,Coenagrion mercuriale,train
AODON427-20,Coenagrion ornatum,test
FBAQU1446-13,Coenagrion ornatum,test
ZPLOD212-20,Coenagrion ornatum,train
AODON944-22,Coenagrion ornatum,train
AODON667-20,Coenagrion ornatum,train
ODOPL070-19,Coenagrion puella,test
GBODO037-18,Coenagrion puella,test
GBODO125-18,Coenagrion puella,test
ODOPL104-19,Coenagrion puella,test
AODON229-20,Coenagrion puella,test
FBAQU528-10,Coenagrion puella,test
GBMIN88593-17,Coenagrion puella,test
LEFIJ15497-21,Coenagrion puella,test
HMYZ210-23,Coenagrion puella,test
ODOPL071-19,Coenagrion puella,test
ZPLOD234-20,Coenagrion puella,test
AODON518-20,Coenagrion puella,test
AODON172-20,Coenagrion puella,test
LEFIJ7804-18,Coenagrion puella,test
AODON020-20,Coenagrion puella,test
AODON620-20,Coenagrion puella,train
AODON861-22,Coenagrion puella,train
GBODO069-18,Coenagrion puella,train
ZPLOD233-20,Coenagrion puella,train
ANBIO202-19,Coenagrion puella,train
ZPLOD221-20,Coenagrion puella,train
AODON187-20,Coenagrion puella,train
GBMIN88597-17,Coenagrion puella,train
ZPLOD227-20,Coenagrion puella,train
AODON530-20,Coenagrion puella,train
GBODO186-18,Coenagrion puella,train
AODON179-20,Coenagrion puella,train
GBODO078-18,Coenagrion puella,train
GODO035-18,Coenagrion puella,train
AODON423-20,Coenagrion puella,train
AODON007-20,Coenagrion puella,train
AODON902-22,Coenagrion puella,train
ZPLOD218-20,Coenagrion puella,train
ODOPL069-19,Coenagrion puella,train
AODON531-20,Coenagrion puella,train
AODON062-20,Coenagrion puella,train
PLSW008-20,Coenagrion puella,train
AODON058-20,Coenagrion puella,train
GBMNA38105-19,Coenagrion puella,train
GBODO068-18,Coenagrion puella,train
GBODO176-18,Coenagrion puella,train
AODON349-20,Coenagrion puella,train
DTNHM13000-24,Coenagrion puella,train
GBODO079-18,Coenagrion puella,train
GODO029-18,Coenagrion puella,train
GBMIN88590-17,Coenagrion puella,train
LEFIJ7808-18,Coenagrion puella,train
AODON343-20,Coenagrion puella,train
AODON484-20,Coenagrion puella,train
AODON399-20,Coenagrion pulchellum,test
AODON924-22,Coenagrion pulchellum,test
AODON381-20,Coenagrion pulchellum,test
AODON186-20,Coenagrion pulchellum,test
AODON499-20,Coenagrion pulchellum,test
ZPLOD262-20,Coenagrion pulchellum,test
ODOBP3585-16,Coenagrion pulchellum,test
AODON004-20,Coenagrion pulchellum,test
AODON036-20,Coenagrion pulchellum,test
AODON365-20,Coenagrion pulchellum,test
AODON364-20,Coenagrion pulchellum,train
ZPLOD252-20,Coenagrion pulchellum,train
LEFIJ5908-17,Coenagrion pulchellum,train
ODTRI008-14,Coenagrion pulchellum,train
GBEPT903-14,Coenagrion pulchellum,train
AODON938-22,Coenagrion pulchellum,train
ODOBP3586-16,Coenagrion pulchellum,train
LEFIJ7807-18,Coenagrion pulchellum,train
ZPLOD256-20,Coenagrion pulchellum,train
AODON005-20,Coenagrion pulchellum,train
LEFIJ15498-21,Coenagrion pulchellum,train
AODON666-20,Coenagrion pulchellum,train
DTNHM8462-23,Coenagrion pulchellum,train
PLSW019-20,Coenagrion pulchellum,train
AODON398-20,Coenagrion pulchellum,train
BGEPL3245-25,Coenagrion pulchellum,train
AODON883-22,Coenagrion pulchellum,train
GBABA1023-26,Coenagrion pulchellum,train
AODON390-20,Coenagrion pulchellum,train
AODON856-22,Coenagrion pulchellum,train
ODTRI009-14,Coenagrion pulchellum,train
KURS023-21,Coenagrion pulchellum,train
GBODO188-18,Coenagrion pulchellum,train
GBODO157-18,Coenagrion pulchellum,train
AODON009-20,Coenagrion pulchellum,train
ZPLOD266-20,Coenagrion scitulum,test
ZPLOD275-20,Coenagrion scitulum,test
AODON180-20,Coenagrion scitulum,test
TRSKA2848-20,Coenagrion scitulum,train
GBEPT907-14,Coenagrion scitulum,train
TRSKA2840-20,Coenagrion scitulum,train
EDF007-18,Coenagrion scitulum,train
TRSKA2841-20,Coenagrion scitulum,train
TRSKA2839-20,Coenagrion scitulum,train
AODON373-20,Crocothemis erythraea,test
TRSKA2101-20,Crocothemis erythraea,test
AODON275-20,Crocothemis erythraea,test
GODO042-19,Crocothemis erythraea,test
FBAQU312-09,Crocothemis erythraea,test
AODON371-20,Crocothemis erythraea,test
AODON097-20,Crocothemis erythraea,test
ZPLOD822-20,Crocothemis erythraea,test
ZPLOD332-20,Crocothemis erythraea,train
AODON059-20,Crocothemis erythraea,train
ZPLOD328-20,Crocothemis erythraea,train
ODOBP9083-23,Crocothemis erythraea,train
TRSKA2100-20,Crocothemis erythraea,train
ZPLOD331-20,Crocothemis erythraea,train
AODON114-20,Crocothemis erythraea,train
AODON068-20,Crocothemis erythraea,train
GBEPT947-14,Crocothemis erythraea,train
GBAAW80744-24,Crocothemis erythraea,train
PLSW071-20,Crocothemis erythraea,train
PLSW069-20,Crocothemis erythraea,train
AODON168-20,Crocothemis erythraea,train
ZPLOD320-20,Crocothemis erythraea,train
AODON174-20,Crocothemis erythraea,train
ZPLOD333-20,Crocothemis erythraea,train
GBAAW80745-24,Crocothemis erythraea,train
PLSW070-20,Crocothemis erythraea,train
AODON438-20,Enallagma cyathigerum,test
GBODO040-18,Enallagma cyathigerum,test
DTNHM5531-23,Enallagma cyathigerum,test
ODTRI011-14,Enallagma cyathigerum,test
LEFIJ7815-18,Enallagma cyathigerum,test
LEFIJ15503-21,Enallagma cyathigerum,test
GBODO096-18,Enallagma cyathigerum,test
BGEPL3226-25,Enallagma cyathigerum,test
AODON360-20,Enallagma cyathigerum,test
AODON937-22,Enallagma cyathigerum,test
GBODO172-18,Enallagma cyathigerum,test
BGEPL3233-25,Enallagma cyathigerum,test
BGEPL3243-25,Enallagma cyathigerum,test
FBAQU015-09,Enallagma cyathigerum,test
AODON384-20,Enallagma cyathigerum,test
BGEPL3207-25,Enallagma cyathigerum,test
ODOPL101-19,Enallagma cyathigerum,train
BGEPL1745-25,Enallagma cyathigerum,train
LEFIJ7803-18,Enallagma cyathigerum,train
HMYZ240-23,Enallagma cyathigerum,train
AODON593-20,Enallagma cyathigerum,train
ODTRI012-14,Enallagma cyathigerum,train
BGEPL3214-25,Enallagma cyathigerum,train
AODON864-22,Enallagma cyathigerum,train
GBODO024-18,Enallagma cyathigerum,train
GBODO076-18,Enallagma cyathigerum,train
GODO013-18,Enallagma cyathigerum,train
LEFIJ15504-21,Enallagma cyathigerum,train
AODON874-22,Enallagma cyathigerum,train
ZPLOD348-20,Enallagma cyathigerum,train
AODON774-20,Enallagma cyathigerum,train
AODON542-20,Enallagma cyathigerum,train
AODON149-20,Enallagma cyathigerum,train
FBAQU532-10,Enallagma cyathigerum,train
AODON025-20,Enallagma cyathigerum,train
AODON424-20,Enallagma cyathigerum,train
GODO011-18,Enallagma cyathigerum,train
DTNHM2304-21,Enallagma cyathigerum,train
ODOPL126-19,Enallagma cyathigerum,train
HETFI049-11,Enallagma cyathigerum,train
AODON110-20,Enallagma cyathigerum,train
GBODO052-18,Enallagma cyathigerum,train
BGEPL1717-25,Enallagma cyathigerum,train
LEFIJ5909-17,Enallagma cyathigerum,train
AODON911-22,Enallagma cyathigerum,train
ODOPL100-19,Enallagma cyathigerum,train
LEFIJ15502-21,Enallagma cyathigerum,train
FBAQU490-10,Enallagma cyathigerum,train
AODON945-22,Enallagma cyathigerum,train
GBODO054-18,Enallagma cyathigerum,train
PLSW073-20,Enallagma cyathigerum,train
AODON254-20,Enallagma cyathigerum,train
AODON288-20,Enallagma cyathigerum,train
AODON283-20,Enallagma cyathigerum,train
ODOBP5490-16,Erythromma lindenii,test
ZPLOD365-20,Erythromma lindenii,test
TRSKA2777-20,Erythromma lindenii,test
TRSKA2050-20,Erythromma lindenii,test
TRSKA2727-20,Erythromma lindenii,test
ZPLOD394-20,Erythromma lindenii,test
ZPLOD387-20,Erythromma lindenii,test
ZPLOD367-20,Erythromma lindenii,test
ZPLOD358-20,Erythromma lindenii,test
TRSKA2725-20,Erythromma lindenii,test
TRSKA2053-20,Erythromma lindenii,test
TRSKA2054-20,Erythromma lindenii,test
TRSKA2614-20,Erythromma lindenii,test
TRSKA2664-20,Erythromma lindenii,train
ODOBP3575-16,Erythromma lindenii,train
AODON773-20,Erythromma lindenii,train
TRSKA2010-20,Erythromma lindenii,train
TRSKA2810-20,Erythromma lindenii,train
TRSKA2757-20,Erythromma lindenii,train
ZPLOD366-20,Erythromma lindenii,train
TRSKA2008-20,Erythromma lindenii,train
ZPLOD823-20,Erythromma lindenii,train
ZPLOD399-20,Erythromma lindenii,train
GBAAW63064-24,Erythromma lindenii,train
ODOBP3573-16,Erythromma lindenii,train
GBMHO3409-19,Erythromma lindenii,train
GBMND63119-21,Erythromma lindenii,train
TRSKA2728-20,Erythromma lindenii,train
ZPLOD392-20,Erythromma lindenii,train
TRSKA2051-20,Erythromma lindenii,train
TRSKA2006-20,Erythromma lindenii,train
ZPLOD380-20,Erythromma lindenii,train
TRSKA2724-20,Erythromma lindenii,train
AODON441-20,Erythromma lindenii,train
TRSKA2661-20,Erythromma lindenii,train
ZPLOD385-20,Erythromma lindenii,train
ZPLOD383-20,Erythromma lindenii,train
TRSKA2778-20,Erythromma lindenii,train
ZPLOD379-20,Erythromma lindenii,train
AODON926-22,Erythromma lindenii,train
ZPLOD378-20,Erythromma lindenii,train
FBAQU491-10,Erythromma lindenii,train
AODON730-20,Erythromma lindenii,train
TRSKA2770-20,Erythromma lindenii,train
BARCO010-14,Erythromma najas,test
ZPLOD407-20,Erythromma najas,test
GBMH3434-07,Erythromma najas,test
GBMH3363-07,Erythromma najas,test
AODON516-20,Erythromma najas,test
AODON076-20,Erythromma najas,test
ODOPL030-19,Erythromma najas,test
GBMH3376-07,Erythromma najas,test
GBMH3396-07,Erythromma najas,test
DTNHM2303-21,Erythromma najas,test
GBMH3358-07,Erythromma najas,test
SHAP981-23,Erythromma najas,test
AODON495-20,Erythromma najas,test
AODON284-20,Erythromma najas,train
GBMH3375-07,Erythromma najas,train
GBMH6702-09,Erythromma najas,train
GBMH3398-07,Erythromma najas,train
ODOPL046-19,Erythromma najas,train
AODON050-20,Erythromma najas,train
LEFIJ7810-18,Erythromma najas,train
GBMH3421-07,Erythromma najas,train
GBMH3362-07,Erythromma najas,train
ODOPL031-19,Erythromma najas,train
AODON619-20,Erythromma najas,train
GBMH3354-07,Erythromma najas,train
GBMH3412-07,Erythromma najas,train
ODOPL044-19,Erythromma najas,train
TRSKA2812-20,Erythromma najas,train
GBMH3391-07,Erythromma najas,train
AODON049-20,Erythromma najas,train
AODON617-20,Erythromma najas,train
GBMH3414-07,Erythromma najas,train
LEFIJ15499-21,Erythromma najas,train
ZPLOD406-20,Erythromma najas,train
GBMH3361-07,Erythromma najas,train
ODOPL010-18,Erythromma najas,train
GBMH3357-07,Erythromma najas,train
ODOBP5367-16,Erythromma najas,train
FBAQU492-10,Erythromma najas,train
AODON032-20,Erythromma najas,train
AODON700-20,Erythromma najas,train
LEFIJ15501-21,Erythromma najas,train
GBMH3359-07,Erythromma najas,train
AODON618-20,Erythromma najas,train
AODON093-20,Erythromma viridulum,test
TRSKA2682-20,Erythromma viridulum,test
TRSKA2683-20,Erythromma viridulum,test
TRSKA2690-20,Erythromma viridulum,test
AODON388-20,Erythromma viridulum,test
AODON386-20,Erythromma viridulum,test
ZPLOD409-20,Erythromma viridulum,test
GBMNE32985-21,Erythromma viridulum,test
ZPLOD419-20,Erythromma viridulum,test
TRSKA2693-20,Erythromma viridulum,test
TRSKA2677-20,Erythromma viridulum,train
PGCBG7107-20,Erythromma viridulum,train
BGEPL3206-25,Erythromma viridulum,train
AODON939-22,Erythromma viridulum,train
BGEPL3209-25,Erythromma viridulum,train
AODON507-20,Erythromma viridulum,train
AODON387-20,Erythromma viridulum,train
AODON541-20,Erythromma viridulum,train
AODON092-20,Erythromma viridulum,train
TRSKA2662-20,Erythromma viridulum,train
PLSW076-20,Erythromma viridulum,train
TRSKA2665-20,Erythromma viridulum,train
AODON744-20,Erythromma viridulum,train
AODON392-20,Erythromma viridulum,train
GBUPS192-14,Erythromma viridulum,train
AODON396-20,Erythromma viridulum,train
ZPLOD422-20,Erythromma viridulum,train
TRSKA2680-20,Erythromma viridulum,train
AODON389-20,Erythromma viridulum,train
AODON113-20,Erythromma viridulum,train
TRSKA2688-20,Erythromma viridulum,train
GBMIX949-14,Erythromma viridulum,train
GBODO021-18,Ischnura elegans,test
GBODO063-18,Ischnura elegans,test
GBUPS193-14,Ischnura elegans,test
FBAQU495-10,Ischnura elegans,test
GBMHO3410-19,Ischnura elegans,test
ODOPL026-19,Ischnura elegans,test
ODOPL087-19,Ischnura elegans,test
AODON393-20,Ischnura elegans,test
ODOPL014-18,Ischnura elegans,test
GBUPS197-14,Ischnura elegans,test
GBODO061-18,Ischnura elegans,test
GBMND4311-21,Ischnura elegans,test
ODOPL061-19,Ischnura elegans,test
ODOPL049-19,Ischnura elegans,test
AODON798-20,Ischnura elegans,test
AODON199-20,Ischnura elegans,test
ANBIO150-19,Ischnura elegans,test
AODON223-20,Ischnura elegans,test
LEFIJ15505-21,Ischnura elegans,train
ODOPL089-19,Ischnura elegans,train
GBUPS206-14,Ischnura elegans,train
GBMIX1779-15,Ischnura elegans,train
LEFIJ15506-21,Ischnura elegans,train
GBCAB37650-24,Ischnura elegans,train
GBUPS191-14,Ischnura elegans,train
DTNHM5533-23,Ischnura elegans,train
LEFIJ5910-17,Ischnura elegans,train
FBAQU172-09,Ischnura elegans,train
FBAQU535-10,Ischnura elegans,train
GBUPS201-14,Ischnura elegans,train
ZPLOD431-20,Ischnura elegans,train
GBMND4316-21,Ischnura elegans,train
ANBIO195-19,Ischnura elegans,train
AODON017-20,Ischnura elegans,train
ODOPL059-19,Ischnura elegans,train
GBUPS195-14,Ischnura elegans,train
DTNHM5532-23,Ischnura elegans,train
AODON359-20,Ischnura elegans,train
HMYZ310-23,Ischnura elegans,train
ODOBP5339-16,Ischnura elegans,train
ODOPL027-19,Ischnura elegans,train
GBUPS202-14,Ischnura elegans,train
ODOPL088-19,Ischnura elegans,train
AODON868-22,Ischnura elegans,train
BCAI157-26,Ischnura elegans,train
ODOPL015-18,Ischnura elegans,train
GBMND4314-21,Ischnura elegans,train
ODOPL013-18,Ischnura elegans,train
GBMNA38097-19,Ischnura elegans,train
GBODO131-18,Ischnura elegans,train
BGEPL1697-25,Ischnura elegans,train
ODOPL048-19,Ischnura elegans,train
ANBIO203-19,Ischnura elegans,train
AODON916-22,Ischnura elegans,train
AODON184-20,Ischnura elegans,train
HMYZ211-23,Ischnura elegans,train
GBUPS194-14,Ischnura elegans,train
AODON784-20,Ischnura elegans,train
GBAAM36860-25,Ischnura elegans,train
ODOPL028-19,Ischnura elegans,train
ZPLOD452-20,Ischnura genei,test
ZPLOD457-20,Ischnura genei,train
ZPLOD454-20,Ischnura genei,train
BGEPL3219-25,Ischnura pumilio,test
FBAQU496-10,Ischnura pumilio,test
LEFIJ33977-23,Ischnura pumilio,test
AODON430-20,Ischnura pumilio,train
GBMNA38100-19,Ischnura pumilio,train
AODON519-20,Ischnura pumilio,train
LEFIJ15510-21,Ischnura pumilio,train
AODON039-20,Ischnura pumilio,train
LEFIJ7824-18,Ischnura pumilio,train
LEFIJ15512-21,Ischnura pumilio,train
GBAAM37383-25,Ischnura saharensis,test
GBAAW69084-24,Ischnura saharensis,test
GBAAW69085-24,Ischnura saharensis,train
GBAAM37491-25,Ischnura saharensis,train
GBAAW69083-24,Ischnura saharensis,train
GBMNE33017-21,Ischnura saharensis,train
AODON681-20,Leucorrhinia caudalis,test
EDF006-18,Leucorrhinia caudalis,train
ODOBP5342-16,Leucorrhinia caudalis,train
AODON682-20,Leucorrhinia caudalis,train
AODON703-20,Leucorrhinia dubia,test
GBODO036-18,Leucorrhinia dubia,test
ODOPL099-19,Leucorrhinia dubia,test
FBAQU500-10,Leucorrhinia dubia,test
ODOBP2877-16,Leucorrhinia dubia,test
LEFIJ7816-18,Leucorrhinia dubia,test
GBEPT901-14,Leucorrhinia dubia,train
GBEPT900-14,Leucorrhinia dubia,train
AODON147-20,Leucorrhinia dubia,train
AODON480-20,Leucorrhinia dubia,train
ODOBP5350-16,Leucorrhinia dubia,train
ODOBP5352-16,Leucorrhinia dubia,train
DTNHM5774-23,Leucorrhinia dubia,train
ZPLOD828-20,Leucorrhinia dubia,train
AODON693-20,Leucorrhinia dubia,train
AODON903-22,Leucorrhinia dubia,train
DTNHM5775-23,Leucorrhinia dubia,train
ZPLOD515-20,Leucorrhinia dubia,train
ROMAC866-22,Leucorrhinia dubia,train
ODOBP5354-16,Leucorrhinia pectoralis,test
AODON080-20,Leucorrhinia pectoralis,test
PLSW053-20,Leucorrhinia pectoralis,train
PLSW051-20,Leucorrhinia pectoralis,train
ODOPL024-19,Leucorrhinia pectoralis,train
AODON670-20,Leucorrhinia rubicunda,test
LEFIJ15521-21,Leucorrhinia rubicunda,train
ODOBP5324-16,Leucorrhinia rubicunda,train
AODON668-20,Leucorrhinia rubicunda,train
ZPLOD526-20,Libellula depressa,test
TRSKA2843-20,Libellula depressa,test
AODON429-20,Libellula depressa,test
DTNHM13434-24,Libellula depressa,test
PLSW148-20,Libellula depressa,train
LEFIJ7806-18,Libellula depressa,train
AODON898-22,Libellula depressa,train
FBAQU502-10,Libellula depressa,train
ZPLOD534-20,Libellula depressa,train
AODON028-20,Libellula depressa,train
LEFIJ5929-17,Libellula depressa,train
LEFIJ29477-22,Libellula depressa,train
ODOBP9079-23,Libellula depressa,train
ANBIO098-19,Libellula depressa,train
PLSW034-20,Libellula fulva,test
UKAN813-22,Libellula fulva,test
GBEPT944-14,Libellula fulva,test
ZPLOD536-20,Libellula fulva,test
ODOBP5363-16,Libellula fulva,train
ZPLOD535-20,Libellula fulva,train
AODON701-20,Libellula fulva,train
AODON072-20,Libellula fulva,train
ODOBP5353-16,Libellula fulva,train
ZPLOD543-20,Libellula fulva,train
AODON515-20,Libellula fulva,train
PLSW033-20,Libellula fulva,train
LEFIJ5931-17,Libellula fulva,train
DTNHM8415-23,Libellula quadrimaculata,test
ZPLOD549-20,Libellula quadrimaculata,test
DTNHM10238-24,Libellula quadrimaculata,test
AODON433-20,Libellula quadrimaculata,test
AODON555-20,Libellula quadrimaculata,test
ZPLOD544-20,Libellula quadrimaculata,test
LEFIJ15543-21,Libellula quadrimaculata,test
AODON001-20,Libellula quadrimaculata,test
DTNHM9343-23,Libellula quadrimaculata,test
AODON363-20,Libellula quadrimaculata,train
AODON048-20,Libellula quadrimaculata,train
GBODO031-18,Libellula quadrimaculata,train
ODOBP5331-16,Libellula quadrimaculata,train
TRDOD057-14,Libellula quadrimaculata,train
GODO043-19,Libellula quadrimaculata,train
PLSW031-20,Libellula quadrimaculata,train
ODOPL098-19,Libellula quadrimaculata,train
PLSW032-20,Libellula quadrimaculata,train
TRDOD028-14,Libellula quadrimaculata,train
AODON482-20,Libellula quadrimaculata,train
TRDOD003-14,Libellula quadrimaculata,train
AODON060-20,Libellula quadrimaculata,train
ODOPL097-19,Libellula quadrimaculata,train
AODON248-20,Libellula quadrimaculata,train
TRDOD051-14,Libellula quadrimaculata,train
ODOPL122-19,Libellula quadrimaculata,train
ODOPL096-19,Libellula quadrimaculata,train
AODON613-20,Libellula quadrimaculata,train
ZPLOD829-20,Libellula quadrimaculata,train
FBAQU503-10,Libellula quadrimaculata,train
AODON718-20,Nehalennia speciosa,test
FBAQU1428-13,Nehalennia speciosa,test
AODON697-20,Nehalennia speciosa,test
FBAQU541-10,Nehalennia speciosa,train
AODON696-20,Nehalennia speciosa,train
AODON905-22,Nehalennia speciosa,train
AODON708-20,Nehalennia speciosa,train
ZPLOD560-20,Nehalennia speciosa,train
BGEPL3307-25,Nehalennia speciosa,train
AODON370-20,Orthetrum albistylum,test
EDF010-18,Orthetrum albistylum,test
HUAQM020-20,Orthetrum albistylum,train
AODON042-20,Orthetrum albistylum,train
AODON041-20,Orthetrum albistylum,train
FBAQU319-09,Orthetrum brunneum,test
ZPLOD609-20,Orthetrum brunneum,test
AODON893-22,Orthetrum brunneum,test
AODON521-20,Orthetrum brunneum,test
AODON169-20,Orthetrum brunneum,train
SBAM011-22,Orthetrum brunneum,train
HUAQM025-20,Orthetrum brunneum,train
GBODO060-18,Orthetrum brunneum,train
AODON454-20,Orthetrum brunneum,train
AODON100-20,Orthetrum brunneum,train
ZPLOD610-20,Orthetrum brunneum,train
ZPLOD600-20,Orthetrum brunneum,train
HUAQM026-20,Orthetrum brunneum,train
AODON217-20,Orthetrum brunneum,train
AODON895-22,Orthetrum cancellatum,test
AODON065-20,Orthetrum cancellatum,test
GBAAY74681-24,Orthetrum cancellatum,test
ODOPL128-19,Orthetrum cancellatum,test
ODOPL052-19,Orthetrum cancellatum,test
ZPLOD618-20,Orthetrum cancellatum,test
AODON102-20,Orthetrum cancellatum,test
GBAAY74666-24,Orthetrum cancellatum,test
ODOBP2891-16,Orthetrum cancellatum,test
GBAAX10185-24,Orthetrum cancellatum,test
GBAAY74684-24,Orthetrum cancellatum,test
GBAAY74664-24,Orthetrum cancellatum,test
TRSKA2115-20,Orthetrum cancellatum,train
ZPLOD623-20,Orthetrum cancellatum,train
AODON066-20,Orthetrum cancellatum,train
ZPLOD832-20,Orthetrum cancellatum,train
GODO038-18,Orthetrum cancellatum,train
AODON354-20,Orthetrum cancellatum,train
GBAAY74668-24,Orthetrum cancellatum,train
ZPLOD620-20,Orthetrum cancellatum,train
AODON614-20,Orthetrum cancellatum,train
AODON929-22,Orthetrum cancellatum,train
FBAQU505-10,Orthetrum cancellatum,train
DTNHM8460-23,Orthetrum cancellatum,train
ZPLOD619-20,Orthetrum cancellatum,train
AODON369-20,Orthetrum cancellatum,train
ZPLOD613-20,Orthetrum cancellatum,train
GBAAY74676-24,Orthetrum cancellatum,train
GBAAY74656-24,Orthetrum cancellatum,train
AODON636-20,Orthetrum cancellatum,train
GBAAY74652-24,Orthetrum cancellatum,train
GBAAY74655-24,Orthetrum cancellatum,train
GBAAY74663-24,Orthetrum cancellatum,train
GBAAY74660-24,Orthetrum cancellatum,train
AODON635-20,Orthetrum cancellatum,train
AODON040-20,Orthetrum cancellatum,train
ODOPL127-19,Orthetrum cancellatum,train
GBAAX10184-24,Orthetrum cancellatum,train
ODOPL051-19,Orthetrum cancellatum,train
GBAAW78360-24,Orthetrum coerulescens,test
DTNHM2609-21,Orthetrum coerulescens,test
ZPLOD833-20,Orthetrum coerulescens,test
GBAAX3580-24,Orthetrum coerulescens,test
ODOBP2887-16,Orthetrum coerulescens,test
LEFIJ29522-22,Orthetrum coerulescens,test
GBAAY36375-24,Orthetrum coerulescens,test
AODON263-20,Orthetrum coerulescens,test
ZPLOD639-20,Orthetrum coerulescens,test
LEFIJ29523-22,Orthetrum coerulescens,test
GBAAY36391-24,Orthetrum coerulescens,test
GBAAY36361-24,Orthetrum coerulescens,train
AODON520-20,Orthetrum coerulescens,train
GBAAY36362-24,Orthetrum coerulescens,train
GBAAW78362-24,Orthetrum coerulescens,train
GBAAY36363-24,Orthetrum coerulescens,train
DTNHM10237-24,Orthetrum coerulescens,train
AODON512-20,Orthetrum coerulescens,train
PLSW049-20,Orthetrum coerulescens,train
AODON887-22,Orthetrum coerulescens,train
GBAAY36359-24,Orthetrum coerulescens,train
GBAAX3579-24,Orthetrum coerulescens,train
DTNHM5971-23,Orthetrum coerulescens,train
GBAAW78361-24,Orthetrum coerulescens,train
GBAAY36381-24,Orthetrum coerulescens,train
AODON099-20,Orthetrum coerulescens,train
ZPLOD651-20,Orthetrum coerulescens,train
GBAAY36383-24,Orthetrum coerulescens,train
ZMBN329-16,Orthetrum coerulescens,train
AODON071-20,Orthetrum coerulescens,train
GBAAY36369-24,Orthetrum coerulescens,train
AODON261-20,Orthetrum coerulescens,train
GBAAX3578-24,Orthetrum coerulescens,train
GBAAY36382-24,Orthetrum coerulescens,train
ZPLOD626-20,Orthetrum coerulescens,train
FBAQU506-10,Orthetrum coerulescens,train
GBMIN88627-17,Pyrrhosoma elisabethae,test
GBMIN88626-17,Pyrrhosoma elisabethae,train
GBMHO1829-19,Pyrrhosoma elisabethae,train
AODON170-20,Pyrrhosoma nymphula,test
AODON401-20,Pyrrhosoma nymphula,test
GBAAW56259-24,Pyrrhosoma nymphula,test
AODON013-20,Pyrrhosoma nymphula,test
GBMIN88634-17,Pyrrhosoma nymphula,test
FBAQU510-10,Pyrrhosoma nymphula,test
ODTRI002-14,Pyrrhosoma nymphula,test
GBODO152-18,Pyrrhosoma nymphula,test
GBAAW56262-24,Pyrrhosoma nymphula,test
ODTRI003-14,Pyrrhosoma nymphula,test
FBAQU321-09,Pyrrhosoma nymphula,train
GBAAW56261-24,Pyrrhosoma nymphula,train
FBAQU202-09,Pyrrhosoma nymphula,train
AODON278-20,Pyrrhosoma nymphula,train
GBUPS204-14,Pyrrhosoma nymphula,train
GBMIN88641-17,Pyrrhosoma nymphula,train
GBUPS203-14,Pyrrhosoma nymphula,train
FBAQU509-10,Pyrrhosoma nymphula,train
ZPLOD696-20,Pyrrhosoma nymphula,train
GBMIN88642-17,Pyrrhosoma nymphula,train
AODON414-20,Pyrrhosoma nymphula,train
LEFIJ29497-22,Pyrrhosoma nymphula,train
HMYZ137-21,Pyrrhosoma nymphula,train
AODON413-20,Pyrrhosoma nymphula,train
AODON003-20,Pyrrhosoma nymphula,train
GBMIN88636-17,Pyrrhosoma nymphula,train
ROMAC863-22,Pyrrhosoma nymphula,train
ARISE3190-26,Pyrrhosoma nymphula,train
AODON419-20,Pyrrhosoma nymphula,train
AODON348-20,Pyrrhosoma nymphula,train
AODON342-20,Pyrrhosoma nymphula,train
AODON949-22,Pyrrhosoma nymphula,train
GBMIN88635-17,Pyrrhosoma nymphula,train
ZPLOD703-20,Selysiothemis nigra,test
ZPLOD701-20,Selysiothemis nigra,train
ZPLOD700-20,Selysiothemis nigra,train
AODON260-20,Sympetrum danae,test
AODON302-20,Sympetrum danae,test
AODON748-20,Sympetrum danae,test
FBAQU516-10,Sympetrum danae,train
AODON596-20,Sympetrum danae,train
AODON523-20,Sympetrum danae,train
AODON525-20,Sympetrum danae,train
AODON301-20,Sympetrum danae,train
PLSW003-20,Sympetrum danae,train
AODON298-20,Sympetrum danae,train
EDF020-20,Sympetrum depressiusculum,test
AODON724-20,Sympetrum depressiusculum,train
AODON877-22,Sympetrum depressiusculum,train
AODON723-20,Sympetrum depressiusculum,train
BGEPL1787-25,Sympetrum flaveolum,test
LEFIJ29530-22,Sympetrum flaveolum,train
ZPLOD838-20,Sympetrum flaveolum,train
ZPLOD758-20,Sympetrum flaveolum,train
AODON201-20,Sympetrum fonscolombii,test
FBAQU517-10,Sympetrum fonscolombii,test
PLSW086-20,Sympetrum fonscolombii,test
FBAQU552-10,Sympetrum fonscolombii,train
AODON380-20,Sympetrum fonscolombii,train
PLSW088-20,Sympetrum fonscolombii,train
AODON689-20,Sympetrum fonscolombii,train
AODON356-20,Sympetrum fonscolombii,train
AODON688-20,Sympetrum fonscolombii,train
PLSW087-20,Sympetrum fonscolombii,train
ODOBP3557-16,Sympetrum fonscolombii,train
ZPLOD839-20,Sympetrum meridionale,test
GBEPT950-14,Sympetrum meridionale,test
AODON377-20,Sympetrum meridionale,test
AODON777-20,Sympetrum meridionale,test
ODOBP5470-16,Sympetrum meridionale,train
ZPLOD772-20,Sympetrum meridionale,train
ODOBP3565-16,Sympetrum meridionale,train
AODON372-20,Sympetrum meridionale,train
TRSKA2068-20,Sympetrum meridionale,train
TRSKA2057-20,Sympetrum meridionale,train
AODON374-20,Sympetrum meridionale,train
TRSKA2113-20,Sympetrum meridionale,train
TRSKA2790-20,Sympetrum meridionale,train
AODON300-20,Sympetrum pedemontanum,test
ZPLOD781-20,Sympetrum pedemontanum,test
AODON116-20,Sympetrum pedemontanum,train
AODON141-20,Sympetrum pedemontanum,train
AODON876-22,Sympetrum pedemontanum,train
AODON878-22,Sympetrum pedemontanum,train
PLSW068-20,Sympetrum sanguineum,test
AODON327-20,Sympetrum sanguineum,test
AODON539-20,Sympetrum sanguineum,test
AODON538-20,Sympetrum sanguineum,test
AODON884-22,Sympetrum sanguineum,test
AODON875-22,Sympetrum sanguineum,test
ODOBP2890-16,Sympetrum sanguineum,test
ODOBP2889-16,Sympetrum sanguineum,train
PLSW067-20,Sympetrum sanguineum,train
HMYZ206-23,Sympetrum sanguineum,train
AODON547-20,Sympetrum sanguineum,train
ZPLOD790-20,Sympetrum sanguineum,train
FBAQU554-10,Sympetrum sanguineum,train
ZPLOD783-20,Sympetrum sanguineum,train
AODON241-20,Sympetrum sanguineum,train
AODON091-20,Sympetrum sanguineum,train
AODON112-20,Sympetrum sanguineum,train
AODON889-22,Sympetrum sanguineum,train
AODON882-22,Sympetrum sanguineum,train
FBAQU518-10,Sympetrum sanguineum,train
ZPLOD840-20,Sympetrum sanguineum,train
AODON353-20,Sympetrum sanguineum,train
AODON161-20,Sympetrum sanguineum,train
AODON629-20,Sympetrum striolatum,test
AODON321-20,Sympetrum striolatum,test
TRSKA2788-20,Sympetrum striolatum,test
FBAQU325-09,Sympetrum striolatum,test
ODOBP9074-23,Sympetrum striolatum,test
AODON129-20,Sympetrum striolatum,test
AODON139-20,Sympetrum striolatum,train
TRSKA2739-20,Sympetrum striolatum,train
AODON637-20,Sympetrum striolatum,train
FBAQU519-10,Sympetrum striolatum,train
ZPLOD800-20,Sympetrum striolatum,train
DTNHM5528-23,Sympetrum striolatum,train
ODOBP9073-23,Sympetrum striolatum,train
ZMBN328-16,Sympetrum striolatum,train
TRDOD086-14,Sympetrum striolatum,train
AODON881-22,Sympetrum striolatum,train
AODON329-20,Sympetrum striolatum,train
GBAAW72239-24,Sympetrum striolatum,train
ANBIO101-19,Sympetrum striolatum,train
GBAAW72240-24,Sympetrum striolatum,train
AODON376-20,Sympetrum striolatum,train
GBMHO3219-19,Sympetrum vulgatum,test
AODON631-20,Sympetrum vulgatum,test
GBMHO3216-19,Sympetrum vulgatum,test
PLSW082-20,Sympetrum vulgatum,test
AODON763-20,Sympetrum vulgatum,test
AODON111-20,Sympetrum vulgatum,test
GBMHO3215-19,Sympetrum vulgatum,test
GBMHO3213-19,Sympetrum vulgatum,train
GBMHO3212-19,Sympetrum vulgatum,train
GBODO113-18,Sympetrum vulgatum,train
AODON879-22,Sympetrum vulgatum,train
GBMHO3217-19,Sympetrum vulgatum,train
GBMHO3209-19,Sympetrum vulgatum,train
LEFIJ5933-17,Sympetrum vulgatum,train
AODON713-20,Sympetrum vulgatum,train
GBMHO3214-19,Sympetrum vulgatum,train
GBMHO3210-19,Sympetrum vulgatum,train
AODON355-20,Sympetrum vulgatum,train
AODON379-20,Sympetrum vulgatum,train
LEFIJ29532-22,Sympetrum vulgatum,train
AODON118-20,Sympetrum vulgatum,train
AODON273-20,Sympetrum vulgatum,train
LEFIJ29531-22,Sympetrum vulgatum,train
AODON272-20,Sympetrum vulgatum,train
ZPLOD811-20,Trithemis annulata,test
ZPLOD805-20,Trithemis annulata,train
ZPLOD804-20,Trithemis annulata,train
